ISO-10303-21;
HEADER;
/* Generated by software containing ST-Developer
 * from STEP Tools, Inc. (www.steptools.com) 
 */

FILE_DESCRIPTION(
/* description */ ('Designed by EasyEDA Pro'),
/* implementation_level */ '2;1');

FILE_NAME(
/* name */ '',
/* time_stamp */ '2025-11-07T17:55:06+08:00',
/* author */ (''),
/* organization */ (''),
/* preprocessor_version */ 'ST-DEVELOPER v20.1',
/* originating_system */ 'Autodesk Translation Framework v14.17.0.0',
/* authorisation */ '');

FILE_SCHEMA (('AUTOMOTIVE_DESIGN { 1 0 10303 214 3 1 1 }'));
ENDSEC;

DATA;
#10=MECHANICAL_DESIGN_GEOMETRIC_PRESENTATION_REPRESENTATION('',(#17),#3067);
#11=ITEM_DEFINED_TRANSFORMATION($,$,#1579,#1701);
#12=(
REPRESENTATION_RELATIONSHIP($,$,#3078,#3077)
REPRESENTATION_RELATIONSHIP_WITH_TRANSFORMATION(#11)
SHAPE_REPRESENTATION_RELATIONSHIP()
);
#13=CONTEXT_DEPENDENT_SHAPE_REPRESENTATION(#12,#3076);
#14=NEXT_ASSEMBLY_USAGE_OCCURRENCE('\X2\65367EB358F3\X0\:1',
'\X2\65367EB358F3\X0\:1','\X2\65367EB358F3\X0\:1',#3080,#3081,
'\X2\65367EB358F3\X0\:1');
#15=SHAPE_REPRESENTATION_RELATIONSHIP('SRR','None',#3078,#16);
#16=ADVANCED_BREP_SHAPE_REPRESENTATION('',(#18),#3066);
#17=STYLED_ITEM('',(#3091),#18);
#18=MANIFOLD_SOLID_BREP('\X2\5B9E4F53\X0\1',#1565);
#19=ELLIPSE('',#1653,0.848528137423857,0.6);
#20=ELLIPSE('',#1655,0.848528137423857,0.6);
#21=ELLIPSE('',#1668,0.848528137423857,0.6);
#22=ELLIPSE('',#1670,0.848528137423857,0.6);
#23=FACE_BOUND('',#266,.T.);
#24=FACE_BOUND('',#300,.T.);
#25=FACE_BOUND('',#319,.T.);
#26=CYLINDRICAL_SURFACE('',#1590,2.);
#27=CYLINDRICAL_SURFACE('',#1597,3.);
#28=CYLINDRICAL_SURFACE('',#1604,2.);
#29=CYLINDRICAL_SURFACE('',#1615,3.00000000000002);
#30=CYLINDRICAL_SURFACE('',#1617,4.);
#31=CYLINDRICAL_SURFACE('',#1618,4.);
#32=CYLINDRICAL_SURFACE('',#1621,6.);
#33=CYLINDRICAL_SURFACE('',#1624,6.);
#34=CYLINDRICAL_SURFACE('',#1628,1.5);
#35=CYLINDRICAL_SURFACE('',#1630,1.50000000000002);
#36=CYLINDRICAL_SURFACE('',#1634,3.00000000000001);
#37=CYLINDRICAL_SURFACE('',#1636,5.);
#38=CYLINDRICAL_SURFACE('',#1638,5.);
#39=CYLINDRICAL_SURFACE('',#1645,5.);
#40=CYLINDRICAL_SURFACE('',#1648,5.);
#41=CYLINDRICAL_SURFACE('',#1650,0.6);
#42=CYLINDRICAL_SURFACE('',#1651,0.6);
#43=CYLINDRICAL_SURFACE('',#1654,0.6);
#44=CYLINDRICAL_SURFACE('',#1657,0.6);
#45=CYLINDRICAL_SURFACE('',#1665,0.600000000000002);
#46=CYLINDRICAL_SURFACE('',#1666,0.6);
#47=CYLINDRICAL_SURFACE('',#1669,0.6);
#48=CYLINDRICAL_SURFACE('',#1672,0.6);
#49=CYLINDRICAL_SURFACE('',#1697,1.50000000000001);
#50=CYLINDRICAL_SURFACE('',#1698,1.5);
#51=CYLINDRICAL_SURFACE('',#1700,3.);
#52=(
BOUNDED_SURFACE()
B_SPLINE_SURFACE(2,2,((#2216,#2217,#2218),(#2219,#2220,#2221),(#2222,#2223,
#2224)),.UNSPECIFIED.,.F.,.F.,.F.)
B_SPLINE_SURFACE_WITH_KNOTS((3,3),(3,3),(0.,1.5707963267949),(-1.5707963267949,
-1.04719755119643),.UNSPECIFIED.)
GEOMETRIC_REPRESENTATION_ITEM()
RATIONAL_B_SPLINE_SURFACE(((1.,0.965925826289047,1.),(0.707106781186549,
0.683012701892206,0.707106781186549),(1.,0.965925826289047,1.)))
REPRESENTATION_ITEM('')
SURFACE()
);
#53=(
BOUNDED_SURFACE()
B_SPLINE_SURFACE(2,2,((#2236,#2237,#2238),(#2239,#2240,#2241),(#2242,#2243,
#2244)),.UNSPECIFIED.,.F.,.F.,.F.)
B_SPLINE_SURFACE_WITH_KNOTS((3,3),(3,3),(-2.61071388731629E-17,1.5707963267949),
(-2.09439510239328,-1.57079632679489),.UNSPECIFIED.)
GEOMETRIC_REPRESENTATION_ITEM()
RATIONAL_B_SPLINE_SURFACE(((1.,0.965925826289057,1.),(0.707106781186544,
0.683012701892208,0.707106781186544),(1.,0.965925826289057,1.)))
REPRESENTATION_ITEM('')
SURFACE()
);
#54=(
BOUNDED_SURFACE()
B_SPLINE_SURFACE(2,2,((#2497,#2498,#2499),(#2500,#2501,#2502),(#2503,#2504,
#2505)),.UNSPECIFIED.,.F.,.F.,.F.)
B_SPLINE_SURFACE_WITH_KNOTS((3,3),(3,3),(-2.59379964503819E-13,1.5707963267949),
(-1.5707963267949,-1.04719755119627),.UNSPECIFIED.)
GEOMETRIC_REPRESENTATION_ITEM()
RATIONAL_B_SPLINE_SURFACE(((1.,0.965925826289026,1.),(0.707106781186456,
0.683012701892101,0.707106781186456),(1.,0.965925826289026,1.)))
REPRESENTATION_ITEM('')
SURFACE()
);
#55=(
BOUNDED_SURFACE()
B_SPLINE_SURFACE(2,2,((#2517,#2518,#2519),(#2520,#2521,#2522),(#2523,#2524,
#2525)),.UNSPECIFIED.,.F.,.F.,.F.)
B_SPLINE_SURFACE_WITH_KNOTS((3,3),(3,3),(0.,1.5707963267949),(-2.09439510239311,
-1.5707963267949),.UNSPECIFIED.)
GEOMETRIC_REPRESENTATION_ITEM()
RATIONAL_B_SPLINE_SURFACE(((1.,0.96592582628908,1.),(0.707106781186548,
0.683012701892227,0.707106781186548),(1.,0.96592582628908,1.)))
REPRESENTATION_ITEM('')
SURFACE()
);
#56=B_SPLINE_CURVE_WITH_KNOTS('',3,(#2169,#2170,#2171,#2172,#2173,#2174,
#2175,#2176),.UNSPECIFIED.,.F.,.F.,(4,1,1,2,4),(-0.16741708884547,-0.100450253307282,
-0.0669668355381881,0.,0.000719617398333561),.UNSPECIFIED.);
#57=B_SPLINE_CURVE_WITH_KNOTS('',3,(#2177,#2178,#2179,#2180,#2181,#2182,
#2183,#2184),.UNSPECIFIED.,.F.,.F.,(4,2,1,1,4),(-0.000719617398333561,0.,
0.0669668355381881,0.100450253307282,0.16741708884547),.UNSPECIFIED.);
#58=B_SPLINE_CURVE_WITH_KNOTS('',3,(#2208,#2209,#2210,#2211),
 .UNSPECIFIED.,.F.,.F.,(4,4),(-0.0666289084747919,-3.92660452881849E-12),
 .UNSPECIFIED.);
#59=B_SPLINE_CURVE_WITH_KNOTS('',3,(#2212,#2213,#2214,#2215),
 .UNSPECIFIED.,.F.,.F.,(4,4),(3.92660452881849E-12,0.0666289084747919),
 .UNSPECIFIED.);
#60=B_SPLINE_CURVE_WITH_KNOTS('',3,(#2273,#2274,#2275,#2276),
 .UNSPECIFIED.,.F.,.F.,(4,4),(-0.0666288002035259,0.),.UNSPECIFIED.);
#61=B_SPLINE_CURVE_WITH_KNOTS('',3,(#2277,#2278,#2279,#2280),
 .UNSPECIFIED.,.F.,.F.,(4,4),(0.,0.0666288002035259),.UNSPECIFIED.);
#62=B_SPLINE_CURVE_WITH_KNOTS('',3,(#2322,#2323,#2324,#2325,#2326,#2327,
#2328,#2329),.UNSPECIFIED.,.F.,.F.,(4,1,1,2,4),(1.47357296015082E-13,0.0669668390416724,
0.100450258562435,0.16741709760396,0.168136705286436),.UNSPECIFIED.);
#63=B_SPLINE_CURVE_WITH_KNOTS('',3,(#2330,#2331,#2332,#2333,#2334,#2335,
#2336,#2337),.UNSPECIFIED.,.F.,.F.,(4,2,1,1,4),(-0.168136705286436,-0.16741709760396,
-0.100450258562435,-0.0669668390416724,-1.47357296015082E-13),
 .UNSPECIFIED.);
#64=B_SPLINE_CURVE_WITH_KNOTS('',3,(#2359,#2360,#2361,#2362,#2363,#2364),
 .UNSPECIFIED.,.F.,.F.,(4,2,4),(2.7570147569922,2.97647369235739,3.17707833644375),
 .UNSPECIFIED.);
#65=B_SPLINE_CURVE_WITH_KNOTS('',3,(#2394,#2395,#2396,#2397,#2398,#2399),
 .UNSPECIFIED.,.F.,.F.,(4,2,4),(2.33695117754064,2.537555821627,2.75701475699219),
 .UNSPECIFIED.);
#66=B_SPLINE_CURVE_WITH_KNOTS('',3,(#2450,#2451,#2452,#2453,#2454,#2455,
#2456,#2457),.UNSPECIFIED.,.F.,.F.,(4,1,1,2,4),(-0.167409958268801,-0.100445974961281,
-0.0669639833075205,0.,0.000727499253222304),.UNSPECIFIED.);
#67=B_SPLINE_CURVE_WITH_KNOTS('',3,(#2458,#2459,#2460,#2461,#2462,#2463,
#2464,#2465),.UNSPECIFIED.,.F.,.F.,(4,2,1,1,4),(-0.000727499253222304,0.,
0.0669639833075205,0.100445974961281,0.167409958268801),.UNSPECIFIED.);
#68=B_SPLINE_CURVE_WITH_KNOTS('',3,(#2489,#2490,#2491,#2492),
 .UNSPECIFIED.,.F.,.F.,(4,4),(-0.0666289084756689,-5.0612661993172E-12),
 .UNSPECIFIED.);
#69=B_SPLINE_CURVE_WITH_KNOTS('',3,(#2493,#2494,#2495,#2496),
 .UNSPECIFIED.,.F.,.F.,(4,4),(5.0612661993172E-12,0.0666289084756689),
 .UNSPECIFIED.);
#70=B_SPLINE_CURVE_WITH_KNOTS('',3,(#2554,#2555,#2556,#2557),
 .UNSPECIFIED.,.F.,.F.,(4,4),(-0.0666288002039999,-4.74342787270722E-16),
 .UNSPECIFIED.);
#71=B_SPLINE_CURVE_WITH_KNOTS('',3,(#2558,#2559,#2560,#2561),
 .UNSPECIFIED.,.F.,.F.,(4,4),(4.74342787270722E-16,0.0666288002039999),
 .UNSPECIFIED.);
#72=B_SPLINE_CURVE_WITH_KNOTS('',3,(#2603,#2604,#2605,#2606,#2607,#2608,
#2609,#2610),.UNSPECIFIED.,.F.,.F.,(4,1,1,2,4),(0.,0.0669639833000109,0.100445974950016,
0.167409958250027,0.16813745750462),.UNSPECIFIED.);
#73=B_SPLINE_CURVE_WITH_KNOTS('',3,(#2611,#2612,#2613,#2614,#2615,#2616,
#2617,#2618),.UNSPECIFIED.,.F.,.F.,(4,2,1,1,4),(-0.16813745750462,-0.167409958250027,
-0.100445974950016,-0.0669639833000109,0.),.UNSPECIFIED.);
#74=B_SPLINE_CURVE_WITH_KNOTS('',3,(#2640,#2641,#2642,#2643,#2644,#2645),
 .UNSPECIFIED.,.F.,.F.,(4,2,4),(0.919004918997397,1.13846385436259,1.33906849844895),
 .UNSPECIFIED.);
#75=B_SPLINE_CURVE_WITH_KNOTS('',3,(#2691,#2692,#2693,#2694,#2695,#2696),
 .UNSPECIFIED.,.F.,.F.,(4,2,4),(0.498941339545847,0.699545983632208,0.919004918997399),
 .UNSPECIFIED.);
#76=B_SPLINE_CURVE_WITH_KNOTS('',3,(#2725,#2726,#2727,#2728,#2729,#2730),
 .UNSPECIFIED.,.F.,.F.,(4,2,4),(0.964236165887853,1.18869412355702,1.41315208122619),
 .UNSPECIFIED.);
#77=B_SPLINE_CURVE_WITH_KNOTS('',3,(#2738,#2739,#2740,#2741,#2742,#2743),
 .UNSPECIFIED.,.F.,.F.,(4,2,4),(0.,0.224457957669167,0.448915915338334),
 .UNSPECIFIED.);
#78=B_SPLINE_CURVE_WITH_KNOTS('',3,(#2748,#2749,#2750,#2751,#2752,#2753),
 .UNSPECIFIED.,.F.,.F.,(4,2,4),(0.,0.224457957669168,0.448915915338337),
 .UNSPECIFIED.);
#79=B_SPLINE_CURVE_WITH_KNOTS('',3,(#2757,#2758,#2759,#2760,#2761,#2762,
#2763,#2764,#2765,#2766),.UNSPECIFIED.,.F.,.F.,(4,2,2,2,4),(0.976173188562931,
1.07482211552845,1.17347104249396,1.29331156186008,1.4131520812262),
 .UNSPECIFIED.);
#80=B_SPLINE_CURVE_WITH_KNOTS('',3,(#2870,#2871,#2872,#2873,#2874,#2875,
#2876,#2877,#2878,#2879,#2880,#2881,#2882,#2883),.UNSPECIFIED.,.F.,.F.,
(4,2,2,2,2,2,4),(0.,0.00926122490327869,0.0185224498065574,0.0370448996131148,
0.0657086501546133,0.08642766837993,0.0971196834784755),.UNSPECIFIED.);
#81=B_SPLINE_CURVE_WITH_KNOTS('',3,(#2887,#2888,#2889,#2890,#2891,#2892,
#2893,#2894,#2895,#2896,#2897,#2898,#2899,#2900),.UNSPECIFIED.,.F.,.F.,
(4,2,2,2,2,2,4),(-0.0971196834784754,-0.08642766837993,-0.0657086501546132,
-0.0370448996131147,-0.0185224498065574,-0.00926122490327874,0.),
 .UNSPECIFIED.);
#82=B_SPLINE_CURVE_WITH_KNOTS('',3,(#2935,#2936,#2937,#2938,#2939,#2940,
#2941,#2942,#2943,#2944,#2945,#2946,#2947,#2948),.UNSPECIFIED.,.F.,.F.,
(4,2,2,2,2,2,4),(0.,0.00926122490327873,0.0185224498065575,0.0370448996131149,
0.0657086501546142,0.0864276683799309,0.097119683478475),.UNSPECIFIED.);
#83=B_SPLINE_CURVE_WITH_KNOTS('',3,(#2952,#2953,#2954,#2955,#2956,#2957,
#2958,#2959,#2960,#2961,#2962,#2963,#2964,#2965),.UNSPECIFIED.,.F.,.F.,
(4,2,2,2,2,2,4),(-0.0971196834784753,-0.086427668379931,-0.0657086501546142,
-0.037044899613115,-0.0185224498065575,-0.00926122490327874,0.),
 .UNSPECIFIED.);
#84=CIRCLE('',#1585,2.);
#85=CIRCLE('',#1586,2.);
#86=CIRCLE('',#1587,2.);
#87=CIRCLE('',#1588,4.);
#88=CIRCLE('',#1589,2.);
#89=CIRCLE('',#1591,2.);
#90=CIRCLE('',#1592,2.00000000000053);
#91=CIRCLE('',#1593,4.);
#92=CIRCLE('',#1594,2.);
#93=CIRCLE('',#1595,2.);
#94=CIRCLE('',#1598,3.);
#95=CIRCLE('',#1599,2.);
#96=CIRCLE('',#1600,2.);
#97=CIRCLE('',#1601,2.00000000000001);
#98=CIRCLE('',#1602,4.);
#99=CIRCLE('',#1603,2.);
#100=CIRCLE('',#1605,2.);
#101=CIRCLE('',#1606,1.99999999999947);
#102=CIRCLE('',#1607,4.);
#103=CIRCLE('',#1608,2.);
#104=CIRCLE('',#1609,2.);
#105=CIRCLE('',#1611,5.);
#106=CIRCLE('',#1612,5.);
#107=CIRCLE('',#1613,5.);
#108=CIRCLE('',#1614,5.);
#109=CIRCLE('',#1616,3.00000000000002);
#110=CIRCLE('',#1622,6.);
#111=CIRCLE('',#1623,6.);
#112=CIRCLE('',#1625,6.);
#113=CIRCLE('',#1626,6.);
#114=CIRCLE('',#1629,1.5);
#115=CIRCLE('',#1631,1.50000000000002);
#116=CIRCLE('',#1635,3.00000000000001);
#117=CIRCLE('',#1637,5.);
#118=CIRCLE('',#1639,5.);
#119=CIRCLE('',#1641,1.5);
#120=CIRCLE('',#1642,3.);
#121=CIRCLE('',#1646,5.);
#122=CIRCLE('',#1649,5.);
#123=CIRCLE('',#1652,0.6);
#124=CIRCLE('',#1656,0.6);
#125=CIRCLE('',#1664,1.50000000000001);
#126=CIRCLE('',#1667,0.6);
#127=CIRCLE('',#1671,0.6);
#128=B_SPLINE_SURFACE_WITH_KNOTS('',3,3,((#2125,#2126,#2127,#2128,#2129,
#2130,#2131,#2132),(#2133,#2134,#2135,#2136,#2137,#2138,#2139,#2140),(#2141,
#2142,#2143,#2144,#2145,#2146,#2147,#2148),(#2149,#2150,#2151,#2152,#2153,
#2154,#2155,#2156),(#2157,#2158,#2159,#2160,#2161,#2162,#2163,#2164)),
 .UNSPECIFIED.,.F.,.F.,.F.,(4,1,4),(4,2,1,1,4),(0.,0.5,1.),(-0.000719617398333561,
0.,0.0669668355381881,0.100450253307282,0.16741708884547),.UNSPECIFIED.);
#129=B_SPLINE_SURFACE_WITH_KNOTS('',3,3,((#2185,#2186,#2187,#2188),(#2189,
#2190,#2191,#2192),(#2193,#2194,#2195,#2196),(#2197,#2198,#2199,#2200),
(#2201,#2202,#2203,#2204)),.UNSPECIFIED.,.F.,.F.,.F.,(4,1,4),(4,4),(0.,
0.571428571428571,1.),(3.92660452881849E-12,0.0666289084747919),
 .UNSPECIFIED.);
#130=B_SPLINE_SURFACE_WITH_KNOTS('',3,3,((#2250,#2251,#2252,#2253),(#2254,
#2255,#2256,#2257),(#2258,#2259,#2260,#2261),(#2262,#2263,#2264,#2265),
(#2266,#2267,#2268,#2269)),.UNSPECIFIED.,.F.,.F.,.F.,(4,1,4),(4,4),(0.,
0.571428571428571,1.),(0.,0.0666288002035259),.UNSPECIFIED.);
#131=B_SPLINE_SURFACE_WITH_KNOTS('',3,3,((#2281,#2282,#2283,#2284,#2285,
#2286,#2287,#2288),(#2289,#2290,#2291,#2292,#2293,#2294,#2295,#2296),(#2297,
#2298,#2299,#2300,#2301,#2302,#2303,#2304),(#2305,#2306,#2307,#2308,#2309,
#2310,#2311,#2312),(#2313,#2314,#2315,#2316,#2317,#2318,#2319,#2320)),
 .UNSPECIFIED.,.F.,.F.,.F.,(4,1,4),(4,1,1,2,4),(0.,0.571428571428571,1.),
(1.47357296015082E-13,0.0669668390416724,0.100450258562435,0.16741709760396,
0.168136705286436),.UNSPECIFIED.);
#132=B_SPLINE_SURFACE_WITH_KNOTS('',3,1,((#2338,#2339),(#2340,#2341),(#2342,
#2343),(#2344,#2345),(#2346,#2347),(#2348,#2349),(#2350,#2351),(#2352,#2353),
(#2354,#2355)),.UNSPECIFIED.,.F.,.F.,.F.,(4,3,2,4),(2,2),(2.77402841363808,
2.7892518549469,2.97647369235739,3.17707833644375),(0.,4.8),
 .UNSPECIFIED.);
#133=B_SPLINE_SURFACE_WITH_KNOTS('',3,1,((#2374,#2375),(#2376,#2377),(#2378,
#2379),(#2380,#2381),(#2382,#2383),(#2384,#2385),(#2386,#2387),(#2388,#2389),
(#2390,#2391)),.UNSPECIFIED.,.F.,.F.,.F.,(4,2,3,4),(2,2),(2.33695117754064,
2.537555821627,2.72477765903749,2.74000110034765),(0.,4.8),
 .UNSPECIFIED.);
#134=B_SPLINE_SURFACE_WITH_KNOTS('',3,3,((#2406,#2407,#2408,#2409,#2410,
#2411,#2412,#2413),(#2414,#2415,#2416,#2417,#2418,#2419,#2420,#2421),(#2422,
#2423,#2424,#2425,#2426,#2427,#2428,#2429),(#2430,#2431,#2432,#2433,#2434,
#2435,#2436,#2437),(#2438,#2439,#2440,#2441,#2442,#2443,#2444,#2445)),
 .UNSPECIFIED.,.F.,.F.,.F.,(4,1,4),(4,2,1,1,4),(0.,0.5,1.),(-0.000727499253222304,
0.,0.0669639833075205,0.100445974961281,0.167409958268801),
 .UNSPECIFIED.);
#135=B_SPLINE_SURFACE_WITH_KNOTS('',3,3,((#2466,#2467,#2468,#2469),(#2470,
#2471,#2472,#2473),(#2474,#2475,#2476,#2477),(#2478,#2479,#2480,#2481),
(#2482,#2483,#2484,#2485)),.UNSPECIFIED.,.F.,.F.,.F.,(4,1,4),(4,4),(0.,
0.571428571428571,1.),(5.0612661993172E-12,0.0666289084756689),
 .UNSPECIFIED.);
#136=B_SPLINE_SURFACE_WITH_KNOTS('',3,3,((#2531,#2532,#2533,#2534),(#2535,
#2536,#2537,#2538),(#2539,#2540,#2541,#2542),(#2543,#2544,#2545,#2546),
(#2547,#2548,#2549,#2550)),.UNSPECIFIED.,.F.,.F.,.F.,(4,1,4),(4,4),(0.,
0.571428571428571,1.),(4.74342787270722E-16,0.0666288002039999),
 .UNSPECIFIED.);
#137=B_SPLINE_SURFACE_WITH_KNOTS('',3,3,((#2562,#2563,#2564,#2565,#2566,
#2567,#2568,#2569),(#2570,#2571,#2572,#2573,#2574,#2575,#2576,#2577),(#2578,
#2579,#2580,#2581,#2582,#2583,#2584,#2585),(#2586,#2587,#2588,#2589,#2590,
#2591,#2592,#2593),(#2594,#2595,#2596,#2597,#2598,#2599,#2600,#2601)),
 .UNSPECIFIED.,.F.,.F.,.F.,(4,1,4),(4,1,1,2,4),(0.,0.571428571428571,1.),
(0.,0.0669639833000109,0.100445974950016,0.167409958250027,0.16813745750462),
 .UNSPECIFIED.);
#138=B_SPLINE_SURFACE_WITH_KNOTS('',3,1,((#2619,#2620),(#2621,#2622),(#2623,
#2624),(#2625,#2626),(#2627,#2628),(#2629,#2630),(#2631,#2632),(#2633,#2634),
(#2635,#2636)),.UNSPECIFIED.,.F.,.F.,.F.,(4,3,2,4),(2,2),(0.936018575642346,
0.951242016952109,1.13846385436259,1.33906849844895),(0.,4.8),
 .UNSPECIFIED.);
#139=B_SPLINE_SURFACE_WITH_KNOTS('',3,1,((#2671,#2672),(#2673,#2674),(#2675,
#2676),(#2677,#2678),(#2679,#2680),(#2681,#2682),(#2683,#2684),(#2685,#2686),
(#2687,#2688)),.UNSPECIFIED.,.F.,.F.,.F.,(4,2,3,4),(2,2),(0.498941339545847,
0.699545983632208,0.886767821042685,0.901991262351635),(0.,4.8),
 .UNSPECIFIED.);
#140=FACE_OUTER_BOUND('',#229,.T.);
#141=FACE_OUTER_BOUND('',#230,.T.);
#142=FACE_OUTER_BOUND('',#231,.T.);
#143=FACE_OUTER_BOUND('',#232,.T.);
#144=FACE_OUTER_BOUND('',#233,.T.);
#145=FACE_OUTER_BOUND('',#234,.T.);
#146=FACE_OUTER_BOUND('',#235,.T.);
#147=FACE_OUTER_BOUND('',#236,.T.);
#148=FACE_OUTER_BOUND('',#237,.T.);
#149=FACE_OUTER_BOUND('',#238,.T.);
#150=FACE_OUTER_BOUND('',#239,.T.);
#151=FACE_OUTER_BOUND('',#240,.T.);
#152=FACE_OUTER_BOUND('',#241,.T.);
#153=FACE_OUTER_BOUND('',#242,.T.);
#154=FACE_OUTER_BOUND('',#243,.T.);
#155=FACE_OUTER_BOUND('',#244,.T.);
#156=FACE_OUTER_BOUND('',#245,.T.);
#157=FACE_OUTER_BOUND('',#246,.T.);
#158=FACE_OUTER_BOUND('',#247,.T.);
#159=FACE_OUTER_BOUND('',#248,.T.);
#160=FACE_OUTER_BOUND('',#249,.T.);
#161=FACE_OUTER_BOUND('',#250,.T.);
#162=FACE_OUTER_BOUND('',#251,.T.);
#163=FACE_OUTER_BOUND('',#252,.T.);
#164=FACE_OUTER_BOUND('',#253,.T.);
#165=FACE_OUTER_BOUND('',#254,.T.);
#166=FACE_OUTER_BOUND('',#255,.T.);
#167=FACE_OUTER_BOUND('',#256,.T.);
#168=FACE_OUTER_BOUND('',#257,.T.);
#169=FACE_OUTER_BOUND('',#258,.T.);
#170=FACE_OUTER_BOUND('',#259,.T.);
#171=FACE_OUTER_BOUND('',#260,.T.);
#172=FACE_OUTER_BOUND('',#261,.T.);
#173=FACE_OUTER_BOUND('',#262,.T.);
#174=FACE_OUTER_BOUND('',#263,.T.);
#175=FACE_OUTER_BOUND('',#264,.T.);
#176=FACE_OUTER_BOUND('',#265,.T.);
#177=FACE_OUTER_BOUND('',#267,.T.);
#178=FACE_OUTER_BOUND('',#268,.T.);
#179=FACE_OUTER_BOUND('',#269,.T.);
#180=FACE_OUTER_BOUND('',#270,.T.);
#181=FACE_OUTER_BOUND('',#271,.T.);
#182=FACE_OUTER_BOUND('',#272,.T.);
#183=FACE_OUTER_BOUND('',#273,.T.);
#184=FACE_OUTER_BOUND('',#274,.T.);
#185=FACE_OUTER_BOUND('',#275,.T.);
#186=FACE_OUTER_BOUND('',#276,.T.);
#187=FACE_OUTER_BOUND('',#277,.T.);
#188=FACE_OUTER_BOUND('',#278,.T.);
#189=FACE_OUTER_BOUND('',#279,.T.);
#190=FACE_OUTER_BOUND('',#280,.T.);
#191=FACE_OUTER_BOUND('',#281,.T.);
#192=FACE_OUTER_BOUND('',#282,.T.);
#193=FACE_OUTER_BOUND('',#283,.T.);
#194=FACE_OUTER_BOUND('',#284,.T.);
#195=FACE_OUTER_BOUND('',#285,.T.);
#196=FACE_OUTER_BOUND('',#286,.T.);
#197=FACE_OUTER_BOUND('',#287,.T.);
#198=FACE_OUTER_BOUND('',#288,.T.);
#199=FACE_OUTER_BOUND('',#289,.T.);
#200=FACE_OUTER_BOUND('',#290,.T.);
#201=FACE_OUTER_BOUND('',#291,.T.);
#202=FACE_OUTER_BOUND('',#292,.T.);
#203=FACE_OUTER_BOUND('',#293,.T.);
#204=FACE_OUTER_BOUND('',#294,.T.);
#205=FACE_OUTER_BOUND('',#295,.T.);
#206=FACE_OUTER_BOUND('',#296,.T.);
#207=FACE_OUTER_BOUND('',#297,.T.);
#208=FACE_OUTER_BOUND('',#298,.T.);
#209=FACE_OUTER_BOUND('',#299,.T.);
#210=FACE_OUTER_BOUND('',#301,.T.);
#211=FACE_OUTER_BOUND('',#302,.T.);
#212=FACE_OUTER_BOUND('',#303,.T.);
#213=FACE_OUTER_BOUND('',#304,.T.);
#214=FACE_OUTER_BOUND('',#305,.T.);
#215=FACE_OUTER_BOUND('',#306,.T.);
#216=FACE_OUTER_BOUND('',#307,.T.);
#217=FACE_OUTER_BOUND('',#308,.T.);
#218=FACE_OUTER_BOUND('',#309,.T.);
#219=FACE_OUTER_BOUND('',#310,.T.);
#220=FACE_OUTER_BOUND('',#311,.T.);
#221=FACE_OUTER_BOUND('',#312,.T.);
#222=FACE_OUTER_BOUND('',#313,.T.);
#223=FACE_OUTER_BOUND('',#314,.T.);
#224=FACE_OUTER_BOUND('',#315,.T.);
#225=FACE_OUTER_BOUND('',#316,.T.);
#226=FACE_OUTER_BOUND('',#317,.T.);
#227=FACE_OUTER_BOUND('',#318,.T.);
#228=FACE_OUTER_BOUND('',#320,.T.);
#229=EDGE_LOOP('',(#981,#982,#983,#984));
#230=EDGE_LOOP('',(#985,#986,#987,#988));
#231=EDGE_LOOP('',(#989,#990,#991,#992));
#232=EDGE_LOOP('',(#993,#994,#995,#996));
#233=EDGE_LOOP('',(#997,#998,#999,#1000));
#234=EDGE_LOOP('',(#1001,#1002,#1003));
#235=EDGE_LOOP('',(#1004,#1005,#1006,#1007));
#236=EDGE_LOOP('',(#1008,#1009,#1010,#1011));
#237=EDGE_LOOP('',(#1012,#1013,#1014,#1015));
#238=EDGE_LOOP('',(#1016,#1017,#1018,#1019));
#239=EDGE_LOOP('',(#1020,#1021,#1022,#1023));
#240=EDGE_LOOP('',(#1024,#1025,#1026));
#241=EDGE_LOOP('',(#1027,#1028,#1029,#1030));
#242=EDGE_LOOP('',(#1031,#1032,#1033,#1034,#1035,#1036,#1037,#1038));
#243=EDGE_LOOP('',(#1039,#1040,#1041,#1042));
#244=EDGE_LOOP('',(#1043,#1044,#1045,#1046,#1047,#1048,#1049));
#245=EDGE_LOOP('',(#1050,#1051,#1052));
#246=EDGE_LOOP('',(#1053,#1054,#1055,#1056));
#247=EDGE_LOOP('',(#1057,#1058,#1059,#1060));
#248=EDGE_LOOP('',(#1061,#1062,#1063,#1064));
#249=EDGE_LOOP('',(#1065,#1066,#1067,#1068));
#250=EDGE_LOOP('',(#1069,#1070,#1071,#1072));
#251=EDGE_LOOP('',(#1073,#1074,#1075));
#252=EDGE_LOOP('',(#1076,#1077,#1078,#1079));
#253=EDGE_LOOP('',(#1080,#1081,#1082,#1083,#1084,#1085,#1086,#1087,#1088,
#1089,#1090,#1091,#1092,#1093,#1094,#1095));
#254=EDGE_LOOP('',(#1096,#1097,#1098,#1099));
#255=EDGE_LOOP('',(#1100,#1101,#1102,#1103,#1104,#1105,#1106));
#256=EDGE_LOOP('',(#1107,#1108,#1109,#1110,#1111,#1112,#1113,#1114));
#257=EDGE_LOOP('',(#1115,#1116,#1117,#1118,#1119,#1120,#1121,#1122));
#258=EDGE_LOOP('',(#1123,#1124,#1125,#1126,#1127,#1128,#1129,#1130));
#259=EDGE_LOOP('',(#1131,#1132,#1133,#1134));
#260=EDGE_LOOP('',(#1135,#1136,#1137,#1138,#1139,#1140));
#261=EDGE_LOOP('',(#1141,#1142,#1143,#1144,#1145,#1146));
#262=EDGE_LOOP('',(#1147,#1148,#1149,#1150,#1151,#1152,#1153,#1154));
#263=EDGE_LOOP('',(#1155,#1156,#1157,#1158,#1159));
#264=EDGE_LOOP('',(#1160,#1161,#1162,#1163,#1164));
#265=EDGE_LOOP('',(#1165,#1166,#1167,#1168,#1169,#1170));
#266=EDGE_LOOP('',(#1171,#1172,#1173,#1174));
#267=EDGE_LOOP('',(#1175,#1176,#1177,#1178,#1179,#1180,#1181,#1182));
#268=EDGE_LOOP('',(#1183,#1184,#1185,#1186,#1187,#1188,#1189));
#269=EDGE_LOOP('',(#1190,#1191,#1192,#1193));
#270=EDGE_LOOP('',(#1194,#1195,#1196,#1197));
#271=EDGE_LOOP('',(#1198,#1199,#1200,#1201,#1202,#1203));
#272=EDGE_LOOP('',(#1204,#1205,#1206,#1207));
#273=EDGE_LOOP('',(#1208,#1209,#1210,#1211));
#274=EDGE_LOOP('',(#1212,#1213,#1214,#1215));
#275=EDGE_LOOP('',(#1216,#1217,#1218,#1219));
#276=EDGE_LOOP('',(#1220,#1221,#1222,#1223));
#277=EDGE_LOOP('',(#1224,#1225,#1226,#1227));
#278=EDGE_LOOP('',(#1228,#1229,#1230,#1231));
#279=EDGE_LOOP('',(#1232,#1233,#1234,#1235));
#280=EDGE_LOOP('',(#1236,#1237,#1238,#1239));
#281=EDGE_LOOP('',(#1240,#1241,#1242,#1243));
#282=EDGE_LOOP('',(#1244,#1245,#1246,#1247));
#283=EDGE_LOOP('',(#1248,#1249,#1250,#1251));
#284=EDGE_LOOP('',(#1252,#1253,#1254,#1255));
#285=EDGE_LOOP('',(#1256,#1257,#1258,#1259));
#286=EDGE_LOOP('',(#1260,#1261,#1262,#1263,#1264,#1265,#1266,#1267));
#287=EDGE_LOOP('',(#1268,#1269,#1270,#1271));
#288=EDGE_LOOP('',(#1272,#1273,#1274,#1275));
#289=EDGE_LOOP('',(#1276,#1277,#1278,#1279));
#290=EDGE_LOOP('',(#1280,#1281,#1282,#1283));
#291=EDGE_LOOP('',(#1284,#1285,#1286,#1287));
#292=EDGE_LOOP('',(#1288,#1289,#1290,#1291));
#293=EDGE_LOOP('',(#1292,#1293,#1294,#1295));
#294=EDGE_LOOP('',(#1296,#1297,#1298,#1299));
#295=EDGE_LOOP('',(#1300,#1301,#1302,#1303,#1304,#1305,#1306,#1307));
#296=EDGE_LOOP('',(#1308,#1309,#1310,#1311));
#297=EDGE_LOOP('',(#1312,#1313,#1314,#1315,#1316,#1317));
#298=EDGE_LOOP('',(#1318,#1319,#1320,#1321));
#299=EDGE_LOOP('',(#1322,#1323,#1324,#1325,#1326,#1327,#1328,#1329,#1330,
#1331,#1332,#1333,#1334,#1335));
#300=EDGE_LOOP('',(#1336,#1337,#1338,#1339));
#301=EDGE_LOOP('',(#1340,#1341,#1342,#1343));
#302=EDGE_LOOP('',(#1344,#1345,#1346,#1347,#1348));
#303=EDGE_LOOP('',(#1349,#1350,#1351,#1352));
#304=EDGE_LOOP('',(#1353,#1354,#1355,#1356,#1357));
#305=EDGE_LOOP('',(#1358,#1359,#1360,#1361,#1362));
#306=EDGE_LOOP('',(#1363,#1364,#1365,#1366));
#307=EDGE_LOOP('',(#1367,#1368,#1369,#1370,#1371));
#308=EDGE_LOOP('',(#1372,#1373,#1374,#1375));
#309=EDGE_LOOP('',(#1376,#1377,#1378,#1379));
#310=EDGE_LOOP('',(#1380,#1381,#1382,#1383));
#311=EDGE_LOOP('',(#1384,#1385,#1386,#1387));
#312=EDGE_LOOP('',(#1388,#1389,#1390,#1391));
#313=EDGE_LOOP('',(#1392,#1393,#1394,#1395));
#314=EDGE_LOOP('',(#1396,#1397,#1398,#1399));
#315=EDGE_LOOP('',(#1400,#1401,#1402,#1403));
#316=EDGE_LOOP('',(#1404,#1405,#1406,#1407,#1408));
#317=EDGE_LOOP('',(#1409,#1410,#1411,#1412,#1413));
#318=EDGE_LOOP('',(#1414,#1415,#1416,#1417));
#319=EDGE_LOOP('',(#1418,#1419,#1420,#1421));
#320=EDGE_LOOP('',(#1422,#1423,#1424,#1425,#1426,#1427,#1428));
#321=LINE('',#2103,#469);
#322=LINE('',#2105,#470);
#323=LINE('',#2107,#471);
#324=LINE('',#2108,#472);
#325=LINE('',#2111,#473);
#326=LINE('',#2113,#474);
#327=LINE('',#2114,#475);
#328=LINE('',#2117,#476);
#329=LINE('',#2119,#477);
#330=LINE('',#2120,#478);
#331=LINE('',#2122,#479);
#332=LINE('',#2123,#480);
#333=LINE('',#2234,#481);
#334=LINE('',#2235,#482);
#335=LINE('',#2357,#483);
#336=LINE('',#2365,#484);
#337=LINE('',#2368,#485);
#338=LINE('',#2370,#486);
#339=LINE('',#2372,#487);
#340=LINE('',#2373,#488);
#341=LINE('',#2393,#489);
#342=LINE('',#2402,#490);
#343=LINE('',#2404,#491);
#344=LINE('',#2515,#492);
#345=LINE('',#2516,#493);
#346=LINE('',#2638,#494);
#347=LINE('',#2646,#495);
#348=LINE('',#2649,#496);
#349=LINE('',#2651,#497);
#350=LINE('',#2653,#498);
#351=LINE('',#2657,#499);
#352=LINE('',#2661,#500);
#353=LINE('',#2665,#501);
#354=LINE('',#2669,#502);
#355=LINE('',#2670,#503);
#356=LINE('',#2690,#504);
#357=LINE('',#2699,#505);
#358=LINE('',#2701,#506);
#359=LINE('',#2704,#507);
#360=LINE('',#2705,#508);
#361=LINE('',#2707,#509);
#362=LINE('',#2708,#510);
#363=LINE('',#2711,#511);
#364=LINE('',#2713,#512);
#365=LINE('',#2715,#513);
#366=LINE('',#2717,#514);
#367=LINE('',#2719,#515);
#368=LINE('',#2720,#516);
#369=LINE('',#2734,#517);
#370=LINE('',#2744,#518);
#371=LINE('',#2755,#519);
#372=LINE('',#2770,#520);
#373=LINE('',#2774,#521);
#374=LINE('',#2776,#522);
#375=LINE('',#2778,#523);
#376=LINE('',#2780,#524);
#377=LINE('',#2782,#525);
#378=LINE('',#2784,#526);
#379=LINE('',#2785,#527);
#380=LINE('',#2788,#528);
#381=LINE('',#2791,#529);
#382=LINE('',#2794,#530);
#383=LINE('',#2798,#531);
#384=LINE('',#2799,#532);
#385=LINE('',#2801,#533);
#386=LINE('',#2803,#534);
#387=LINE('',#2804,#535);
#388=LINE('',#2807,#536);
#389=LINE('',#2809,#537);
#390=LINE('',#2811,#538);
#391=LINE('',#2812,#539);
#392=LINE('',#2815,#540);
#393=LINE('',#2817,#541);
#394=LINE('',#2819,#542);
#395=LINE('',#2821,#543);
#396=LINE('',#2823,#544);
#397=LINE('',#2824,#545);
#398=LINE('',#2828,#546);
#399=LINE('',#2831,#547);
#400=LINE('',#2834,#548);
#401=LINE('',#2837,#549);
#402=LINE('',#2840,#550);
#403=LINE('',#2843,#551);
#404=LINE('',#2847,#552);
#405=LINE('',#2851,#553);
#406=LINE('',#2852,#554);
#407=LINE('',#2855,#555);
#408=LINE('',#2856,#556);
#409=LINE('',#2860,#557);
#410=LINE('',#2863,#558);
#411=LINE('',#2864,#559);
#412=LINE('',#2885,#560);
#413=LINE('',#2901,#561);
#414=LINE('',#2905,#562);
#415=LINE('',#2910,#563);
#416=LINE('',#2913,#564);
#417=LINE('',#2915,#565);
#418=LINE('',#2916,#566);
#419=LINE('',#2918,#567);
#420=LINE('',#2920,#568);
#421=LINE('',#2921,#569);
#422=LINE('',#2923,#570);
#423=LINE('',#2924,#571);
#424=LINE('',#2926,#572);
#425=LINE('',#2927,#573);
#426=LINE('',#2931,#574);
#427=LINE('',#2950,#575);
#428=LINE('',#2966,#576);
#429=LINE('',#2971,#577);
#430=LINE('',#2977,#578);
#431=LINE('',#2980,#579);
#432=LINE('',#2982,#580);
#433=LINE('',#2983,#581);
#434=LINE('',#2986,#582);
#435=LINE('',#2987,#583);
#436=LINE('',#2990,#584);
#437=LINE('',#2992,#585);
#438=LINE('',#2993,#586);
#439=LINE('',#2995,#587);
#440=LINE('',#2997,#588);
#441=LINE('',#2998,#589);
#442=LINE('',#2999,#590);
#443=LINE('',#3000,#591);
#444=LINE('',#3002,#592);
#445=LINE('',#3003,#593);
#446=LINE('',#3005,#594);
#447=LINE('',#3009,#595);
#448=LINE('',#3011,#596);
#449=LINE('',#3013,#597);
#450=LINE('',#3014,#598);
#451=LINE('',#3016,#599);
#452=LINE('',#3017,#600);
#453=LINE('',#3019,#601);
#454=LINE('',#3021,#602);
#455=LINE('',#3022,#603);
#456=LINE('',#3025,#604);
#457=LINE('',#3027,#605);
#458=LINE('',#3028,#606);
#459=LINE('',#3037,#607);
#460=LINE('',#3038,#608);
#461=LINE('',#3041,#609);
#462=LINE('',#3043,#610);
#463=LINE('',#3044,#611);
#464=LINE('',#3046,#612);
#465=LINE('',#3047,#613);
#466=LINE('',#3052,#614);
#467=LINE('',#3053,#615);
#468=LINE('',#3055,#616);
#469=VECTOR('',#1708,10.);
#470=VECTOR('',#1709,10.);
#471=VECTOR('',#1710,10.);
#472=VECTOR('',#1711,10.);
#473=VECTOR('',#1714,10.);
#474=VECTOR('',#1715,10.);
#475=VECTOR('',#1716,10.);
#476=VECTOR('',#1719,10.);
#477=VECTOR('',#1720,10.);
#478=VECTOR('',#1721,10.);
#479=VECTOR('',#1724,10.);
#480=VECTOR('',#1725,10.);
#481=VECTOR('',#1742,10.);
#482=VECTOR('',#1743,10.);
#483=VECTOR('',#1752,10.);
#484=VECTOR('',#1753,10.);
#485=VECTOR('',#1756,10.);
#486=VECTOR('',#1757,10.);
#487=VECTOR('',#1758,10.);
#488=VECTOR('',#1759,10.);
#489=VECTOR('',#1760,10.);
#490=VECTOR('',#1763,10.);
#491=VECTOR('',#1764,10.);
#492=VECTOR('',#1781,10.);
#493=VECTOR('',#1782,10.);
#494=VECTOR('',#1791,10.);
#495=VECTOR('',#1792,10.);
#496=VECTOR('',#1795,10.);
#497=VECTOR('',#1796,10.);
#498=VECTOR('',#1797,10.);
#499=VECTOR('',#1800,10.);
#500=VECTOR('',#1803,10.);
#501=VECTOR('',#1806,10.);
#502=VECTOR('',#1809,10.);
#503=VECTOR('',#1810,10.);
#504=VECTOR('',#1811,10.);
#505=VECTOR('',#1814,10.);
#506=VECTOR('',#1815,10.);
#507=VECTOR('',#1820,10.);
#508=VECTOR('',#1821,10.);
#509=VECTOR('',#1824,10.);
#510=VECTOR('',#1825,10.);
#511=VECTOR('',#1828,10.);
#512=VECTOR('',#1829,10.);
#513=VECTOR('',#1830,10.);
#514=VECTOR('',#1831,10.);
#515=VECTOR('',#1832,10.);
#516=VECTOR('',#1833,10.);
#517=VECTOR('',#1840,10.);
#518=VECTOR('',#1843,10.);
#519=VECTOR('',#1846,10.);
#520=VECTOR('',#1849,10.);
#521=VECTOR('',#1854,10.);
#522=VECTOR('',#1855,10.);
#523=VECTOR('',#1856,10.);
#524=VECTOR('',#1857,10.);
#525=VECTOR('',#1858,10.);
#526=VECTOR('',#1859,10.);
#527=VECTOR('',#1860,10.);
#528=VECTOR('',#1863,10.);
#529=VECTOR('',#1866,10.);
#530=VECTOR('',#1869,10.);
#531=VECTOR('',#1872,10.);
#532=VECTOR('',#1873,10.);
#533=VECTOR('',#1876,10.);
#534=VECTOR('',#1877,10.);
#535=VECTOR('',#1878,10.);
#536=VECTOR('',#1879,10.);
#537=VECTOR('',#1880,10.);
#538=VECTOR('',#1881,10.);
#539=VECTOR('',#1882,10.);
#540=VECTOR('',#1885,10.);
#541=VECTOR('',#1886,10.);
#542=VECTOR('',#1887,10.);
#543=VECTOR('',#1888,10.);
#544=VECTOR('',#1889,10.);
#545=VECTOR('',#1890,10.);
#546=VECTOR('',#1895,10.);
#547=VECTOR('',#1898,10.);
#548=VECTOR('',#1901,10.);
#549=VECTOR('',#1904,10.);
#550=VECTOR('',#1907,10.);
#551=VECTOR('',#1910,10.);
#552=VECTOR('',#1913,10.);
#553=VECTOR('',#1918,10.);
#554=VECTOR('',#1919,10.);
#555=VECTOR('',#1922,10.);
#556=VECTOR('',#1923,10.);
#557=VECTOR('',#1928,10.);
#558=VECTOR('',#1931,10.);
#559=VECTOR('',#1932,10.);
#560=VECTOR('',#1939,0.6);
#561=VECTOR('',#1940,10.);
#562=VECTOR('',#1945,10.);
#563=VECTOR('',#1952,10.);
#564=VECTOR('',#1957,10.);
#565=VECTOR('',#1960,10.);
#566=VECTOR('',#1961,10.);
#567=VECTOR('',#1964,10.);
#568=VECTOR('',#1967,10.);
#569=VECTOR('',#1968,10.);
#570=VECTOR('',#1971,10.);
#571=VECTOR('',#1972,10.);
#572=VECTOR('',#1975,10.);
#573=VECTOR('',#1976,10.);
#574=VECTOR('',#1981,10.);
#575=VECTOR('',#1984,0.6);
#576=VECTOR('',#1985,10.);
#577=VECTOR('',#1990,10.);
#578=VECTOR('',#1997,10.);
#579=VECTOR('',#2002,10.);
#580=VECTOR('',#2005,10.);
#581=VECTOR('',#2006,10.);
#582=VECTOR('',#2009,10.);
#583=VECTOR('',#2010,10.);
#584=VECTOR('',#2013,10.);
#585=VECTOR('',#2014,10.);
#586=VECTOR('',#2015,10.);
#587=VECTOR('',#2018,10.);
#588=VECTOR('',#2021,10.);
#589=VECTOR('',#2022,10.);
#590=VECTOR('',#2023,10.);
#591=VECTOR('',#2024,10.);
#592=VECTOR('',#2027,10.);
#593=VECTOR('',#2028,10.);
#594=VECTOR('',#2031,10.);
#595=VECTOR('',#2034,10.);
#596=VECTOR('',#2035,10.);
#597=VECTOR('',#2036,10.);
#598=VECTOR('',#2037,10.);
#599=VECTOR('',#2040,10.);
#600=VECTOR('',#2041,10.);
#601=VECTOR('',#2042,10.);
#602=VECTOR('',#2043,10.);
#603=VECTOR('',#2044,10.);
#604=VECTOR('',#2047,10.);
#605=VECTOR('',#2048,10.);
#606=VECTOR('',#2049,10.);
#607=VECTOR('',#2064,10.);
#608=VECTOR('',#2065,10.);
#609=VECTOR('',#2068,10.);
#610=VECTOR('',#2069,10.);
#611=VECTOR('',#2070,10.);
#612=VECTOR('',#2073,10.);
#613=VECTOR('',#2074,10.);
#614=VECTOR('',#2081,10.);
#615=VECTOR('',#2082,10.);
#616=VECTOR('',#2085,10.);
#617=VERTEX_POINT('',#2101);
#618=VERTEX_POINT('',#2102);
#619=VERTEX_POINT('',#2104);
#620=VERTEX_POINT('',#2106);
#621=VERTEX_POINT('',#2110);
#622=VERTEX_POINT('',#2112);
#623=VERTEX_POINT('',#2116);
#624=VERTEX_POINT('',#2118);
#625=VERTEX_POINT('',#2165);
#626=VERTEX_POINT('',#2166);
#627=VERTEX_POINT('',#2168);
#628=VERTEX_POINT('',#2205);
#629=VERTEX_POINT('',#2206);
#630=VERTEX_POINT('',#2225);
#631=VERTEX_POINT('',#2226);
#632=VERTEX_POINT('',#2231);
#633=VERTEX_POINT('',#2232);
#634=VERTEX_POINT('',#2245);
#635=VERTEX_POINT('',#2246);
#636=VERTEX_POINT('',#2270);
#637=VERTEX_POINT('',#2271);
#638=VERTEX_POINT('',#2321);
#639=VERTEX_POINT('',#2356);
#640=VERTEX_POINT('',#2358);
#641=VERTEX_POINT('',#2367);
#642=VERTEX_POINT('',#2369);
#643=VERTEX_POINT('',#2371);
#644=VERTEX_POINT('',#2392);
#645=VERTEX_POINT('',#2401);
#646=VERTEX_POINT('',#2403);
#647=VERTEX_POINT('',#2446);
#648=VERTEX_POINT('',#2447);
#649=VERTEX_POINT('',#2449);
#650=VERTEX_POINT('',#2486);
#651=VERTEX_POINT('',#2487);
#652=VERTEX_POINT('',#2506);
#653=VERTEX_POINT('',#2507);
#654=VERTEX_POINT('',#2512);
#655=VERTEX_POINT('',#2513);
#656=VERTEX_POINT('',#2526);
#657=VERTEX_POINT('',#2527);
#658=VERTEX_POINT('',#2551);
#659=VERTEX_POINT('',#2552);
#660=VERTEX_POINT('',#2602);
#661=VERTEX_POINT('',#2637);
#662=VERTEX_POINT('',#2639);
#663=VERTEX_POINT('',#2648);
#664=VERTEX_POINT('',#2650);
#665=VERTEX_POINT('',#2652);
#666=VERTEX_POINT('',#2654);
#667=VERTEX_POINT('',#2656);
#668=VERTEX_POINT('',#2658);
#669=VERTEX_POINT('',#2660);
#670=VERTEX_POINT('',#2662);
#671=VERTEX_POINT('',#2664);
#672=VERTEX_POINT('',#2666);
#673=VERTEX_POINT('',#2668);
#674=VERTEX_POINT('',#2689);
#675=VERTEX_POINT('',#2698);
#676=VERTEX_POINT('',#2700);
#677=VERTEX_POINT('',#2710);
#678=VERTEX_POINT('',#2712);
#679=VERTEX_POINT('',#2714);
#680=VERTEX_POINT('',#2716);
#681=VERTEX_POINT('',#2718);
#682=VERTEX_POINT('',#2723);
#683=VERTEX_POINT('',#2724);
#684=VERTEX_POINT('',#2731);
#685=VERTEX_POINT('',#2733);
#686=VERTEX_POINT('',#2735);
#687=VERTEX_POINT('',#2737);
#688=VERTEX_POINT('',#2746);
#689=VERTEX_POINT('',#2747);
#690=VERTEX_POINT('',#2754);
#691=VERTEX_POINT('',#2756);
#692=VERTEX_POINT('',#2767);
#693=VERTEX_POINT('',#2769);
#694=VERTEX_POINT('',#2773);
#695=VERTEX_POINT('',#2775);
#696=VERTEX_POINT('',#2777);
#697=VERTEX_POINT('',#2779);
#698=VERTEX_POINT('',#2781);
#699=VERTEX_POINT('',#2783);
#700=VERTEX_POINT('',#2787);
#701=VERTEX_POINT('',#2789);
#702=VERTEX_POINT('',#2793);
#703=VERTEX_POINT('',#2795);
#704=VERTEX_POINT('',#2797);
#705=VERTEX_POINT('',#2802);
#706=VERTEX_POINT('',#2805);
#707=VERTEX_POINT('',#2806);
#708=VERTEX_POINT('',#2808);
#709=VERTEX_POINT('',#2810);
#710=VERTEX_POINT('',#2814);
#711=VERTEX_POINT('',#2816);
#712=VERTEX_POINT('',#2818);
#713=VERTEX_POINT('',#2820);
#714=VERTEX_POINT('',#2822);
#715=VERTEX_POINT('',#2826);
#716=VERTEX_POINT('',#2830);
#717=VERTEX_POINT('',#2832);
#718=VERTEX_POINT('',#2836);
#719=VERTEX_POINT('',#2838);
#720=VERTEX_POINT('',#2842);
#721=VERTEX_POINT('',#2844);
#722=VERTEX_POINT('',#2846);
#723=VERTEX_POINT('',#2850);
#724=VERTEX_POINT('',#2854);
#725=VERTEX_POINT('',#2858);
#726=VERTEX_POINT('',#2862);
#727=VERTEX_POINT('',#2868);
#728=VERTEX_POINT('',#2869);
#729=VERTEX_POINT('',#2884);
#730=VERTEX_POINT('',#2886);
#731=VERTEX_POINT('',#2904);
#732=VERTEX_POINT('',#2908);
#733=VERTEX_POINT('',#2929);
#734=VERTEX_POINT('',#2933);
#735=VERTEX_POINT('',#2934);
#736=VERTEX_POINT('',#2949);
#737=VERTEX_POINT('',#2951);
#738=VERTEX_POINT('',#2968);
#739=VERTEX_POINT('',#2970);
#740=VERTEX_POINT('',#2974);
#741=VERTEX_POINT('',#2976);
#742=VERTEX_POINT('',#2985);
#743=VERTEX_POINT('',#2989);
#744=VERTEX_POINT('',#2991);
#745=VERTEX_POINT('',#3007);
#746=VERTEX_POINT('',#3008);
#747=VERTEX_POINT('',#3010);
#748=VERTEX_POINT('',#3012);
#749=VERTEX_POINT('',#3018);
#750=VERTEX_POINT('',#3020);
#751=VERTEX_POINT('',#3024);
#752=VERTEX_POINT('',#3026);
#753=VERTEX_POINT('',#3036);
#754=VERTEX_POINT('',#3040);
#755=VERTEX_POINT('',#3042);
#756=VERTEX_POINT('',#3051);
#757=EDGE_CURVE('',#617,#618,#321,.T.);
#758=EDGE_CURVE('',#617,#619,#322,.T.);
#759=EDGE_CURVE('',#619,#620,#323,.T.);
#760=EDGE_CURVE('',#618,#620,#324,.T.);
#761=EDGE_CURVE('',#621,#617,#325,.T.);
#762=EDGE_CURVE('',#621,#622,#326,.T.);
#763=EDGE_CURVE('',#622,#619,#327,.T.);
#764=EDGE_CURVE('',#623,#621,#328,.T.);
#765=EDGE_CURVE('',#623,#624,#329,.T.);
#766=EDGE_CURVE('',#624,#622,#330,.T.);
#767=EDGE_CURVE('',#618,#623,#331,.T.);
#768=EDGE_CURVE('',#620,#624,#332,.T.);
#769=EDGE_CURVE('',#625,#626,#84,.T.);
#770=EDGE_CURVE('',#626,#627,#56,.T.);
#771=EDGE_CURVE('',#627,#625,#57,.T.);
#772=EDGE_CURVE('',#628,#629,#85,.T.);
#773=EDGE_CURVE('',#629,#626,#58,.T.);
#774=EDGE_CURVE('',#625,#628,#59,.T.);
#775=EDGE_CURVE('',#630,#631,#86,.T.);
#776=EDGE_CURVE('',#631,#629,#87,.T.);
#777=EDGE_CURVE('',#628,#630,#88,.T.);
#778=EDGE_CURVE('',#632,#633,#89,.T.);
#779=EDGE_CURVE('',#633,#631,#333,.T.);
#780=EDGE_CURVE('',#630,#632,#334,.T.);
#781=EDGE_CURVE('',#634,#635,#90,.T.);
#782=EDGE_CURVE('',#635,#633,#91,.T.);
#783=EDGE_CURVE('',#632,#634,#92,.T.);
#784=EDGE_CURVE('',#636,#637,#93,.T.);
#785=EDGE_CURVE('',#637,#635,#60,.T.);
#786=EDGE_CURVE('',#634,#636,#61,.T.);
#787=EDGE_CURVE('',#636,#638,#62,.T.);
#788=EDGE_CURVE('',#638,#637,#63,.T.);
#789=EDGE_CURVE('',#639,#634,#335,.T.);
#790=EDGE_CURVE('',#640,#639,#64,.T.);
#791=EDGE_CURVE('',#640,#636,#336,.T.);
#792=EDGE_CURVE('',#641,#628,#337,.T.);
#793=EDGE_CURVE('',#641,#642,#338,.T.);
#794=EDGE_CURVE('',#643,#642,#339,.T.);
#795=EDGE_CURVE('',#639,#643,#340,.T.);
#796=EDGE_CURVE('',#644,#625,#341,.T.);
#797=EDGE_CURVE('',#641,#644,#65,.T.);
#798=EDGE_CURVE('',#627,#645,#342,.T.);
#799=EDGE_CURVE('',#645,#646,#343,.T.);
#800=EDGE_CURVE('',#642,#646,#94,.T.);
#801=EDGE_CURVE('',#647,#648,#95,.T.);
#802=EDGE_CURVE('',#648,#649,#66,.T.);
#803=EDGE_CURVE('',#649,#647,#67,.T.);
#804=EDGE_CURVE('',#650,#651,#96,.T.);
#805=EDGE_CURVE('',#651,#648,#68,.T.);
#806=EDGE_CURVE('',#647,#650,#69,.T.);
#807=EDGE_CURVE('',#652,#653,#97,.T.);
#808=EDGE_CURVE('',#653,#651,#98,.T.);
#809=EDGE_CURVE('',#650,#652,#99,.T.);
#810=EDGE_CURVE('',#654,#655,#100,.T.);
#811=EDGE_CURVE('',#655,#653,#344,.T.);
#812=EDGE_CURVE('',#652,#654,#345,.T.);
#813=EDGE_CURVE('',#656,#657,#101,.T.);
#814=EDGE_CURVE('',#657,#655,#102,.T.);
#815=EDGE_CURVE('',#654,#656,#103,.T.);
#816=EDGE_CURVE('',#658,#659,#104,.T.);
#817=EDGE_CURVE('',#659,#657,#70,.T.);
#818=EDGE_CURVE('',#656,#658,#71,.T.);
#819=EDGE_CURVE('',#658,#660,#72,.T.);
#820=EDGE_CURVE('',#660,#659,#73,.T.);
#821=EDGE_CURVE('',#661,#656,#346,.T.);
#822=EDGE_CURVE('',#662,#661,#74,.T.);
#823=EDGE_CURVE('',#662,#658,#347,.T.);
#824=EDGE_CURVE('',#663,#650,#348,.T.);
#825=EDGE_CURVE('',#663,#664,#349,.T.);
#826=EDGE_CURVE('',#665,#664,#350,.T.);
#827=EDGE_CURVE('',#665,#666,#105,.T.);
#828=EDGE_CURVE('',#666,#667,#351,.T.);
#829=EDGE_CURVE('',#668,#667,#106,.T.);
#830=EDGE_CURVE('',#668,#669,#352,.T.);
#831=EDGE_CURVE('',#670,#669,#107,.T.);
#832=EDGE_CURVE('',#670,#671,#353,.T.);
#833=EDGE_CURVE('',#671,#672,#108,.T.);
#834=EDGE_CURVE('',#673,#672,#354,.T.);
#835=EDGE_CURVE('',#661,#673,#355,.T.);
#836=EDGE_CURVE('',#674,#647,#356,.T.);
#837=EDGE_CURVE('',#663,#674,#75,.T.);
#838=EDGE_CURVE('',#649,#675,#357,.T.);
#839=EDGE_CURVE('',#675,#676,#358,.T.);
#840=EDGE_CURVE('',#664,#676,#109,.T.);
#841=EDGE_CURVE('',#649,#638,#359,.T.);
#842=EDGE_CURVE('',#633,#653,#360,.T.);
#843=EDGE_CURVE('',#631,#655,#361,.T.);
#844=EDGE_CURVE('',#660,#627,#362,.T.);
#845=EDGE_CURVE('',#660,#677,#363,.T.);
#846=EDGE_CURVE('',#677,#678,#364,.T.);
#847=EDGE_CURVE('',#678,#679,#365,.T.);
#848=EDGE_CURVE('',#680,#679,#366,.T.);
#849=EDGE_CURVE('',#680,#681,#367,.T.);
#850=EDGE_CURVE('',#681,#645,#368,.T.);
#851=EDGE_CURVE('',#682,#683,#76,.T.);
#852=EDGE_CURVE('',#684,#682,#110,.T.);
#853=EDGE_CURVE('',#685,#684,#369,.T.);
#854=EDGE_CURVE('',#686,#685,#111,.T.);
#855=EDGE_CURVE('',#687,#686,#77,.T.);
#856=EDGE_CURVE('',#687,#683,#370,.T.);
#857=EDGE_CURVE('',#688,#689,#78,.T.);
#858=EDGE_CURVE('',#690,#688,#371,.T.);
#859=EDGE_CURVE('',#691,#690,#79,.T.);
#860=EDGE_CURVE('',#692,#691,#112,.T.);
#861=EDGE_CURVE('',#692,#693,#372,.T.);
#862=EDGE_CURVE('',#689,#693,#113,.T.);
#863=EDGE_CURVE('',#687,#694,#373,.T.);
#864=EDGE_CURVE('',#694,#695,#374,.T.);
#865=EDGE_CURVE('',#695,#696,#375,.T.);
#866=EDGE_CURVE('',#696,#697,#376,.T.);
#867=EDGE_CURVE('',#697,#698,#377,.T.);
#868=EDGE_CURVE('',#698,#699,#378,.T.);
#869=EDGE_CURVE('',#683,#699,#379,.T.);
#870=EDGE_CURVE('',#686,#700,#380,.T.);
#871=EDGE_CURVE('',#701,#700,#114,.T.);
#872=EDGE_CURVE('',#694,#701,#381,.T.);
#873=EDGE_CURVE('',#689,#702,#382,.T.);
#874=EDGE_CURVE('',#703,#702,#115,.T.);
#875=EDGE_CURVE('',#704,#703,#383,.T.);
#876=EDGE_CURVE('',#688,#704,#384,.T.);
#877=EDGE_CURVE('',#685,#692,#385,.F.);
#878=EDGE_CURVE('',#691,#705,#386,.T.);
#879=EDGE_CURVE('',#700,#705,#387,.T.);
#880=EDGE_CURVE('',#706,#707,#388,.T.);
#881=EDGE_CURVE('',#707,#708,#389,.T.);
#882=EDGE_CURVE('',#708,#709,#390,.T.);
#883=EDGE_CURVE('',#709,#706,#391,.T.);
#884=EDGE_CURVE('',#638,#710,#392,.T.);
#885=EDGE_CURVE('',#710,#711,#393,.T.);
#886=EDGE_CURVE('',#711,#712,#394,.T.);
#887=EDGE_CURVE('',#713,#712,#395,.T.);
#888=EDGE_CURVE('',#713,#714,#396,.T.);
#889=EDGE_CURVE('',#714,#675,#397,.T.);
#890=EDGE_CURVE('',#715,#643,#116,.T.);
#891=EDGE_CURVE('',#710,#715,#398,.T.);
#892=EDGE_CURVE('',#716,#671,#399,.T.);
#893=EDGE_CURVE('',#717,#716,#117,.T.);
#894=EDGE_CURVE('',#717,#672,#400,.T.);
#895=EDGE_CURVE('',#718,#665,#401,.T.);
#896=EDGE_CURVE('',#719,#718,#118,.T.);
#897=EDGE_CURVE('',#719,#666,#402,.T.);
#898=EDGE_CURVE('',#717,#720,#403,.T.);
#899=EDGE_CURVE('',#720,#721,#119,.T.);
#900=EDGE_CURVE('',#721,#722,#404,.T.);
#901=EDGE_CURVE('',#722,#673,#120,.T.);
#902=EDGE_CURVE('',#723,#670,#405,.T.);
#903=EDGE_CURVE('',#716,#723,#406,.T.);
#904=EDGE_CURVE('',#724,#719,#407,.T.);
#905=EDGE_CURVE('',#724,#667,#408,.T.);
#906=EDGE_CURVE('',#725,#724,#121,.T.);
#907=EDGE_CURVE('',#725,#668,#409,.T.);
#908=EDGE_CURVE('',#726,#725,#410,.T.);
#909=EDGE_CURVE('',#726,#669,#411,.T.);
#910=EDGE_CURVE('',#723,#726,#122,.T.);
#911=EDGE_CURVE('',#727,#728,#80,.T.);
#912=EDGE_CURVE('',#728,#729,#412,.T.);
#913=EDGE_CURVE('',#729,#730,#81,.T.);
#914=EDGE_CURVE('',#727,#730,#413,.T.);
#915=EDGE_CURVE('',#729,#696,#123,.T.);
#916=EDGE_CURVE('',#696,#731,#414,.T.);
#917=EDGE_CURVE('',#730,#731,#19,.T.);
#918=EDGE_CURVE('',#727,#732,#20,.T.);
#919=EDGE_CURVE('',#732,#697,#415,.T.);
#920=EDGE_CURVE('',#697,#728,#124,.T.);
#921=EDGE_CURVE('',#731,#732,#416,.T.);
#922=EDGE_CURVE('',#694,#645,#417,.T.);
#923=EDGE_CURVE('',#646,#701,#418,.T.);
#924=EDGE_CURVE('',#695,#681,#419,.T.);
#925=EDGE_CURVE('',#699,#677,#420,.T.);
#926=EDGE_CURVE('',#698,#678,#421,.T.);
#927=EDGE_CURVE('',#677,#722,#422,.T.);
#928=EDGE_CURVE('',#699,#721,#423,.T.);
#929=EDGE_CURVE('',#731,#680,#424,.T.);
#930=EDGE_CURVE('',#679,#732,#425,.T.);
#931=EDGE_CURVE('',#705,#733,#125,.T.);
#932=EDGE_CURVE('',#733,#715,#426,.T.);
#933=EDGE_CURVE('',#734,#735,#82,.T.);
#934=EDGE_CURVE('',#735,#736,#427,.T.);
#935=EDGE_CURVE('',#736,#737,#83,.T.);
#936=EDGE_CURVE('',#734,#737,#428,.T.);
#937=EDGE_CURVE('',#736,#738,#126,.T.);
#938=EDGE_CURVE('',#738,#739,#429,.T.);
#939=EDGE_CURVE('',#737,#739,#21,.T.);
#940=EDGE_CURVE('',#734,#740,#22,.T.);
#941=EDGE_CURVE('',#740,#741,#430,.T.);
#942=EDGE_CURVE('',#741,#735,#127,.T.);
#943=EDGE_CURVE('',#739,#740,#431,.T.);
#944=EDGE_CURVE('',#704,#675,#432,.T.);
#945=EDGE_CURVE('',#676,#703,#433,.T.);
#946=EDGE_CURVE('',#742,#714,#434,.T.);
#947=EDGE_CURVE('',#704,#742,#435,.T.);
#948=EDGE_CURVE('',#743,#710,#436,.T.);
#949=EDGE_CURVE('',#744,#743,#437,.T.);
#950=EDGE_CURVE('',#744,#711,#438,.T.);
#951=EDGE_CURVE('',#743,#733,#439,.T.);
#952=EDGE_CURVE('',#742,#738,#440,.T.);
#953=EDGE_CURVE('',#738,#741,#441,.T.);
#954=EDGE_CURVE('',#741,#744,#442,.T.);
#955=EDGE_CURVE('',#690,#743,#443,.T.);
#956=EDGE_CURVE('',#739,#713,#444,.T.);
#957=EDGE_CURVE('',#712,#740,#445,.T.);
#958=EDGE_CURVE('',#702,#718,#446,.T.);
#959=EDGE_CURVE('',#745,#746,#447,.T.);
#960=EDGE_CURVE('',#745,#747,#448,.T.);
#961=EDGE_CURVE('',#747,#748,#449,.T.);
#962=EDGE_CURVE('',#748,#746,#450,.T.);
#963=EDGE_CURVE('',#682,#720,#451,.T.);
#964=EDGE_CURVE('',#693,#684,#452,.F.);
#965=EDGE_CURVE('',#749,#745,#453,.T.);
#966=EDGE_CURVE('',#746,#750,#454,.T.);
#967=EDGE_CURVE('',#750,#749,#455,.T.);
#968=EDGE_CURVE('',#707,#751,#456,.T.);
#969=EDGE_CURVE('',#751,#752,#457,.T.);
#970=EDGE_CURVE('',#752,#708,#458,.T.);
#971=EDGE_CURVE('',#749,#753,#459,.T.);
#972=EDGE_CURVE('',#753,#747,#460,.T.);
#973=EDGE_CURVE('',#709,#754,#461,.T.);
#974=EDGE_CURVE('',#754,#755,#462,.T.);
#975=EDGE_CURVE('',#755,#706,#463,.T.);
#976=EDGE_CURVE('',#754,#752,#464,.T.);
#977=EDGE_CURVE('',#755,#751,#465,.T.);
#978=EDGE_CURVE('',#750,#756,#466,.T.);
#979=EDGE_CURVE('',#756,#753,#467,.T.);
#980=EDGE_CURVE('',#756,#748,#468,.T.);
#981=ORIENTED_EDGE('',*,*,#757,.F.);
#982=ORIENTED_EDGE('',*,*,#758,.T.);
#983=ORIENTED_EDGE('',*,*,#759,.T.);
#984=ORIENTED_EDGE('',*,*,#760,.F.);
#985=ORIENTED_EDGE('',*,*,#761,.F.);
#986=ORIENTED_EDGE('',*,*,#762,.T.);
#987=ORIENTED_EDGE('',*,*,#763,.T.);
#988=ORIENTED_EDGE('',*,*,#758,.F.);
#989=ORIENTED_EDGE('',*,*,#764,.F.);
#990=ORIENTED_EDGE('',*,*,#765,.T.);
#991=ORIENTED_EDGE('',*,*,#766,.T.);
#992=ORIENTED_EDGE('',*,*,#762,.F.);
#993=ORIENTED_EDGE('',*,*,#767,.F.);
#994=ORIENTED_EDGE('',*,*,#760,.T.);
#995=ORIENTED_EDGE('',*,*,#768,.T.);
#996=ORIENTED_EDGE('',*,*,#765,.F.);
#997=ORIENTED_EDGE('',*,*,#768,.F.);
#998=ORIENTED_EDGE('',*,*,#759,.F.);
#999=ORIENTED_EDGE('',*,*,#763,.F.);
#1000=ORIENTED_EDGE('',*,*,#766,.F.);
#1001=ORIENTED_EDGE('',*,*,#769,.T.);
#1002=ORIENTED_EDGE('',*,*,#770,.T.);
#1003=ORIENTED_EDGE('',*,*,#771,.T.);
#1004=ORIENTED_EDGE('',*,*,#772,.T.);
#1005=ORIENTED_EDGE('',*,*,#773,.T.);
#1006=ORIENTED_EDGE('',*,*,#769,.F.);
#1007=ORIENTED_EDGE('',*,*,#774,.T.);
#1008=ORIENTED_EDGE('',*,*,#775,.T.);
#1009=ORIENTED_EDGE('',*,*,#776,.T.);
#1010=ORIENTED_EDGE('',*,*,#772,.F.);
#1011=ORIENTED_EDGE('',*,*,#777,.T.);
#1012=ORIENTED_EDGE('',*,*,#778,.T.);
#1013=ORIENTED_EDGE('',*,*,#779,.T.);
#1014=ORIENTED_EDGE('',*,*,#775,.F.);
#1015=ORIENTED_EDGE('',*,*,#780,.T.);
#1016=ORIENTED_EDGE('',*,*,#781,.T.);
#1017=ORIENTED_EDGE('',*,*,#782,.T.);
#1018=ORIENTED_EDGE('',*,*,#778,.F.);
#1019=ORIENTED_EDGE('',*,*,#783,.T.);
#1020=ORIENTED_EDGE('',*,*,#784,.T.);
#1021=ORIENTED_EDGE('',*,*,#785,.T.);
#1022=ORIENTED_EDGE('',*,*,#781,.F.);
#1023=ORIENTED_EDGE('',*,*,#786,.T.);
#1024=ORIENTED_EDGE('',*,*,#787,.T.);
#1025=ORIENTED_EDGE('',*,*,#788,.T.);
#1026=ORIENTED_EDGE('',*,*,#784,.F.);
#1027=ORIENTED_EDGE('',*,*,#786,.F.);
#1028=ORIENTED_EDGE('',*,*,#789,.F.);
#1029=ORIENTED_EDGE('',*,*,#790,.F.);
#1030=ORIENTED_EDGE('',*,*,#791,.T.);
#1031=ORIENTED_EDGE('',*,*,#783,.F.);
#1032=ORIENTED_EDGE('',*,*,#780,.F.);
#1033=ORIENTED_EDGE('',*,*,#777,.F.);
#1034=ORIENTED_EDGE('',*,*,#792,.F.);
#1035=ORIENTED_EDGE('',*,*,#793,.T.);
#1036=ORIENTED_EDGE('',*,*,#794,.F.);
#1037=ORIENTED_EDGE('',*,*,#795,.F.);
#1038=ORIENTED_EDGE('',*,*,#789,.T.);
#1039=ORIENTED_EDGE('',*,*,#774,.F.);
#1040=ORIENTED_EDGE('',*,*,#796,.F.);
#1041=ORIENTED_EDGE('',*,*,#797,.F.);
#1042=ORIENTED_EDGE('',*,*,#792,.T.);
#1043=ORIENTED_EDGE('',*,*,#771,.F.);
#1044=ORIENTED_EDGE('',*,*,#798,.T.);
#1045=ORIENTED_EDGE('',*,*,#799,.T.);
#1046=ORIENTED_EDGE('',*,*,#800,.F.);
#1047=ORIENTED_EDGE('',*,*,#793,.F.);
#1048=ORIENTED_EDGE('',*,*,#797,.T.);
#1049=ORIENTED_EDGE('',*,*,#796,.T.);
#1050=ORIENTED_EDGE('',*,*,#801,.T.);
#1051=ORIENTED_EDGE('',*,*,#802,.T.);
#1052=ORIENTED_EDGE('',*,*,#803,.T.);
#1053=ORIENTED_EDGE('',*,*,#804,.T.);
#1054=ORIENTED_EDGE('',*,*,#805,.T.);
#1055=ORIENTED_EDGE('',*,*,#801,.F.);
#1056=ORIENTED_EDGE('',*,*,#806,.T.);
#1057=ORIENTED_EDGE('',*,*,#807,.T.);
#1058=ORIENTED_EDGE('',*,*,#808,.T.);
#1059=ORIENTED_EDGE('',*,*,#804,.F.);
#1060=ORIENTED_EDGE('',*,*,#809,.T.);
#1061=ORIENTED_EDGE('',*,*,#810,.T.);
#1062=ORIENTED_EDGE('',*,*,#811,.T.);
#1063=ORIENTED_EDGE('',*,*,#807,.F.);
#1064=ORIENTED_EDGE('',*,*,#812,.T.);
#1065=ORIENTED_EDGE('',*,*,#813,.T.);
#1066=ORIENTED_EDGE('',*,*,#814,.T.);
#1067=ORIENTED_EDGE('',*,*,#810,.F.);
#1068=ORIENTED_EDGE('',*,*,#815,.T.);
#1069=ORIENTED_EDGE('',*,*,#816,.T.);
#1070=ORIENTED_EDGE('',*,*,#817,.T.);
#1071=ORIENTED_EDGE('',*,*,#813,.F.);
#1072=ORIENTED_EDGE('',*,*,#818,.T.);
#1073=ORIENTED_EDGE('',*,*,#819,.T.);
#1074=ORIENTED_EDGE('',*,*,#820,.T.);
#1075=ORIENTED_EDGE('',*,*,#816,.F.);
#1076=ORIENTED_EDGE('',*,*,#818,.F.);
#1077=ORIENTED_EDGE('',*,*,#821,.F.);
#1078=ORIENTED_EDGE('',*,*,#822,.F.);
#1079=ORIENTED_EDGE('',*,*,#823,.T.);
#1080=ORIENTED_EDGE('',*,*,#815,.F.);
#1081=ORIENTED_EDGE('',*,*,#812,.F.);
#1082=ORIENTED_EDGE('',*,*,#809,.F.);
#1083=ORIENTED_EDGE('',*,*,#824,.F.);
#1084=ORIENTED_EDGE('',*,*,#825,.T.);
#1085=ORIENTED_EDGE('',*,*,#826,.F.);
#1086=ORIENTED_EDGE('',*,*,#827,.T.);
#1087=ORIENTED_EDGE('',*,*,#828,.T.);
#1088=ORIENTED_EDGE('',*,*,#829,.F.);
#1089=ORIENTED_EDGE('',*,*,#830,.T.);
#1090=ORIENTED_EDGE('',*,*,#831,.F.);
#1091=ORIENTED_EDGE('',*,*,#832,.T.);
#1092=ORIENTED_EDGE('',*,*,#833,.T.);
#1093=ORIENTED_EDGE('',*,*,#834,.F.);
#1094=ORIENTED_EDGE('',*,*,#835,.F.);
#1095=ORIENTED_EDGE('',*,*,#821,.T.);
#1096=ORIENTED_EDGE('',*,*,#806,.F.);
#1097=ORIENTED_EDGE('',*,*,#836,.F.);
#1098=ORIENTED_EDGE('',*,*,#837,.F.);
#1099=ORIENTED_EDGE('',*,*,#824,.T.);
#1100=ORIENTED_EDGE('',*,*,#803,.F.);
#1101=ORIENTED_EDGE('',*,*,#838,.T.);
#1102=ORIENTED_EDGE('',*,*,#839,.T.);
#1103=ORIENTED_EDGE('',*,*,#840,.F.);
#1104=ORIENTED_EDGE('',*,*,#825,.F.);
#1105=ORIENTED_EDGE('',*,*,#837,.T.);
#1106=ORIENTED_EDGE('',*,*,#836,.T.);
#1107=ORIENTED_EDGE('',*,*,#788,.F.);
#1108=ORIENTED_EDGE('',*,*,#841,.F.);
#1109=ORIENTED_EDGE('',*,*,#802,.F.);
#1110=ORIENTED_EDGE('',*,*,#805,.F.);
#1111=ORIENTED_EDGE('',*,*,#808,.F.);
#1112=ORIENTED_EDGE('',*,*,#842,.F.);
#1113=ORIENTED_EDGE('',*,*,#782,.F.);
#1114=ORIENTED_EDGE('',*,*,#785,.F.);
#1115=ORIENTED_EDGE('',*,*,#776,.F.);
#1116=ORIENTED_EDGE('',*,*,#843,.T.);
#1117=ORIENTED_EDGE('',*,*,#814,.F.);
#1118=ORIENTED_EDGE('',*,*,#817,.F.);
#1119=ORIENTED_EDGE('',*,*,#820,.F.);
#1120=ORIENTED_EDGE('',*,*,#844,.T.);
#1121=ORIENTED_EDGE('',*,*,#770,.F.);
#1122=ORIENTED_EDGE('',*,*,#773,.F.);
#1123=ORIENTED_EDGE('',*,*,#798,.F.);
#1124=ORIENTED_EDGE('',*,*,#844,.F.);
#1125=ORIENTED_EDGE('',*,*,#845,.T.);
#1126=ORIENTED_EDGE('',*,*,#846,.T.);
#1127=ORIENTED_EDGE('',*,*,#847,.T.);
#1128=ORIENTED_EDGE('',*,*,#848,.F.);
#1129=ORIENTED_EDGE('',*,*,#849,.T.);
#1130=ORIENTED_EDGE('',*,*,#850,.T.);
#1131=ORIENTED_EDGE('',*,*,#779,.F.);
#1132=ORIENTED_EDGE('',*,*,#842,.T.);
#1133=ORIENTED_EDGE('',*,*,#811,.F.);
#1134=ORIENTED_EDGE('',*,*,#843,.F.);
#1135=ORIENTED_EDGE('',*,*,#851,.F.);
#1136=ORIENTED_EDGE('',*,*,#852,.F.);
#1137=ORIENTED_EDGE('',*,*,#853,.F.);
#1138=ORIENTED_EDGE('',*,*,#854,.F.);
#1139=ORIENTED_EDGE('',*,*,#855,.F.);
#1140=ORIENTED_EDGE('',*,*,#856,.T.);
#1141=ORIENTED_EDGE('',*,*,#857,.F.);
#1142=ORIENTED_EDGE('',*,*,#858,.F.);
#1143=ORIENTED_EDGE('',*,*,#859,.F.);
#1144=ORIENTED_EDGE('',*,*,#860,.F.);
#1145=ORIENTED_EDGE('',*,*,#861,.T.);
#1146=ORIENTED_EDGE('',*,*,#862,.F.);
#1147=ORIENTED_EDGE('',*,*,#863,.T.);
#1148=ORIENTED_EDGE('',*,*,#864,.T.);
#1149=ORIENTED_EDGE('',*,*,#865,.T.);
#1150=ORIENTED_EDGE('',*,*,#866,.T.);
#1151=ORIENTED_EDGE('',*,*,#867,.T.);
#1152=ORIENTED_EDGE('',*,*,#868,.T.);
#1153=ORIENTED_EDGE('',*,*,#869,.F.);
#1154=ORIENTED_EDGE('',*,*,#856,.F.);
#1155=ORIENTED_EDGE('',*,*,#855,.T.);
#1156=ORIENTED_EDGE('',*,*,#870,.T.);
#1157=ORIENTED_EDGE('',*,*,#871,.F.);
#1158=ORIENTED_EDGE('',*,*,#872,.F.);
#1159=ORIENTED_EDGE('',*,*,#863,.F.);
#1160=ORIENTED_EDGE('',*,*,#857,.T.);
#1161=ORIENTED_EDGE('',*,*,#873,.T.);
#1162=ORIENTED_EDGE('',*,*,#874,.F.);
#1163=ORIENTED_EDGE('',*,*,#875,.F.);
#1164=ORIENTED_EDGE('',*,*,#876,.F.);
#1165=ORIENTED_EDGE('',*,*,#854,.T.);
#1166=ORIENTED_EDGE('',*,*,#877,.T.);
#1167=ORIENTED_EDGE('',*,*,#860,.T.);
#1168=ORIENTED_EDGE('',*,*,#878,.T.);
#1169=ORIENTED_EDGE('',*,*,#879,.F.);
#1170=ORIENTED_EDGE('',*,*,#870,.F.);
#1171=ORIENTED_EDGE('',*,*,#880,.T.);
#1172=ORIENTED_EDGE('',*,*,#881,.T.);
#1173=ORIENTED_EDGE('',*,*,#882,.T.);
#1174=ORIENTED_EDGE('',*,*,#883,.T.);
#1175=ORIENTED_EDGE('',*,*,#884,.T.);
#1176=ORIENTED_EDGE('',*,*,#885,.T.);
#1177=ORIENTED_EDGE('',*,*,#886,.T.);
#1178=ORIENTED_EDGE('',*,*,#887,.F.);
#1179=ORIENTED_EDGE('',*,*,#888,.T.);
#1180=ORIENTED_EDGE('',*,*,#889,.T.);
#1181=ORIENTED_EDGE('',*,*,#838,.F.);
#1182=ORIENTED_EDGE('',*,*,#841,.T.);
#1183=ORIENTED_EDGE('',*,*,#787,.F.);
#1184=ORIENTED_EDGE('',*,*,#791,.F.);
#1185=ORIENTED_EDGE('',*,*,#790,.T.);
#1186=ORIENTED_EDGE('',*,*,#795,.T.);
#1187=ORIENTED_EDGE('',*,*,#890,.F.);
#1188=ORIENTED_EDGE('',*,*,#891,.F.);
#1189=ORIENTED_EDGE('',*,*,#884,.F.);
#1190=ORIENTED_EDGE('',*,*,#833,.F.);
#1191=ORIENTED_EDGE('',*,*,#892,.F.);
#1192=ORIENTED_EDGE('',*,*,#893,.F.);
#1193=ORIENTED_EDGE('',*,*,#894,.T.);
#1194=ORIENTED_EDGE('',*,*,#827,.F.);
#1195=ORIENTED_EDGE('',*,*,#895,.F.);
#1196=ORIENTED_EDGE('',*,*,#896,.F.);
#1197=ORIENTED_EDGE('',*,*,#897,.T.);
#1198=ORIENTED_EDGE('',*,*,#894,.F.);
#1199=ORIENTED_EDGE('',*,*,#898,.T.);
#1200=ORIENTED_EDGE('',*,*,#899,.T.);
#1201=ORIENTED_EDGE('',*,*,#900,.T.);
#1202=ORIENTED_EDGE('',*,*,#901,.T.);
#1203=ORIENTED_EDGE('',*,*,#834,.T.);
#1204=ORIENTED_EDGE('',*,*,#892,.T.);
#1205=ORIENTED_EDGE('',*,*,#832,.F.);
#1206=ORIENTED_EDGE('',*,*,#902,.F.);
#1207=ORIENTED_EDGE('',*,*,#903,.F.);
#1208=ORIENTED_EDGE('',*,*,#897,.F.);
#1209=ORIENTED_EDGE('',*,*,#904,.F.);
#1210=ORIENTED_EDGE('',*,*,#905,.T.);
#1211=ORIENTED_EDGE('',*,*,#828,.F.);
#1212=ORIENTED_EDGE('',*,*,#829,.T.);
#1213=ORIENTED_EDGE('',*,*,#905,.F.);
#1214=ORIENTED_EDGE('',*,*,#906,.F.);
#1215=ORIENTED_EDGE('',*,*,#907,.T.);
#1216=ORIENTED_EDGE('',*,*,#907,.F.);
#1217=ORIENTED_EDGE('',*,*,#908,.F.);
#1218=ORIENTED_EDGE('',*,*,#909,.T.);
#1219=ORIENTED_EDGE('',*,*,#830,.F.);
#1220=ORIENTED_EDGE('',*,*,#831,.T.);
#1221=ORIENTED_EDGE('',*,*,#909,.F.);
#1222=ORIENTED_EDGE('',*,*,#910,.F.);
#1223=ORIENTED_EDGE('',*,*,#902,.T.);
#1224=ORIENTED_EDGE('',*,*,#911,.T.);
#1225=ORIENTED_EDGE('',*,*,#912,.T.);
#1226=ORIENTED_EDGE('',*,*,#913,.T.);
#1227=ORIENTED_EDGE('',*,*,#914,.F.);
#1228=ORIENTED_EDGE('',*,*,#913,.F.);
#1229=ORIENTED_EDGE('',*,*,#915,.T.);
#1230=ORIENTED_EDGE('',*,*,#916,.T.);
#1231=ORIENTED_EDGE('',*,*,#917,.F.);
#1232=ORIENTED_EDGE('',*,*,#911,.F.);
#1233=ORIENTED_EDGE('',*,*,#918,.T.);
#1234=ORIENTED_EDGE('',*,*,#919,.T.);
#1235=ORIENTED_EDGE('',*,*,#920,.T.);
#1236=ORIENTED_EDGE('',*,*,#921,.T.);
#1237=ORIENTED_EDGE('',*,*,#918,.F.);
#1238=ORIENTED_EDGE('',*,*,#914,.T.);
#1239=ORIENTED_EDGE('',*,*,#917,.T.);
#1240=ORIENTED_EDGE('',*,*,#799,.F.);
#1241=ORIENTED_EDGE('',*,*,#922,.F.);
#1242=ORIENTED_EDGE('',*,*,#872,.T.);
#1243=ORIENTED_EDGE('',*,*,#923,.F.);
#1244=ORIENTED_EDGE('',*,*,#850,.F.);
#1245=ORIENTED_EDGE('',*,*,#924,.F.);
#1246=ORIENTED_EDGE('',*,*,#864,.F.);
#1247=ORIENTED_EDGE('',*,*,#922,.T.);
#1248=ORIENTED_EDGE('',*,*,#846,.F.);
#1249=ORIENTED_EDGE('',*,*,#925,.F.);
#1250=ORIENTED_EDGE('',*,*,#868,.F.);
#1251=ORIENTED_EDGE('',*,*,#926,.T.);
#1252=ORIENTED_EDGE('',*,*,#927,.T.);
#1253=ORIENTED_EDGE('',*,*,#900,.F.);
#1254=ORIENTED_EDGE('',*,*,#928,.F.);
#1255=ORIENTED_EDGE('',*,*,#925,.T.);
#1256=ORIENTED_EDGE('',*,*,#921,.F.);
#1257=ORIENTED_EDGE('',*,*,#929,.T.);
#1258=ORIENTED_EDGE('',*,*,#848,.T.);
#1259=ORIENTED_EDGE('',*,*,#930,.T.);
#1260=ORIENTED_EDGE('',*,*,#923,.T.);
#1261=ORIENTED_EDGE('',*,*,#871,.T.);
#1262=ORIENTED_EDGE('',*,*,#879,.T.);
#1263=ORIENTED_EDGE('',*,*,#931,.T.);
#1264=ORIENTED_EDGE('',*,*,#932,.T.);
#1265=ORIENTED_EDGE('',*,*,#890,.T.);
#1266=ORIENTED_EDGE('',*,*,#794,.T.);
#1267=ORIENTED_EDGE('',*,*,#800,.T.);
#1268=ORIENTED_EDGE('',*,*,#933,.T.);
#1269=ORIENTED_EDGE('',*,*,#934,.T.);
#1270=ORIENTED_EDGE('',*,*,#935,.T.);
#1271=ORIENTED_EDGE('',*,*,#936,.F.);
#1272=ORIENTED_EDGE('',*,*,#935,.F.);
#1273=ORIENTED_EDGE('',*,*,#937,.T.);
#1274=ORIENTED_EDGE('',*,*,#938,.T.);
#1275=ORIENTED_EDGE('',*,*,#939,.F.);
#1276=ORIENTED_EDGE('',*,*,#933,.F.);
#1277=ORIENTED_EDGE('',*,*,#940,.T.);
#1278=ORIENTED_EDGE('',*,*,#941,.T.);
#1279=ORIENTED_EDGE('',*,*,#942,.T.);
#1280=ORIENTED_EDGE('',*,*,#936,.T.);
#1281=ORIENTED_EDGE('',*,*,#939,.T.);
#1282=ORIENTED_EDGE('',*,*,#943,.T.);
#1283=ORIENTED_EDGE('',*,*,#940,.F.);
#1284=ORIENTED_EDGE('',*,*,#839,.F.);
#1285=ORIENTED_EDGE('',*,*,#944,.F.);
#1286=ORIENTED_EDGE('',*,*,#875,.T.);
#1287=ORIENTED_EDGE('',*,*,#945,.F.);
#1288=ORIENTED_EDGE('',*,*,#889,.F.);
#1289=ORIENTED_EDGE('',*,*,#946,.F.);
#1290=ORIENTED_EDGE('',*,*,#947,.F.);
#1291=ORIENTED_EDGE('',*,*,#944,.T.);
#1292=ORIENTED_EDGE('',*,*,#885,.F.);
#1293=ORIENTED_EDGE('',*,*,#948,.F.);
#1294=ORIENTED_EDGE('',*,*,#949,.F.);
#1295=ORIENTED_EDGE('',*,*,#950,.T.);
#1296=ORIENTED_EDGE('',*,*,#891,.T.);
#1297=ORIENTED_EDGE('',*,*,#932,.F.);
#1298=ORIENTED_EDGE('',*,*,#951,.F.);
#1299=ORIENTED_EDGE('',*,*,#948,.T.);
#1300=ORIENTED_EDGE('',*,*,#876,.T.);
#1301=ORIENTED_EDGE('',*,*,#947,.T.);
#1302=ORIENTED_EDGE('',*,*,#952,.T.);
#1303=ORIENTED_EDGE('',*,*,#953,.T.);
#1304=ORIENTED_EDGE('',*,*,#954,.T.);
#1305=ORIENTED_EDGE('',*,*,#949,.T.);
#1306=ORIENTED_EDGE('',*,*,#955,.F.);
#1307=ORIENTED_EDGE('',*,*,#858,.T.);
#1308=ORIENTED_EDGE('',*,*,#943,.F.);
#1309=ORIENTED_EDGE('',*,*,#956,.T.);
#1310=ORIENTED_EDGE('',*,*,#887,.T.);
#1311=ORIENTED_EDGE('',*,*,#957,.T.);
#1312=ORIENTED_EDGE('',*,*,#895,.T.);
#1313=ORIENTED_EDGE('',*,*,#826,.T.);
#1314=ORIENTED_EDGE('',*,*,#840,.T.);
#1315=ORIENTED_EDGE('',*,*,#945,.T.);
#1316=ORIENTED_EDGE('',*,*,#874,.T.);
#1317=ORIENTED_EDGE('',*,*,#958,.T.);
#1318=ORIENTED_EDGE('',*,*,#959,.F.);
#1319=ORIENTED_EDGE('',*,*,#960,.T.);
#1320=ORIENTED_EDGE('',*,*,#961,.T.);
#1321=ORIENTED_EDGE('',*,*,#962,.T.);
#1322=ORIENTED_EDGE('',*,*,#852,.T.);
#1323=ORIENTED_EDGE('',*,*,#963,.T.);
#1324=ORIENTED_EDGE('',*,*,#898,.F.);
#1325=ORIENTED_EDGE('',*,*,#893,.T.);
#1326=ORIENTED_EDGE('',*,*,#903,.T.);
#1327=ORIENTED_EDGE('',*,*,#910,.T.);
#1328=ORIENTED_EDGE('',*,*,#908,.T.);
#1329=ORIENTED_EDGE('',*,*,#906,.T.);
#1330=ORIENTED_EDGE('',*,*,#904,.T.);
#1331=ORIENTED_EDGE('',*,*,#896,.T.);
#1332=ORIENTED_EDGE('',*,*,#958,.F.);
#1333=ORIENTED_EDGE('',*,*,#873,.F.);
#1334=ORIENTED_EDGE('',*,*,#862,.T.);
#1335=ORIENTED_EDGE('',*,*,#964,.T.);
#1336=ORIENTED_EDGE('',*,*,#965,.T.);
#1337=ORIENTED_EDGE('',*,*,#959,.T.);
#1338=ORIENTED_EDGE('',*,*,#966,.T.);
#1339=ORIENTED_EDGE('',*,*,#967,.T.);
#1340=ORIENTED_EDGE('',*,*,#881,.F.);
#1341=ORIENTED_EDGE('',*,*,#968,.T.);
#1342=ORIENTED_EDGE('',*,*,#969,.T.);
#1343=ORIENTED_EDGE('',*,*,#970,.T.);
#1344=ORIENTED_EDGE('',*,*,#916,.F.);
#1345=ORIENTED_EDGE('',*,*,#865,.F.);
#1346=ORIENTED_EDGE('',*,*,#924,.T.);
#1347=ORIENTED_EDGE('',*,*,#849,.F.);
#1348=ORIENTED_EDGE('',*,*,#929,.F.);
#1349=ORIENTED_EDGE('',*,*,#912,.F.);
#1350=ORIENTED_EDGE('',*,*,#920,.F.);
#1351=ORIENTED_EDGE('',*,*,#866,.F.);
#1352=ORIENTED_EDGE('',*,*,#915,.F.);
#1353=ORIENTED_EDGE('',*,*,#919,.F.);
#1354=ORIENTED_EDGE('',*,*,#930,.F.);
#1355=ORIENTED_EDGE('',*,*,#847,.F.);
#1356=ORIENTED_EDGE('',*,*,#926,.F.);
#1357=ORIENTED_EDGE('',*,*,#867,.F.);
#1358=ORIENTED_EDGE('',*,*,#938,.F.);
#1359=ORIENTED_EDGE('',*,*,#952,.F.);
#1360=ORIENTED_EDGE('',*,*,#946,.T.);
#1361=ORIENTED_EDGE('',*,*,#888,.F.);
#1362=ORIENTED_EDGE('',*,*,#956,.F.);
#1363=ORIENTED_EDGE('',*,*,#934,.F.);
#1364=ORIENTED_EDGE('',*,*,#942,.F.);
#1365=ORIENTED_EDGE('',*,*,#953,.F.);
#1366=ORIENTED_EDGE('',*,*,#937,.F.);
#1367=ORIENTED_EDGE('',*,*,#941,.F.);
#1368=ORIENTED_EDGE('',*,*,#957,.F.);
#1369=ORIENTED_EDGE('',*,*,#886,.F.);
#1370=ORIENTED_EDGE('',*,*,#950,.F.);
#1371=ORIENTED_EDGE('',*,*,#954,.F.);
#1372=ORIENTED_EDGE('',*,*,#971,.T.);
#1373=ORIENTED_EDGE('',*,*,#972,.T.);
#1374=ORIENTED_EDGE('',*,*,#960,.F.);
#1375=ORIENTED_EDGE('',*,*,#965,.F.);
#1376=ORIENTED_EDGE('',*,*,#973,.T.);
#1377=ORIENTED_EDGE('',*,*,#974,.T.);
#1378=ORIENTED_EDGE('',*,*,#975,.T.);
#1379=ORIENTED_EDGE('',*,*,#883,.F.);
#1380=ORIENTED_EDGE('',*,*,#974,.F.);
#1381=ORIENTED_EDGE('',*,*,#976,.T.);
#1382=ORIENTED_EDGE('',*,*,#969,.F.);
#1383=ORIENTED_EDGE('',*,*,#977,.F.);
#1384=ORIENTED_EDGE('',*,*,#973,.F.);
#1385=ORIENTED_EDGE('',*,*,#882,.F.);
#1386=ORIENTED_EDGE('',*,*,#970,.F.);
#1387=ORIENTED_EDGE('',*,*,#976,.F.);
#1388=ORIENTED_EDGE('',*,*,#975,.F.);
#1389=ORIENTED_EDGE('',*,*,#977,.T.);
#1390=ORIENTED_EDGE('',*,*,#968,.F.);
#1391=ORIENTED_EDGE('',*,*,#880,.F.);
#1392=ORIENTED_EDGE('',*,*,#978,.T.);
#1393=ORIENTED_EDGE('',*,*,#979,.T.);
#1394=ORIENTED_EDGE('',*,*,#971,.F.);
#1395=ORIENTED_EDGE('',*,*,#967,.F.);
#1396=ORIENTED_EDGE('',*,*,#979,.F.);
#1397=ORIENTED_EDGE('',*,*,#980,.T.);
#1398=ORIENTED_EDGE('',*,*,#961,.F.);
#1399=ORIENTED_EDGE('',*,*,#972,.F.);
#1400=ORIENTED_EDGE('',*,*,#978,.F.);
#1401=ORIENTED_EDGE('',*,*,#966,.F.);
#1402=ORIENTED_EDGE('',*,*,#962,.F.);
#1403=ORIENTED_EDGE('',*,*,#980,.F.);
#1404=ORIENTED_EDGE('',*,*,#859,.T.);
#1405=ORIENTED_EDGE('',*,*,#955,.T.);
#1406=ORIENTED_EDGE('',*,*,#951,.T.);
#1407=ORIENTED_EDGE('',*,*,#931,.F.);
#1408=ORIENTED_EDGE('',*,*,#878,.F.);
#1409=ORIENTED_EDGE('',*,*,#851,.T.);
#1410=ORIENTED_EDGE('',*,*,#869,.T.);
#1411=ORIENTED_EDGE('',*,*,#928,.T.);
#1412=ORIENTED_EDGE('',*,*,#899,.F.);
#1413=ORIENTED_EDGE('',*,*,#963,.F.);
#1414=ORIENTED_EDGE('',*,*,#853,.T.);
#1415=ORIENTED_EDGE('',*,*,#964,.F.);
#1416=ORIENTED_EDGE('',*,*,#861,.F.);
#1417=ORIENTED_EDGE('',*,*,#877,.F.);
#1418=ORIENTED_EDGE('',*,*,#757,.T.);
#1419=ORIENTED_EDGE('',*,*,#767,.T.);
#1420=ORIENTED_EDGE('',*,*,#764,.T.);
#1421=ORIENTED_EDGE('',*,*,#761,.T.);
#1422=ORIENTED_EDGE('',*,*,#819,.F.);
#1423=ORIENTED_EDGE('',*,*,#823,.F.);
#1424=ORIENTED_EDGE('',*,*,#822,.T.);
#1425=ORIENTED_EDGE('',*,*,#835,.T.);
#1426=ORIENTED_EDGE('',*,*,#901,.F.);
#1427=ORIENTED_EDGE('',*,*,#927,.F.);
#1428=ORIENTED_EDGE('',*,*,#845,.F.);
#1429=PLANE('',#1580);
#1430=PLANE('',#1581);
#1431=PLANE('',#1582);
#1432=PLANE('',#1583);
#1433=PLANE('',#1584);
#1434=PLANE('',#1596);
#1435=PLANE('',#1610);
#1436=PLANE('',#1619);
#1437=PLANE('',#1620);
#1438=PLANE('',#1627);
#1439=PLANE('',#1632);
#1440=PLANE('',#1633);
#1441=PLANE('',#1640);
#1442=PLANE('',#1643);
#1443=PLANE('',#1644);
#1444=PLANE('',#1647);
#1445=PLANE('',#1658);
#1446=PLANE('',#1659);
#1447=PLANE('',#1660);
#1448=PLANE('',#1661);
#1449=PLANE('',#1662);
#1450=PLANE('',#1663);
#1451=PLANE('',#1673);
#1452=PLANE('',#1674);
#1453=PLANE('',#1675);
#1454=PLANE('',#1676);
#1455=PLANE('',#1677);
#1456=PLANE('',#1678);
#1457=PLANE('',#1679);
#1458=PLANE('',#1680);
#1459=PLANE('',#1681);
#1460=PLANE('',#1682);
#1461=PLANE('',#1683);
#1462=PLANE('',#1684);
#1463=PLANE('',#1685);
#1464=PLANE('',#1686);
#1465=PLANE('',#1687);
#1466=PLANE('',#1688);
#1467=PLANE('',#1689);
#1468=PLANE('',#1690);
#1469=PLANE('',#1691);
#1470=PLANE('',#1692);
#1471=PLANE('',#1693);
#1472=PLANE('',#1694);
#1473=PLANE('',#1695);
#1474=PLANE('',#1696);
#1475=PLANE('',#1699);
#1476=ADVANCED_FACE('',(#140),#1429,.F.);
#1477=ADVANCED_FACE('',(#141),#1430,.F.);
#1478=ADVANCED_FACE('',(#142),#1431,.F.);
#1479=ADVANCED_FACE('',(#143),#1432,.F.);
#1480=ADVANCED_FACE('',(#144),#1433,.F.);
#1481=ADVANCED_FACE('',(#145),#128,.F.);
#1482=ADVANCED_FACE('',(#146),#129,.F.);
#1483=ADVANCED_FACE('',(#147),#52,.F.);
#1484=ADVANCED_FACE('',(#148),#26,.T.);
#1485=ADVANCED_FACE('',(#149),#53,.F.);
#1486=ADVANCED_FACE('',(#150),#130,.F.);
#1487=ADVANCED_FACE('',(#151),#131,.F.);
#1488=ADVANCED_FACE('',(#152),#132,.F.);
#1489=ADVANCED_FACE('',(#153),#1434,.T.);
#1490=ADVANCED_FACE('',(#154),#133,.F.);
#1491=ADVANCED_FACE('',(#155),#27,.T.);
#1492=ADVANCED_FACE('',(#156),#134,.F.);
#1493=ADVANCED_FACE('',(#157),#135,.F.);
#1494=ADVANCED_FACE('',(#158),#54,.F.);
#1495=ADVANCED_FACE('',(#159),#28,.T.);
#1496=ADVANCED_FACE('',(#160),#55,.F.);
#1497=ADVANCED_FACE('',(#161),#136,.F.);
#1498=ADVANCED_FACE('',(#162),#137,.F.);
#1499=ADVANCED_FACE('',(#163),#138,.F.);
#1500=ADVANCED_FACE('',(#164),#1435,.T.);
#1501=ADVANCED_FACE('',(#165),#139,.F.);
#1502=ADVANCED_FACE('',(#166),#29,.T.);
#1503=ADVANCED_FACE('',(#167),#30,.T.);
#1504=ADVANCED_FACE('',(#168),#31,.T.);
#1505=ADVANCED_FACE('',(#169),#1436,.T.);
#1506=ADVANCED_FACE('',(#170),#1437,.T.);
#1507=ADVANCED_FACE('',(#171),#32,.F.);
#1508=ADVANCED_FACE('',(#172),#33,.F.);
#1509=ADVANCED_FACE('',(#173),#1438,.F.);
#1510=ADVANCED_FACE('',(#174),#34,.F.);
#1511=ADVANCED_FACE('',(#175),#35,.F.);
#1512=ADVANCED_FACE('',(#176,#23),#1439,.F.);
#1513=ADVANCED_FACE('',(#177),#1440,.T.);
#1514=ADVANCED_FACE('',(#178),#36,.T.);
#1515=ADVANCED_FACE('',(#179),#37,.T.);
#1516=ADVANCED_FACE('',(#180),#38,.T.);
#1517=ADVANCED_FACE('',(#181),#1441,.F.);
#1518=ADVANCED_FACE('',(#182),#1442,.F.);
#1519=ADVANCED_FACE('',(#183),#1443,.F.);
#1520=ADVANCED_FACE('',(#184),#39,.F.);
#1521=ADVANCED_FACE('',(#185),#1444,.F.);
#1522=ADVANCED_FACE('',(#186),#40,.F.);
#1523=ADVANCED_FACE('',(#187),#41,.T.);
#1524=ADVANCED_FACE('',(#188),#42,.T.);
#1525=ADVANCED_FACE('',(#189),#43,.T.);
#1526=ADVANCED_FACE('',(#190),#44,.T.);
#1527=ADVANCED_FACE('',(#191),#1445,.F.);
#1528=ADVANCED_FACE('',(#192),#1446,.F.);
#1529=ADVANCED_FACE('',(#193),#1447,.F.);
#1530=ADVANCED_FACE('',(#194),#1448,.F.);
#1531=ADVANCED_FACE('',(#195),#1449,.F.);
#1532=ADVANCED_FACE('',(#196),#1450,.F.);
#1533=ADVANCED_FACE('',(#197),#45,.T.);
#1534=ADVANCED_FACE('',(#198),#46,.T.);
#1535=ADVANCED_FACE('',(#199),#47,.T.);
#1536=ADVANCED_FACE('',(#200),#48,.T.);
#1537=ADVANCED_FACE('',(#201),#1451,.F.);
#1538=ADVANCED_FACE('',(#202),#1452,.F.);
#1539=ADVANCED_FACE('',(#203),#1453,.F.);
#1540=ADVANCED_FACE('',(#204),#1454,.F.);
#1541=ADVANCED_FACE('',(#205),#1455,.F.);
#1542=ADVANCED_FACE('',(#206),#1456,.F.);
#1543=ADVANCED_FACE('',(#207),#1457,.F.);
#1544=ADVANCED_FACE('',(#208),#1458,.T.);
#1545=ADVANCED_FACE('',(#209,#24),#1459,.F.);
#1546=ADVANCED_FACE('',(#210),#1460,.T.);
#1547=ADVANCED_FACE('',(#211),#1461,.T.);
#1548=ADVANCED_FACE('',(#212),#1462,.T.);
#1549=ADVANCED_FACE('',(#213),#1463,.T.);
#1550=ADVANCED_FACE('',(#214),#1464,.T.);
#1551=ADVANCED_FACE('',(#215),#1465,.T.);
#1552=ADVANCED_FACE('',(#216),#1466,.T.);
#1553=ADVANCED_FACE('',(#217),#1467,.T.);
#1554=ADVANCED_FACE('',(#218),#1468,.T.);
#1555=ADVANCED_FACE('',(#219),#1469,.T.);
#1556=ADVANCED_FACE('',(#220),#1470,.T.);
#1557=ADVANCED_FACE('',(#221),#1471,.T.);
#1558=ADVANCED_FACE('',(#222),#1472,.T.);
#1559=ADVANCED_FACE('',(#223),#1473,.T.);
#1560=ADVANCED_FACE('',(#224),#1474,.T.);
#1561=ADVANCED_FACE('',(#225),#49,.F.);
#1562=ADVANCED_FACE('',(#226),#50,.F.);
#1563=ADVANCED_FACE('',(#227,#25),#1475,.F.);
#1564=ADVANCED_FACE('',(#228),#51,.T.);
#1565=CLOSED_SHELL('',(#1476,#1477,#1478,#1479,#1480,#1481,#1482,#1483,
#1484,#1485,#1486,#1487,#1488,#1489,#1490,#1491,#1492,#1493,#1494,#1495,
#1496,#1497,#1498,#1499,#1500,#1501,#1502,#1503,#1504,#1505,#1506,#1507,
#1508,#1509,#1510,#1511,#1512,#1513,#1514,#1515,#1516,#1517,#1518,#1519,
#1520,#1521,#1522,#1523,#1524,#1525,#1526,#1527,#1528,#1529,#1530,#1531,
#1532,#1533,#1534,#1535,#1536,#1537,#1538,#1539,#1540,#1541,#1542,#1543,
#1544,#1545,#1546,#1547,#1548,#1549,#1550,#1551,#1552,#1553,#1554,#1555,
#1556,#1557,#1558,#1559,#1560,#1561,#1562,#1563,#1564));
#1566=DERIVED_UNIT_ELEMENT(#1568,1.);
#1567=DERIVED_UNIT_ELEMENT(#3069,-3.);
#1568=(
MASS_UNIT()
NAMED_UNIT(*)
SI_UNIT(.KILO.,.GRAM.)
);
#1569=DERIVED_UNIT((#1566,#1567));
#1570=MEASURE_REPRESENTATION_ITEM('density measure',
POSITIVE_RATIO_MEASURE(7850.),#1569);
#1571=PROPERTY_DEFINITION_REPRESENTATION(#1576,#1573);
#1572=PROPERTY_DEFINITION_REPRESENTATION(#1577,#1574);
#1573=REPRESENTATION('material name',(#1575),#3066);
#1574=REPRESENTATION('density',(#1570),#3066);
#1575=DESCRIPTIVE_REPRESENTATION_ITEM('\X2\94A2\X0\','\X2\94A2\X0\');
#1576=PROPERTY_DEFINITION('material property','material name',#3081);
#1577=PROPERTY_DEFINITION('material property','density of part',#3081);
#1578=AXIS2_PLACEMENT_3D('',#2098,#1702,#1703);
#1579=AXIS2_PLACEMENT_3D('',#2099,#1704,#1705);
#1580=AXIS2_PLACEMENT_3D('',#2100,#1706,#1707);
#1581=AXIS2_PLACEMENT_3D('',#2109,#1712,#1713);
#1582=AXIS2_PLACEMENT_3D('',#2115,#1717,#1718);
#1583=AXIS2_PLACEMENT_3D('',#2121,#1722,#1723);
#1584=AXIS2_PLACEMENT_3D('',#2124,#1726,#1727);
#1585=AXIS2_PLACEMENT_3D('',#2167,#1728,#1729);
#1586=AXIS2_PLACEMENT_3D('',#2207,#1730,#1731);
#1587=AXIS2_PLACEMENT_3D('',#2227,#1732,#1733);
#1588=AXIS2_PLACEMENT_3D('',#2228,#1734,#1735);
#1589=AXIS2_PLACEMENT_3D('',#2229,#1736,#1737);
#1590=AXIS2_PLACEMENT_3D('',#2230,#1738,#1739);
#1591=AXIS2_PLACEMENT_3D('',#2233,#1740,#1741);
#1592=AXIS2_PLACEMENT_3D('',#2247,#1744,#1745);
#1593=AXIS2_PLACEMENT_3D('',#2248,#1746,#1747);
#1594=AXIS2_PLACEMENT_3D('',#2249,#1748,#1749);
#1595=AXIS2_PLACEMENT_3D('',#2272,#1750,#1751);
#1596=AXIS2_PLACEMENT_3D('',#2366,#1754,#1755);
#1597=AXIS2_PLACEMENT_3D('',#2400,#1761,#1762);
#1598=AXIS2_PLACEMENT_3D('',#2405,#1765,#1766);
#1599=AXIS2_PLACEMENT_3D('',#2448,#1767,#1768);
#1600=AXIS2_PLACEMENT_3D('',#2488,#1769,#1770);
#1601=AXIS2_PLACEMENT_3D('',#2508,#1771,#1772);
#1602=AXIS2_PLACEMENT_3D('',#2509,#1773,#1774);
#1603=AXIS2_PLACEMENT_3D('',#2510,#1775,#1776);
#1604=AXIS2_PLACEMENT_3D('',#2511,#1777,#1778);
#1605=AXIS2_PLACEMENT_3D('',#2514,#1779,#1780);
#1606=AXIS2_PLACEMENT_3D('',#2528,#1783,#1784);
#1607=AXIS2_PLACEMENT_3D('',#2529,#1785,#1786);
#1608=AXIS2_PLACEMENT_3D('',#2530,#1787,#1788);
#1609=AXIS2_PLACEMENT_3D('',#2553,#1789,#1790);
#1610=AXIS2_PLACEMENT_3D('',#2647,#1793,#1794);
#1611=AXIS2_PLACEMENT_3D('',#2655,#1798,#1799);
#1612=AXIS2_PLACEMENT_3D('',#2659,#1801,#1802);
#1613=AXIS2_PLACEMENT_3D('',#2663,#1804,#1805);
#1614=AXIS2_PLACEMENT_3D('',#2667,#1807,#1808);
#1615=AXIS2_PLACEMENT_3D('',#2697,#1812,#1813);
#1616=AXIS2_PLACEMENT_3D('',#2702,#1816,#1817);
#1617=AXIS2_PLACEMENT_3D('',#2703,#1818,#1819);
#1618=AXIS2_PLACEMENT_3D('',#2706,#1822,#1823);
#1619=AXIS2_PLACEMENT_3D('',#2709,#1826,#1827);
#1620=AXIS2_PLACEMENT_3D('',#2721,#1834,#1835);
#1621=AXIS2_PLACEMENT_3D('',#2722,#1836,#1837);
#1622=AXIS2_PLACEMENT_3D('',#2732,#1838,#1839);
#1623=AXIS2_PLACEMENT_3D('',#2736,#1841,#1842);
#1624=AXIS2_PLACEMENT_3D('',#2745,#1844,#1845);
#1625=AXIS2_PLACEMENT_3D('',#2768,#1847,#1848);
#1626=AXIS2_PLACEMENT_3D('',#2771,#1850,#1851);
#1627=AXIS2_PLACEMENT_3D('',#2772,#1852,#1853);
#1628=AXIS2_PLACEMENT_3D('',#2786,#1861,#1862);
#1629=AXIS2_PLACEMENT_3D('',#2790,#1864,#1865);
#1630=AXIS2_PLACEMENT_3D('',#2792,#1867,#1868);
#1631=AXIS2_PLACEMENT_3D('',#2796,#1870,#1871);
#1632=AXIS2_PLACEMENT_3D('',#2800,#1874,#1875);
#1633=AXIS2_PLACEMENT_3D('',#2813,#1883,#1884);
#1634=AXIS2_PLACEMENT_3D('',#2825,#1891,#1892);
#1635=AXIS2_PLACEMENT_3D('',#2827,#1893,#1894);
#1636=AXIS2_PLACEMENT_3D('',#2829,#1896,#1897);
#1637=AXIS2_PLACEMENT_3D('',#2833,#1899,#1900);
#1638=AXIS2_PLACEMENT_3D('',#2835,#1902,#1903);
#1639=AXIS2_PLACEMENT_3D('',#2839,#1905,#1906);
#1640=AXIS2_PLACEMENT_3D('',#2841,#1908,#1909);
#1641=AXIS2_PLACEMENT_3D('',#2845,#1911,#1912);
#1642=AXIS2_PLACEMENT_3D('',#2848,#1914,#1915);
#1643=AXIS2_PLACEMENT_3D('',#2849,#1916,#1917);
#1644=AXIS2_PLACEMENT_3D('',#2853,#1920,#1921);
#1645=AXIS2_PLACEMENT_3D('',#2857,#1924,#1925);
#1646=AXIS2_PLACEMENT_3D('',#2859,#1926,#1927);
#1647=AXIS2_PLACEMENT_3D('',#2861,#1929,#1930);
#1648=AXIS2_PLACEMENT_3D('',#2865,#1933,#1934);
#1649=AXIS2_PLACEMENT_3D('',#2866,#1935,#1936);
#1650=AXIS2_PLACEMENT_3D('',#2867,#1937,#1938);
#1651=AXIS2_PLACEMENT_3D('',#2902,#1941,#1942);
#1652=AXIS2_PLACEMENT_3D('',#2903,#1943,#1944);
#1653=AXIS2_PLACEMENT_3D('',#2906,#1946,#1947);
#1654=AXIS2_PLACEMENT_3D('',#2907,#1948,#1949);
#1655=AXIS2_PLACEMENT_3D('',#2909,#1950,#1951);
#1656=AXIS2_PLACEMENT_3D('',#2911,#1953,#1954);
#1657=AXIS2_PLACEMENT_3D('',#2912,#1955,#1956);
#1658=AXIS2_PLACEMENT_3D('',#2914,#1958,#1959);
#1659=AXIS2_PLACEMENT_3D('',#2917,#1962,#1963);
#1660=AXIS2_PLACEMENT_3D('',#2919,#1965,#1966);
#1661=AXIS2_PLACEMENT_3D('',#2922,#1969,#1970);
#1662=AXIS2_PLACEMENT_3D('',#2925,#1973,#1974);
#1663=AXIS2_PLACEMENT_3D('',#2928,#1977,#1978);
#1664=AXIS2_PLACEMENT_3D('',#2930,#1979,#1980);
#1665=AXIS2_PLACEMENT_3D('',#2932,#1982,#1983);
#1666=AXIS2_PLACEMENT_3D('',#2967,#1986,#1987);
#1667=AXIS2_PLACEMENT_3D('',#2969,#1988,#1989);
#1668=AXIS2_PLACEMENT_3D('',#2972,#1991,#1992);
#1669=AXIS2_PLACEMENT_3D('',#2973,#1993,#1994);
#1670=AXIS2_PLACEMENT_3D('',#2975,#1995,#1996);
#1671=AXIS2_PLACEMENT_3D('',#2978,#1998,#1999);
#1672=AXIS2_PLACEMENT_3D('',#2979,#2000,#2001);
#1673=AXIS2_PLACEMENT_3D('',#2981,#2003,#2004);
#1674=AXIS2_PLACEMENT_3D('',#2984,#2007,#2008);
#1675=AXIS2_PLACEMENT_3D('',#2988,#2011,#2012);
#1676=AXIS2_PLACEMENT_3D('',#2994,#2016,#2017);
#1677=AXIS2_PLACEMENT_3D('',#2996,#2019,#2020);
#1678=AXIS2_PLACEMENT_3D('',#3001,#2025,#2026);
#1679=AXIS2_PLACEMENT_3D('',#3004,#2029,#2030);
#1680=AXIS2_PLACEMENT_3D('',#3006,#2032,#2033);
#1681=AXIS2_PLACEMENT_3D('',#3015,#2038,#2039);
#1682=AXIS2_PLACEMENT_3D('',#3023,#2045,#2046);
#1683=AXIS2_PLACEMENT_3D('',#3029,#2050,#2051);
#1684=AXIS2_PLACEMENT_3D('',#3030,#2052,#2053);
#1685=AXIS2_PLACEMENT_3D('',#3031,#2054,#2055);
#1686=AXIS2_PLACEMENT_3D('',#3032,#2056,#2057);
#1687=AXIS2_PLACEMENT_3D('',#3033,#2058,#2059);
#1688=AXIS2_PLACEMENT_3D('',#3034,#2060,#2061);
#1689=AXIS2_PLACEMENT_3D('',#3035,#2062,#2063);
#1690=AXIS2_PLACEMENT_3D('',#3039,#2066,#2067);
#1691=AXIS2_PLACEMENT_3D('',#3045,#2071,#2072);
#1692=AXIS2_PLACEMENT_3D('',#3048,#2075,#2076);
#1693=AXIS2_PLACEMENT_3D('',#3049,#2077,#2078);
#1694=AXIS2_PLACEMENT_3D('',#3050,#2079,#2080);
#1695=AXIS2_PLACEMENT_3D('',#3054,#2083,#2084);
#1696=AXIS2_PLACEMENT_3D('',#3056,#2086,#2087);
#1697=AXIS2_PLACEMENT_3D('',#3057,#2088,#2089);
#1698=AXIS2_PLACEMENT_3D('',#3058,#2090,#2091);
#1699=AXIS2_PLACEMENT_3D('',#3059,#2092,#2093);
#1700=AXIS2_PLACEMENT_3D('',#3060,#2094,#2095);
#1701=AXIS2_PLACEMENT_3D('',#3061,#2096,#2097);
#1702=DIRECTION('axis',(0.,0.,1.));
#1703=DIRECTION('refdir',(1.,0.,0.));
#1704=DIRECTION('axis',(0.,0.,1.));
#1705=DIRECTION('refdir',(1.,0.,0.));
#1706=DIRECTION('center_axis',(0.,0.,-1.));
#1707=DIRECTION('ref_axis',(1.,0.,0.));
#1708=DIRECTION('',(1.,0.,0.));
#1709=DIRECTION('',(0.,-1.,0.));
#1710=DIRECTION('',(1.,0.,0.));
#1711=DIRECTION('',(0.,-1.,0.));
#1712=DIRECTION('center_axis',(-1.,0.,0.));
#1713=DIRECTION('ref_axis',(0.,0.,-1.));
#1714=DIRECTION('',(0.,0.,-1.));
#1715=DIRECTION('',(0.,-1.,0.));
#1716=DIRECTION('',(0.,0.,-1.));
#1717=DIRECTION('center_axis',(0.,0.,1.));
#1718=DIRECTION('ref_axis',(-1.,0.,0.));
#1719=DIRECTION('',(-1.,0.,0.));
#1720=DIRECTION('',(0.,-1.,0.));
#1721=DIRECTION('',(-1.,0.,0.));
#1722=DIRECTION('center_axis',(1.,0.,0.));
#1723=DIRECTION('ref_axis',(0.,0.,1.));
#1724=DIRECTION('',(0.,0.,1.));
#1725=DIRECTION('',(0.,0.,1.));
#1726=DIRECTION('center_axis',(0.,-1.,0.));
#1727=DIRECTION('ref_axis',(0.,0.,-1.));
#1728=DIRECTION('center_axis',(0.617914380709542,0.700649049692494,-0.356753034012814));
#1729=DIRECTION('ref_axis',(0.49999999997269,0.,0.866025403800206));
#1730=DIRECTION('center_axis',(0.866025403784393,0.500000000000079,-7.41137738526068E-14));
#1731=DIRECTION('ref_axis',(7.66053886991358E-14,1.55431223447522E-14,1.));
#1732=DIRECTION('center_axis',(1.,0.,0.));
#1733=DIRECTION('ref_axis',(0.,0.,1.));
#1734=DIRECTION('center_axis',(2.59796825171912E-17,0.,1.));
#1735=DIRECTION('ref_axis',(0.126004292482707,-0.992029696267169,0.));
#1736=DIRECTION('center_axis',(-2.59796825171912E-17,0.,-1.));
#1737=DIRECTION('ref_axis',(0.126004292482707,-0.992029696267169,-3.27355151450402E-18));
#1738=DIRECTION('center_axis',(-1.,0.,2.59796825171912E-17));
#1739=DIRECTION('ref_axis',(0.,-0.707106781186548,0.707106781186548));
#1740=DIRECTION('center_axis',(1.,0.,0.));
#1741=DIRECTION('ref_axis',(0.,0.,1.));
#1742=DIRECTION('',(1.,0.,-2.59796825171912E-17));
#1743=DIRECTION('',(-1.,0.,2.59796825171912E-17));
#1744=DIRECTION('center_axis',(0.866025403784396,-0.500000000000074,1.11022302462502E-15));
#1745=DIRECTION('ref_axis',(0.,2.22044604924972E-15,1.));
#1746=DIRECTION('center_axis',(2.59796825171912E-17,0.,1.));
#1747=DIRECTION('ref_axis',(-0.126004292482749,-0.992029696267164,0.));
#1748=DIRECTION('center_axis',(-2.59796825171912E-17,0.,-1.));
#1749=DIRECTION('ref_axis',(-0.126004292482749,-0.992029696267164,3.27355151450511E-18));
#1750=DIRECTION('center_axis',(0.61791438065371,-0.700649049743897,0.356753034008565));
#1751=DIRECTION('ref_axis',(-0.500000000002094,1.55431223447522E-14,0.86602540378323));
#1752=DIRECTION('',(-4.44089209850063E-15,-1.,1.49417515397469E-14));
#1753=DIRECTION('',(0.,-1.,0.));
#1754=DIRECTION('center_axis',(2.59796825171912E-17,0.,1.));
#1755=DIRECTION('ref_axis',(1.,0.,-2.59796825171912E-17));
#1756=DIRECTION('',(-4.39463280580791E-15,-1.,1.49417515397469E-14));
#1757=DIRECTION('',(0.,1.,0.));
#1758=DIRECTION('',(1.,0.,-2.59796825171912E-17));
#1759=DIRECTION('',(0.,1.,0.));
#1760=DIRECTION('',(0.,-1.,0.));
#1761=DIRECTION('center_axis',(0.,1.,0.));
#1762=DIRECTION('ref_axis',(1.,0.,0.));
#1763=DIRECTION('',(0.,1.,0.));
#1764=DIRECTION('',(0.,1.,0.));
#1765=DIRECTION('center_axis',(0.,1.,0.));
#1766=DIRECTION('ref_axis',(1.,0.,0.));
#1767=DIRECTION('center_axis',(-0.617914380709939,0.700649049692119,0.356753034012862));
#1768=DIRECTION('ref_axis',(-0.499999999972499,0.,-0.866025403800316));
#1769=DIRECTION('center_axis',(-0.866025403784306,0.50000000000023,5.87193931892771E-14));
#1770=DIRECTION('ref_axis',(-7.54951656745106E-14,-1.33226762955019E-14,
-1.));
#1771=DIRECTION('center_axis',(-1.,0.,0.));
#1772=DIRECTION('ref_axis',(0.,0.,-1.));
#1773=DIRECTION('center_axis',(1.42888253844551E-16,0.,-1.));
#1774=DIRECTION('ref_axis',(-0.126004292482747,-0.992029696267164,0.));
#1775=DIRECTION('center_axis',(-1.42888253844551E-16,0.,1.));
#1776=DIRECTION('ref_axis',(-0.126004292482747,-0.992029696267164,-1.80045333297778E-17));
#1777=DIRECTION('center_axis',(1.,0.,1.42888253844551E-16));
#1778=DIRECTION('ref_axis',(0.,-0.707106781186548,-0.707106781186547));
#1779=DIRECTION('center_axis',(-1.,0.,0.));
#1780=DIRECTION('ref_axis',(0.,0.,-1.));
#1781=DIRECTION('',(-1.,0.,-1.42888253844551E-16));
#1782=DIRECTION('',(1.,0.,1.42888253844551E-16));
#1783=DIRECTION('center_axis',(-0.866025403784483,-0.499999999999923,1.11022302462528E-15));
#1784=DIRECTION('ref_axis',(0.,-2.22044604925091E-15,-1.));
#1785=DIRECTION('center_axis',(1.42888253844551E-16,0.,-1.));
#1786=DIRECTION('ref_axis',(0.126004292482708,-0.992029696267169,0.));
#1787=DIRECTION('center_axis',(-1.42888253844551E-16,0.,1.));
#1788=DIRECTION('ref_axis',(0.126004292482708,-0.992029696267169,1.80045333297722E-17));
#1789=DIRECTION('center_axis',(-0.617914380653338,-0.700649049745816,-0.356753034005441));
#1790=DIRECTION('ref_axis',(0.499999999999062,-1.55431223447522E-14,-0.86602540378498));
#1791=DIRECTION('',(-4.39463280580791E-15,-1.,1.49417515397469E-14));
#1792=DIRECTION('',(0.,-1.,0.));
#1793=DIRECTION('center_axis',(1.42888253844551E-16,0.,-1.));
#1794=DIRECTION('ref_axis',(-1.,0.,-1.42888253844551E-16));
#1795=DIRECTION('',(-4.44089209850063E-15,-1.,1.49417515397469E-14));
#1796=DIRECTION('',(0.,1.,0.));
#1797=DIRECTION('',(-1.,0.,-1.42888253844551E-16));
#1798=DIRECTION('center_axis',(1.42888253844551E-16,0.,-1.));
#1799=DIRECTION('ref_axis',(0.,1.,0.));
#1800=DIRECTION('',(0.,-1.,0.));
#1801=DIRECTION('center_axis',(0.,0.,-1.));
#1802=DIRECTION('ref_axis',(0.,-1.,0.));
#1803=DIRECTION('',(1.,0.,1.42888253844551E-16));
#1804=DIRECTION('center_axis',(0.,0.,-1.));
#1805=DIRECTION('ref_axis',(1.,5.55111512312578E-17,0.));
#1806=DIRECTION('',(0.,1.,0.));
#1807=DIRECTION('center_axis',(1.42888253844551E-16,0.,-1.));
#1808=DIRECTION('ref_axis',(-1.,0.,0.));
#1809=DIRECTION('',(-1.,0.,-1.42888253844551E-16));
#1810=DIRECTION('',(0.,1.,0.));
#1811=DIRECTION('',(0.,-1.,0.));
#1812=DIRECTION('center_axis',(0.,1.,0.));
#1813=DIRECTION('ref_axis',(-1.,0.,0.));
#1814=DIRECTION('',(0.,1.,0.));
#1815=DIRECTION('',(0.,1.,0.));
#1816=DIRECTION('center_axis',(0.,1.,0.));
#1817=DIRECTION('ref_axis',(-1.,0.,0.));
#1818=DIRECTION('center_axis',(0.,0.,1.));
#1819=DIRECTION('ref_axis',(0.,-1.,0.));
#1820=DIRECTION('',(0.,0.,1.));
#1821=DIRECTION('',(-2.77555756156289E-16,0.,-1.));
#1822=DIRECTION('center_axis',(0.,0.,1.));
#1823=DIRECTION('ref_axis',(1.,0.,0.));
#1824=DIRECTION('',(-1.38777878078145E-16,0.,-1.));
#1825=DIRECTION('',(0.,0.,1.));
#1826=DIRECTION('center_axis',(1.,0.,-3.10551895000044E-16));
#1827=DIRECTION('ref_axis',(-3.10551895000044E-16,0.,-1.));
#1828=DIRECTION('',(0.,1.,0.));
#1829=DIRECTION('',(3.10551895000044E-16,0.,1.));
#1830=DIRECTION('',(0.,1.,0.));
#1831=DIRECTION('',(-3.10551895000044E-16,0.,-1.));
#1832=DIRECTION('',(0.,-1.,0.));
#1833=DIRECTION('',(3.10551895000044E-16,0.,1.));
#1834=DIRECTION('center_axis',(0.,-1.,0.));
#1835=DIRECTION('ref_axis',(-1.,0.,0.));
#1836=DIRECTION('center_axis',(0.,0.,1.));
#1837=DIRECTION('ref_axis',(1.,0.,0.));
#1838=DIRECTION('center_axis',(-1.42888253844551E-16,0.,1.));
#1839=DIRECTION('ref_axis',(1.,0.,0.));
#1840=DIRECTION('',(0.,0.,-1.));
#1841=DIRECTION('center_axis',(-2.59796825171912E-17,0.,-1.));
#1842=DIRECTION('ref_axis',(1.,0.,0.));
#1843=DIRECTION('',(0.,0.,-1.));
#1844=DIRECTION('center_axis',(0.,0.,1.));
#1845=DIRECTION('ref_axis',(0.,-1.,0.));
#1846=DIRECTION('',(0.,0.,-1.));
#1847=DIRECTION('center_axis',(-2.59796825171912E-17,0.,-1.));
#1848=DIRECTION('ref_axis',(0.,-1.,0.));
#1849=DIRECTION('',(0.,0.,-1.));
#1850=DIRECTION('center_axis',(-1.42888253844551E-16,0.,1.));
#1851=DIRECTION('ref_axis',(0.,-1.,0.));
#1852=DIRECTION('center_axis',(1.,0.,-3.10551895000044E-16));
#1853=DIRECTION('ref_axis',(-3.10551895000044E-16,0.,-1.));
#1854=DIRECTION('',(0.,1.,0.));
#1855=DIRECTION('',(-3.10551895000044E-16,0.,-1.));
#1856=DIRECTION('',(0.,1.,0.));
#1857=DIRECTION('',(-3.10551895000044E-16,0.,-1.));
#1858=DIRECTION('',(0.,-1.,0.));
#1859=DIRECTION('',(-3.10551895000044E-16,0.,-1.));
#1860=DIRECTION('',(0.,1.,0.));
#1861=DIRECTION('center_axis',(0.,1.,0.));
#1862=DIRECTION('ref_axis',(1.,0.,0.));
#1863=DIRECTION('',(0.,1.,0.));
#1864=DIRECTION('center_axis',(0.,-1.,0.));
#1865=DIRECTION('ref_axis',(1.,0.,0.));
#1866=DIRECTION('',(0.,1.,0.));
#1867=DIRECTION('center_axis',(0.,1.,0.));
#1868=DIRECTION('ref_axis',(-1.,0.,0.));
#1869=DIRECTION('',(0.,1.,0.));
#1870=DIRECTION('center_axis',(0.,-1.,0.));
#1871=DIRECTION('ref_axis',(-1.,0.,0.));
#1872=DIRECTION('',(0.,1.,0.));
#1873=DIRECTION('',(0.,1.,0.));
#1874=DIRECTION('center_axis',(2.59796825171912E-17,0.,1.));
#1875=DIRECTION('ref_axis',(1.,0.,-2.59796825171912E-17));
#1876=DIRECTION('',(1.,0.,-2.59796825171912E-17));
#1877=DIRECTION('',(0.,1.,0.));
#1878=DIRECTION('',(-1.,0.,2.59796825171912E-17));
#1879=DIRECTION('',(0.,1.,0.));
#1880=DIRECTION('',(-1.,0.,2.59796825171912E-17));
#1881=DIRECTION('',(0.,-1.,0.));
#1882=DIRECTION('',(1.,0.,-2.59796825171912E-17));
#1883=DIRECTION('center_axis',(-1.,0.,6.21103790000087E-16));
#1884=DIRECTION('ref_axis',(6.21103790000087E-16,0.,1.));
#1885=DIRECTION('',(0.,1.,0.));
#1886=DIRECTION('',(-6.21103790000087E-16,0.,-1.));
#1887=DIRECTION('',(0.,1.,0.));
#1888=DIRECTION('',(6.21103790000087E-16,0.,1.));
#1889=DIRECTION('',(0.,-1.,0.));
#1890=DIRECTION('',(-6.21103790000087E-16,0.,-1.));
#1891=DIRECTION('center_axis',(0.,1.,0.));
#1892=DIRECTION('ref_axis',(-2.96059473233374E-15,0.,1.));
#1893=DIRECTION('center_axis',(0.,1.,0.));
#1894=DIRECTION('ref_axis',(-2.96059473233374E-15,0.,1.));
#1895=DIRECTION('',(0.,1.,0.));
#1896=DIRECTION('center_axis',(0.,0.,1.));
#1897=DIRECTION('ref_axis',(-1.,0.,0.));
#1898=DIRECTION('',(0.,0.,-1.));
#1899=DIRECTION('center_axis',(-1.42888253844551E-16,0.,1.));
#1900=DIRECTION('ref_axis',(-1.,0.,0.));
#1901=DIRECTION('',(0.,0.,-1.));
#1902=DIRECTION('center_axis',(0.,0.,1.));
#1903=DIRECTION('ref_axis',(0.,1.,0.));
#1904=DIRECTION('',(0.,0.,-1.));
#1905=DIRECTION('center_axis',(-1.42888253844551E-16,0.,1.));
#1906=DIRECTION('ref_axis',(0.,1.,0.));
#1907=DIRECTION('',(0.,0.,-1.));
#1908=DIRECTION('center_axis',(0.,-1.,0.));
#1909=DIRECTION('ref_axis',(-1.,0.,0.));
#1910=DIRECTION('',(1.,0.,1.42888253844551E-16));
#1911=DIRECTION('center_axis',(0.,-1.,0.));
#1912=DIRECTION('ref_axis',(2.22044604925031E-15,0.,-1.));
#1913=DIRECTION('',(1.,0.,0.));
#1914=DIRECTION('center_axis',(0.,1.,0.));
#1915=DIRECTION('ref_axis',(2.22044604925031E-15,0.,-1.));
#1916=DIRECTION('center_axis',(1.,0.,0.));
#1917=DIRECTION('ref_axis',(0.,1.,0.));
#1918=DIRECTION('',(0.,0.,-1.));
#1919=DIRECTION('',(0.,-1.,0.));
#1920=DIRECTION('center_axis',(-1.,0.,0.));
#1921=DIRECTION('ref_axis',(0.,-1.,0.));
#1922=DIRECTION('',(0.,1.,0.));
#1923=DIRECTION('',(0.,0.,-1.));
#1924=DIRECTION('center_axis',(0.,0.,1.));
#1925=DIRECTION('ref_axis',(0.,-1.,0.));
#1926=DIRECTION('center_axis',(0.,0.,-1.));
#1927=DIRECTION('ref_axis',(0.,-1.,0.));
#1928=DIRECTION('',(0.,0.,-1.));
#1929=DIRECTION('center_axis',(0.,-1.,0.));
#1930=DIRECTION('ref_axis',(1.,0.,0.));
#1931=DIRECTION('',(-1.,0.,-1.42888253844551E-16));
#1932=DIRECTION('',(0.,0.,-1.));
#1933=DIRECTION('center_axis',(0.,0.,1.));
#1934=DIRECTION('ref_axis',(1.,5.55111512312578E-17,0.));
#1935=DIRECTION('center_axis',(0.,0.,-1.));
#1936=DIRECTION('ref_axis',(1.,5.55111512312578E-17,0.));
#1937=DIRECTION('center_axis',(0.,0.,1.));
#1938=DIRECTION('ref_axis',(-0.942809041582063,-0.333333333333333,0.));
#1939=DIRECTION('',(0.,0.,1.));
#1940=DIRECTION('',(0.,0.,1.));
#1941=DIRECTION('center_axis',(0.,1.,0.));
#1942=DIRECTION('ref_axis',(-0.707106781186547,0.,0.707106781186547));
#1943=DIRECTION('center_axis',(0.,1.,0.));
#1944=DIRECTION('ref_axis',(-0.707106781186547,0.,0.707106781186547));
#1945=DIRECTION('',(0.,1.,0.));
#1946=DIRECTION('center_axis',(0.,0.707106781186548,-0.707106781186548));
#1947=DIRECTION('ref_axis',(0.,0.707106781186547,0.707106781186547));
#1948=DIRECTION('center_axis',(0.,-1.,0.));
#1949=DIRECTION('ref_axis',(-0.707106781186547,0.,-0.707106781186547));
#1950=DIRECTION('center_axis',(0.,-0.707106781186548,-0.707106781186548));
#1951=DIRECTION('ref_axis',(0.,0.707106781186547,-0.707106781186547));
#1952=DIRECTION('',(0.,-1.,0.));
#1953=DIRECTION('center_axis',(0.,1.,0.));
#1954=DIRECTION('ref_axis',(-0.707106781186547,0.,-0.707106781186547));
#1955=DIRECTION('center_axis',(0.,0.,-1.));
#1956=DIRECTION('ref_axis',(-0.707106781186545,0.70710678118655,0.));
#1957=DIRECTION('',(0.,0.,-1.));
#1958=DIRECTION('center_axis',(0.,0.,1.));
#1959=DIRECTION('ref_axis',(0.,-1.,0.));
#1960=DIRECTION('',(1.,0.,0.));
#1961=DIRECTION('',(-1.,0.,0.));
#1962=DIRECTION('center_axis',(0.,-1.,0.));
#1963=DIRECTION('ref_axis',(0.,0.,-1.));
#1964=DIRECTION('',(1.,0.,0.));
#1965=DIRECTION('center_axis',(0.,-1.,0.));
#1966=DIRECTION('ref_axis',(0.,0.,-1.));
#1967=DIRECTION('',(1.,0.,0.));
#1968=DIRECTION('',(1.,0.,0.));
#1969=DIRECTION('center_axis',(0.,0.,-1.));
#1970=DIRECTION('ref_axis',(0.,1.,0.));
#1971=DIRECTION('',(0.,1.,0.));
#1972=DIRECTION('',(0.,1.,0.));
#1973=DIRECTION('center_axis',(0.,-1.,0.));
#1974=DIRECTION('ref_axis',(-1.,0.,0.));
#1975=DIRECTION('',(1.,0.,0.));
#1976=DIRECTION('',(-1.,0.,0.));
#1977=DIRECTION('center_axis',(0.,-1.,0.));
#1978=DIRECTION('ref_axis',(-1.,0.,0.));
#1979=DIRECTION('center_axis',(0.,-1.,0.));
#1980=DIRECTION('ref_axis',(-2.96059473233374E-15,0.,1.));
#1981=DIRECTION('',(-1.,0.,0.));
#1982=DIRECTION('center_axis',(0.,0.,-1.));
#1983=DIRECTION('ref_axis',(0.942809041582065,-0.333333333333329,0.));
#1984=DIRECTION('',(0.,0.,-1.));
#1985=DIRECTION('',(0.,0.,-1.));
#1986=DIRECTION('center_axis',(0.,1.,0.));
#1987=DIRECTION('ref_axis',(0.70710678118654,0.,-0.707106781186555));
#1988=DIRECTION('center_axis',(0.,1.,0.));
#1989=DIRECTION('ref_axis',(0.70710678118654,0.,-0.707106781186555));
#1990=DIRECTION('',(0.,1.,0.));
#1991=DIRECTION('center_axis',(0.,0.707106781186548,0.707106781186548));
#1992=DIRECTION('ref_axis',(0.,0.707106781186548,-0.707106781186548));
#1993=DIRECTION('center_axis',(0.,-1.,0.));
#1994=DIRECTION('ref_axis',(0.70710678118654,0.,0.707106781186555));
#1995=DIRECTION('center_axis',(0.,-0.707106781186548,0.707106781186548));
#1996=DIRECTION('ref_axis',(0.,0.707106781186548,0.707106781186548));
#1997=DIRECTION('',(0.,-1.,0.));
#1998=DIRECTION('center_axis',(0.,1.,0.));
#1999=DIRECTION('ref_axis',(0.70710678118654,0.,0.707106781186555));
#2000=DIRECTION('center_axis',(0.,0.,1.));
#2001=DIRECTION('ref_axis',(0.70710678118654,0.707106781186555,0.));
#2002=DIRECTION('',(0.,0.,1.));
#2003=DIRECTION('center_axis',(0.,0.,-1.));
#2004=DIRECTION('ref_axis',(0.,-1.,0.));
#2005=DIRECTION('',(-1.,0.,0.));
#2006=DIRECTION('',(1.,0.,0.));
#2007=DIRECTION('center_axis',(0.,-1.,0.));
#2008=DIRECTION('ref_axis',(0.,0.,1.));
#2009=DIRECTION('',(-1.,0.,0.));
#2010=DIRECTION('',(6.21103790000087E-16,0.,1.));
#2011=DIRECTION('center_axis',(0.,-1.,0.));
#2012=DIRECTION('ref_axis',(0.,0.,1.));
#2013=DIRECTION('',(-1.,0.,0.));
#2014=DIRECTION('',(6.21103790000087E-16,0.,1.));
#2015=DIRECTION('',(-1.,0.,0.));
#2016=DIRECTION('center_axis',(0.,0.,1.));
#2017=DIRECTION('ref_axis',(0.,1.,0.));
#2018=DIRECTION('',(0.,1.,0.));
#2019=DIRECTION('center_axis',(-1.,0.,6.21103790000087E-16));
#2020=DIRECTION('ref_axis',(6.21103790000087E-16,0.,1.));
#2021=DIRECTION('',(0.,1.,0.));
#2022=DIRECTION('',(6.21103790000087E-16,0.,1.));
#2023=DIRECTION('',(0.,-1.,0.));
#2024=DIRECTION('',(0.,1.,0.));
#2025=DIRECTION('center_axis',(0.,-1.,0.));
#2026=DIRECTION('ref_axis',(-1.,0.,0.));
#2027=DIRECTION('',(-1.,0.,0.));
#2028=DIRECTION('',(1.,0.,0.));
#2029=DIRECTION('center_axis',(0.,-1.,0.));
#2030=DIRECTION('ref_axis',(-1.,0.,0.));
#2031=DIRECTION('',(1.,0.,1.42888253844551E-16));
#2032=DIRECTION('center_axis',(0.,1.,0.));
#2033=DIRECTION('ref_axis',(0.,0.,1.));
#2034=DIRECTION('',(1.,0.,1.42888253844551E-16));
#2035=DIRECTION('',(0.,0.,1.));
#2036=DIRECTION('',(1.,0.,0.));
#2037=DIRECTION('',(0.,0.,-1.));
#2038=DIRECTION('center_axis',(1.42888253844551E-16,0.,-1.));
#2039=DIRECTION('ref_axis',(-1.,0.,-1.42888253844551E-16));
#2040=DIRECTION('',(0.,1.,0.));
#2041=DIRECTION('',(-1.,0.,-1.42888253844551E-16));
#2042=DIRECTION('',(0.,1.,0.));
#2043=DIRECTION('',(0.,-1.,0.));
#2044=DIRECTION('',(-1.,-1.42888253844551E-16,-1.42888253844551E-16));
#2045=DIRECTION('center_axis',(0.,1.,0.));
#2046=DIRECTION('ref_axis',(0.,0.,1.));
#2047=DIRECTION('',(0.,0.,-1.));
#2048=DIRECTION('',(-1.,0.,3.56862252939119E-35));
#2049=DIRECTION('',(0.,0.,1.));
#2050=DIRECTION('center_axis',(0.,0.,1.));
#2051=DIRECTION('ref_axis',(0.,1.,0.));
#2052=DIRECTION('center_axis',(0.,-1.,0.));
#2053=DIRECTION('ref_axis',(0.,0.,1.));
#2054=DIRECTION('center_axis',(0.,0.,-1.));
#2055=DIRECTION('ref_axis',(0.,-1.,0.));
#2056=DIRECTION('center_axis',(0.,0.,-1.));
#2057=DIRECTION('ref_axis',(0.,1.,0.));
#2058=DIRECTION('center_axis',(0.,-1.,0.));
#2059=DIRECTION('ref_axis',(0.,0.,-1.));
#2060=DIRECTION('center_axis',(0.,0.,1.));
#2061=DIRECTION('ref_axis',(0.,-1.,0.));
#2062=DIRECTION('center_axis',(-1.,0.,0.));
#2063=DIRECTION('ref_axis',(0.,0.,1.));
#2064=DIRECTION('',(0.,0.707106781186547,0.707106781186548));
#2065=DIRECTION('',(0.,1.,0.));
#2066=DIRECTION('center_axis',(0.,-0.707106781186548,-0.707106781186548));
#2067=DIRECTION('ref_axis',(-1.,0.,0.));
#2068=DIRECTION('',(0.,0.707106781186548,-0.707106781186548));
#2069=DIRECTION('',(1.,0.,0.));
#2070=DIRECTION('',(0.,-0.707106781186548,0.707106781186548));
#2071=DIRECTION('center_axis',(0.,0.,-1.));
#2072=DIRECTION('ref_axis',(-1.,0.,0.));
#2073=DIRECTION('',(0.,1.,0.));
#2074=DIRECTION('',(0.,1.,0.));
#2075=DIRECTION('center_axis',(-1.,0.,0.));
#2076=DIRECTION('ref_axis',(0.,1.,0.));
#2077=DIRECTION('center_axis',(1.,0.,0.));
#2078=DIRECTION('ref_axis',(0.,-1.,3.45886344832465E-34));
#2079=DIRECTION('center_axis',(0.,-0.707106781186548,0.707106781186547));
#2080=DIRECTION('ref_axis',(1.,0.,0.));
#2081=DIRECTION('',(0.,0.707106781186547,0.707106781186548));
#2082=DIRECTION('',(-1.,0.,0.));
#2083=DIRECTION('center_axis',(0.,0.,1.));
#2084=DIRECTION('ref_axis',(1.,0.,0.));
#2085=DIRECTION('',(0.,1.,0.));
#2086=DIRECTION('center_axis',(1.,0.,0.));
#2087=DIRECTION('ref_axis',(0.,1.,0.));
#2088=DIRECTION('center_axis',(0.,1.,0.));
#2089=DIRECTION('ref_axis',(-2.96059473233374E-15,0.,1.));
#2090=DIRECTION('center_axis',(0.,1.,0.));
#2091=DIRECTION('ref_axis',(2.22044604925031E-15,0.,-1.));
#2092=DIRECTION('center_axis',(0.,-1.,0.));
#2093=DIRECTION('ref_axis',(-1.,0.,0.));
#2094=DIRECTION('center_axis',(0.,1.,0.));
#2095=DIRECTION('ref_axis',(2.22044604925031E-15,0.,-1.));
#2096=DIRECTION('',(0.,0.,1.));
#2097=DIRECTION('',(1.,0.,0.));
#2098=CARTESIAN_POINT('',(0.,0.,0.));
#2099=CARTESIAN_POINT('',(0.,0.,0.));
#2100=CARTESIAN_POINT('Origin',(-61.0000009089708,-24.414239268474,0.));
#2101=CARTESIAN_POINT('',(-61.0000009089708,-24.414239268474,0.));
#2102=CARTESIAN_POINT('',(3.50672027023017,-24.414239268474,0.));
#2103=CARTESIAN_POINT('',(-44.6411307567457,-24.414239268474,0.));
#2104=CARTESIAN_POINT('',(-61.0000009089708,-25.214239268474,0.));
#2105=CARTESIAN_POINT('',(-61.0000009089708,-24.414239268474,0.));
#2106=CARTESIAN_POINT('',(3.50672027023017,-25.214239268474,0.));
#2107=CARTESIAN_POINT('',(3.50672027023017,-25.214239268474,0.));
#2108=CARTESIAN_POINT('',(3.50672027023017,-24.414239268474,0.));
#2109=CARTESIAN_POINT('Origin',(-61.0000009089708,-24.414239268474,6.00000008940697));
#2110=CARTESIAN_POINT('',(-61.0000009089708,-24.414239268474,6.00000008940697));
#2111=CARTESIAN_POINT('',(-61.0000009089708,-24.414239268474,4.55000004470348));
#2112=CARTESIAN_POINT('',(-61.0000009089708,-25.214239268474,6.00000008940697));
#2113=CARTESIAN_POINT('',(-61.0000009089708,-24.414239268474,6.00000008940697));
#2114=CARTESIAN_POINT('',(-61.0000009089708,-25.214239268474,0.));
#2115=CARTESIAN_POINT('Origin',(3.50672027023017,-24.414239268474,6.00000008940697));
#2116=CARTESIAN_POINT('',(3.50672027023017,-24.414239268474,6.00000008940697));
#2117=CARTESIAN_POINT('',(-12.3877701671452,-24.414239268474,6.00000008940697));
#2118=CARTESIAN_POINT('',(3.50672027023017,-25.214239268474,6.00000008940697));
#2119=CARTESIAN_POINT('',(3.50672027023017,-24.414239268474,6.00000008940697));
#2120=CARTESIAN_POINT('',(-61.0000009089708,-25.214239268474,6.00000008940697));
#2121=CARTESIAN_POINT('Origin',(3.50672027023017,-24.414239268474,0.));
#2122=CARTESIAN_POINT('',(3.50672027023017,-24.414239268474,1.55));
#2123=CARTESIAN_POINT('',(3.50672027023017,-25.214239268474,6.00000008940697));
#2124=CARTESIAN_POINT('Origin',(-28.7466403193703,-25.214239268474,3.00000004470348));
#2125=CARTESIAN_POINT('Ctrl Pts',(17.452019304039,-21.914239268474,10.25));
#2126=CARTESIAN_POINT('Ctrl Pts',(17.452019304039,-21.9161978161403,10.2541547070152));
#2127=CARTESIAN_POINT('Ctrl Pts',(17.452010402565,-21.9181565479366,10.2583096802056));
#2128=CARTESIAN_POINT('Ctrl Pts',(17.4504220846508,-22.1023513370066,10.6490623429594));
#2129=CARTESIAN_POINT('Ctrl Pts',(17.3342467863596,-22.3795341579429,11.23746405341));
#2130=CARTESIAN_POINT('Ctrl Pts',(16.8494947392492,-22.8235980117663,12.1349072380051));
#2131=CARTESIAN_POINT('Ctrl Pts',(16.3658170108194,-23.0807140918567,12.6091699940232));
#2132=CARTESIAN_POINT('Ctrl Pts',(15.9520193037113,-23.2371149241302,12.8480762115425));
#2133=CARTESIAN_POINT('Ctrl Pts',(17.452019304039,-21.914239268474,10.25));
#2134=CARTESIAN_POINT('Ctrl Pts',(17.4520138921541,-21.9165232538128,10.253692575697));
#2135=CARTESIAN_POINT('Ctrl Pts',(17.4520192301018,-21.9188104872402,10.2573869753663));
#2136=CARTESIAN_POINT('Ctrl Pts',(17.4501934475207,-22.1336521459564,10.6046869005744));
#2137=CARTESIAN_POINT('Ctrl Pts',(17.3616536220819,-22.4570642780214,11.1281099180995));
#2138=CARTESIAN_POINT('Ctrl Pts',(16.9727121478215,-22.988900443881,11.9629034175561));
#2139=CARTESIAN_POINT('Ctrl Pts',(16.5668122453313,-23.3108553860857,12.4405550531566));
#2140=CARTESIAN_POINT('Ctrl Pts',(16.1919804282372,-23.5192826840555,12.7095345917428));
#2141=CARTESIAN_POINT('Ctrl Pts',(17.452019304039,-21.914239268474,10.25));
#2142=CARTESIAN_POINT('Ctrl Pts',(17.4520139496538,-21.9171767859891,10.2527687037028));
#2143=CARTESIAN_POINT('Ctrl Pts',(17.4520215399976,-21.9201153888123,10.255540868162));
#2144=CARTESIAN_POINT('Ctrl Pts',(17.4506681202969,-22.1964234492198,10.5160027089744));
#2145=CARTESIAN_POINT('Ctrl Pts',(17.3954844161369,-22.6122727883724,10.9087862734384));
#2146=CARTESIAN_POINT('Ctrl Pts',(17.1347657548015,-23.3195251271533,11.5638806715511));
#2147=CARTESIAN_POINT('Ctrl Pts',(16.8476293386254,-23.7713804350212,11.9692974960852));
#2148=CARTESIAN_POINT('Ctrl Pts',(16.5503762212505,-24.0828859062303,12.2233995598448));
#2149=CARTESIAN_POINT('Ctrl Pts',(17.452019304039,-21.914239268474,10.25));
#2150=CARTESIAN_POINT('Ctrl Pts',(17.4520154952836,-21.917829999903,10.2518447031033));
#2151=CARTESIAN_POINT('Ctrl Pts',(17.4520192222667,-21.9214208666274,10.2536952646968));
#2152=CARTESIAN_POINT('Ctrl Pts',(17.4507102345756,-22.259125135168,10.4272380083695));
#2153=CARTESIAN_POINT('Ctrl Pts',(17.3875747662368,-22.7674072766876,10.6889002740741));
#2154=CARTESIAN_POINT('Ctrl Pts',(17.1091739823277,-23.6083568959267,11.1067920220525));
#2155=CARTESIAN_POINT('Ctrl Pts',(16.8176944777025,-24.121457405078,11.3470728286227));
#2156=CARTESIAN_POINT('Ctrl Pts',(16.5453375189042,-24.4541776698451,11.485469723421));
#2157=CARTESIAN_POINT('Ctrl Pts',(17.452019304039,-21.914239268474,10.25));
#2158=CARTESIAN_POINT('Ctrl Pts',(17.452019304039,-21.9181563638109,10.2513849023414));
#2159=CARTESIAN_POINT('Ctrl Pts',(17.452013369723,-21.9220738273992,10.2527698934019));
#2160=CARTESIAN_POINT('Ctrl Pts',(17.4509544911135,-22.2904634055382,10.3830207809857));
#2161=CARTESIAN_POINT('Ctrl Pts',(17.3735042922527,-22.8448290474115,10.5791546844698));
#2162=CARTESIAN_POINT('Ctrl Pts',(17.0503362608458,-23.7329567550583,10.8783024126681));
#2163=CARTESIAN_POINT('Ctrl Pts',(16.7278844418926,-24.2471889152393,11.0363899980077));
#2164=CARTESIAN_POINT('Ctrl Pts',(16.4520193038205,-24.5599905797863,11.1160254038475));
#2165=CARTESIAN_POINT('',(15.9520193038751,-23.2371149241302,12.8480762114479));
#2166=CARTESIAN_POINT('',(16.4520193038205,-24.5599905797863,11.1160254038475));
#2167=CARTESIAN_POINT('Origin',(14.9520193039298,-23.2371149241302,11.1160254038475));
#2168=CARTESIAN_POINT('',(17.452019304039,-21.914239268474,10.25));
#2169=CARTESIAN_POINT('Ctrl Pts',(16.4520193038205,-24.5599905797863,11.1160254038475));
#2170=CARTESIAN_POINT('Ctrl Pts',(16.7278844418926,-24.2471889152393,11.0363899980077));
#2171=CARTESIAN_POINT('Ctrl Pts',(17.0503362608458,-23.7329567550583,10.8783024126681));
#2172=CARTESIAN_POINT('Ctrl Pts',(17.3735042922527,-22.8448290474115,10.5791546844698));
#2173=CARTESIAN_POINT('Ctrl Pts',(17.4509544911135,-22.2904634055382,10.3830207809857));
#2174=CARTESIAN_POINT('Ctrl Pts',(17.452013369723,-21.9220738273992,10.2527698934019));
#2175=CARTESIAN_POINT('Ctrl Pts',(17.452019304039,-21.9181563638109,10.2513849023414));
#2176=CARTESIAN_POINT('Ctrl Pts',(17.452019304039,-21.914239268474,10.25));
#2177=CARTESIAN_POINT('Ctrl Pts',(17.452019304039,-21.914239268474,10.25));
#2178=CARTESIAN_POINT('Ctrl Pts',(17.452019304039,-21.9161978161403,10.2541547070152));
#2179=CARTESIAN_POINT('Ctrl Pts',(17.452010402565,-21.9181565479366,10.2583096802056));
#2180=CARTESIAN_POINT('Ctrl Pts',(17.4504220846508,-22.1023513370066,10.6490623429594));
#2181=CARTESIAN_POINT('Ctrl Pts',(17.3342467863596,-22.3795341579429,11.23746405341));
#2182=CARTESIAN_POINT('Ctrl Pts',(16.8494947392492,-22.8235980117663,12.1349072380051));
#2183=CARTESIAN_POINT('Ctrl Pts',(16.3658170108194,-23.0807140918567,12.6091699940232));
#2184=CARTESIAN_POINT('Ctrl Pts',(15.9520193037113,-23.2371149241302,12.8480762115425));
#2185=CARTESIAN_POINT('Ctrl Pts',(15.9520193037789,-23.2371149241061,12.8480762115039));
#2186=CARTESIAN_POINT('Ctrl Pts',(15.5403096964287,-23.3927265287855,13.0857768640809));
#2187=CARTESIAN_POINT('Ctrl Pts',(15.0290425776612,-23.535241895258,13.2500000000003));
#2188=CARTESIAN_POINT('Ctrl Pts',(14.4520193040398,-23.6462900760428,13.2500000000005));
#2189=CARTESIAN_POINT('Ctrl Pts',(16.2262605889438,-23.5595923640114,12.6897429317274));
#2190=CARTESIAN_POINT('Ctrl Pts',(15.8579343934921,-23.7743843941273,12.9616580137392));
#2191=CARTESIAN_POINT('Ctrl Pts',(15.3685716830543,-23.9876614467287,13.1906618630506));
#2192=CARTESIAN_POINT('Ctrl Pts',(14.7512186043817,-24.1645184658239,13.2500000000004));
#2193=CARTESIAN_POINT('Ctrl Pts',(16.5651860081239,-24.1220043910948,12.1722236838118));
#2194=CARTESIAN_POINT('Ctrl Pts',(16.2723442189005,-24.4380252003897,12.4165885606033));
#2195=CARTESIAN_POINT('Ctrl Pts',(15.858020932447,-24.7761398787112,12.6566429619599));
#2196=CARTESIAN_POINT('Ctrl Pts',(15.2693411858078,-25.0619331014028,12.7481747640982));
#2197=CARTESIAN_POINT('Ctrl Pts',(16.5320063453634,-24.4692937997857,11.4326919634617));
#2198=CARTESIAN_POINT('Ctrl Pts',(16.2596988184951,-24.7973573007388,11.5612673676394));
#2199=CARTESIAN_POINT('Ctrl Pts',(15.9011863829614,-25.1184515308325,11.671615455554));
#2200=CARTESIAN_POINT('Ctrl Pts',(15.4520193040394,-25.3783408836115,11.6987989505133));
#2201=CARTESIAN_POINT('Ctrl Pts',(16.4520193038632,-24.5599905797381,11.1160254038356));
#2202=CARTESIAN_POINT('Ctrl Pts',(16.1775462324281,-24.871213789097,11.1952589546566));
#2203=CARTESIAN_POINT('Ctrl Pts',(15.836701486454,-25.156244522042,11.2500000000005));
#2204=CARTESIAN_POINT('Ctrl Pts',(15.4520193040393,-25.3783408836116,11.2500000000005));
#2205=CARTESIAN_POINT('',(14.4520193040393,-23.6462900760428,13.2500000000005));
#2206=CARTESIAN_POINT('',(15.4520193040393,-25.3783408836116,11.2500000000005));
#2207=CARTESIAN_POINT('Origin',(14.4520193040392,-23.6462900760428,11.2500000000005));
#2208=CARTESIAN_POINT('Ctrl Pts',(15.4520193040393,-25.3783408836116,11.2500000000005));
#2209=CARTESIAN_POINT('Ctrl Pts',(15.836701486454,-25.156244522042,11.2500000000005));
#2210=CARTESIAN_POINT('Ctrl Pts',(16.1775462324281,-24.871213789097,11.1952589546566));
#2211=CARTESIAN_POINT('Ctrl Pts',(16.4520193038632,-24.5599905797381,11.1160254038356));
#2212=CARTESIAN_POINT('Ctrl Pts',(15.9520193037789,-23.2371149241061,12.8480762115039));
#2213=CARTESIAN_POINT('Ctrl Pts',(15.5403096964287,-23.3927265287855,13.0857768640809));
#2214=CARTESIAN_POINT('Ctrl Pts',(15.0290425776612,-23.535241895258,13.2500000000003));
#2215=CARTESIAN_POINT('Ctrl Pts',(14.4520193040398,-23.6462900760428,13.2500000000005));
#2216=CARTESIAN_POINT('Ctrl Pts',(13.452019304039,-25.914239268474,11.25));
#2217=CARTESIAN_POINT('Ctrl Pts',(14.5238160737638,-25.914239268474,11.25));
#2218=CARTESIAN_POINT('Ctrl Pts',(15.4520193040396,-25.3783408836114,11.25));
#2219=CARTESIAN_POINT('Ctrl Pts',(13.452019304039,-25.914239268474,13.25));
#2220=CARTESIAN_POINT('Ctrl Pts',(14.5238160737638,-25.914239268474,13.25));
#2221=CARTESIAN_POINT('Ctrl Pts',(15.4520193040396,-25.3783408836114,13.25));
#2222=CARTESIAN_POINT('Ctrl Pts',(13.452019304039,-23.914239268474,13.25));
#2223=CARTESIAN_POINT('Ctrl Pts',(13.9879176889014,-23.914239268474,13.25));
#2224=CARTESIAN_POINT('Ctrl Pts',(14.4520193040393,-23.6462900760427,13.25));
#2225=CARTESIAN_POINT('',(13.452019304039,-23.914239268474,13.25));
#2226=CARTESIAN_POINT('',(13.452019304039,-25.914239268474,11.25));
#2227=CARTESIAN_POINT('Origin',(13.452019304039,-23.914239268474,11.25));
#2228=CARTESIAN_POINT('Origin',(13.452019304039,-21.914239268474,11.25));
#2229=CARTESIAN_POINT('Origin',(13.452019304039,-21.914239268474,13.25));
#2230=CARTESIAN_POINT('Origin',(-49.6494005588002,-23.914239268474,11.25));
#2231=CARTESIAN_POINT('',(-70.01654051308,-23.914239268474,13.25));
#2232=CARTESIAN_POINT('',(-70.01654051308,-25.914239268474,11.25));
#2233=CARTESIAN_POINT('Origin',(-70.01654051308,-23.914239268474,11.25));
#2234=CARTESIAN_POINT('',(-49.6494005588002,-25.914239268474,11.25));
#2235=CARTESIAN_POINT('',(-49.6494005588002,-23.914239268474,13.25));
#2236=CARTESIAN_POINT('Ctrl Pts',(-72.0165405130803,-25.3783408836116,11.25));
#2237=CARTESIAN_POINT('Ctrl Pts',(-71.0883372828047,-25.914239268474,11.25));
#2238=CARTESIAN_POINT('Ctrl Pts',(-70.01654051308,-25.914239268474,11.25));
#2239=CARTESIAN_POINT('Ctrl Pts',(-72.0165405130803,-25.3783408836116,13.25));
#2240=CARTESIAN_POINT('Ctrl Pts',(-71.0883372828047,-25.914239268474,13.25));
#2241=CARTESIAN_POINT('Ctrl Pts',(-70.01654051308,-25.914239268474,13.25));
#2242=CARTESIAN_POINT('Ctrl Pts',(-71.0165405130802,-23.6462900760428,13.25));
#2243=CARTESIAN_POINT('Ctrl Pts',(-70.5524388979424,-23.914239268474,13.25));
#2244=CARTESIAN_POINT('Ctrl Pts',(-70.01654051308,-23.914239268474,13.25));
#2245=CARTESIAN_POINT('',(-71.0165405130801,-23.6462900760428,13.2500000000005));
#2246=CARTESIAN_POINT('',(-72.0165405130803,-25.3783408836116,11.25));
#2247=CARTESIAN_POINT('Origin',(-71.0165405130801,-23.6462900760428,11.25));
#2248=CARTESIAN_POINT('Origin',(-70.01654051308,-21.914239268474,11.25));
#2249=CARTESIAN_POINT('Origin',(-70.01654051308,-21.914239268474,13.25));
#2250=CARTESIAN_POINT('Ctrl Pts',(-71.0165405130803,-23.6462900760427,13.2500000000005));
#2251=CARTESIAN_POINT('Ctrl Pts',(-71.5935628490788,-23.5352420757035,13.2500000000005));
#2252=CARTESIAN_POINT('Ctrl Pts',(-72.1048315719195,-23.3927262758336,13.0857764793621));
#2253=CARTESIAN_POINT('Ctrl Pts',(-72.5165405130801,-23.2371149240064,12.8480762113539));
#2254=CARTESIAN_POINT('Ctrl Pts',(-71.3157398134222,-24.1645184658239,13.2500000000005));
#2255=CARTESIAN_POINT('Ctrl Pts',(-71.9330918889385,-23.9876617341093,13.1906619594712));
#2256=CARTESIAN_POINT('Ctrl Pts',(-72.4224561991313,-23.7743840451352,12.9616575736201));
#2257=CARTESIAN_POINT('Ctrl Pts',(-72.7907817982172,-23.5595923638745,12.6897429315562));
#2258=CARTESIAN_POINT('Ctrl Pts',(-71.8337679634335,-25.0617695413941,12.747948037826));
#2259=CARTESIAN_POINT('Ctrl Pts',(-72.4224467535081,-24.7759767830972,12.6564163844207));
#2260=CARTESIAN_POINT('Ctrl Pts',(-72.8367919727446,-24.4379887351985,12.4165307219604));
#2261=CARTESIAN_POINT('Ctrl Pts',(-73.1296332870036,-24.1219684389811,12.1721662406999));
#2262=CARTESIAN_POINT('Ctrl Pts',(-72.0165405130804,-25.3783408836115,11.6987989505134));
#2263=CARTESIAN_POINT('Ctrl Pts',(-72.465706862136,-25.1184519531352,11.6716154997254));
#2264=CARTESIAN_POINT('Ctrl Pts',(-72.8242204700331,-24.7973567676692,11.5612671591025));
#2265=CARTESIAN_POINT('Ctrl Pts',(-73.0965275545734,-24.4692937995775,11.4326919633817));
#2266=CARTESIAN_POINT('Ctrl Pts',(-72.0165405130804,-25.3783408836115,11.2500000000005));
#2267=CARTESIAN_POINT('Ctrl Pts',(-72.4012220704122,-25.1562448829337,11.2500000000005));
#2268=CARTESIAN_POINT('Ctrl Pts',(-72.7420678876643,-24.8712132831954,11.1952588258698));
#2269=CARTESIAN_POINT('Ctrl Pts',(-73.0165405130742,-24.5599905795407,11.1160254037874));
#2270=CARTESIAN_POINT('',(-72.5165405130802,-23.2371149240064,12.8480762113538));
#2271=CARTESIAN_POINT('',(-73.0165405130764,-24.5599905795427,11.1160254037874));
#2272=CARTESIAN_POINT('Origin',(-71.516540513076,-23.2371149240064,11.1160254037874));
#2273=CARTESIAN_POINT('Ctrl Pts',(-73.0165405130742,-24.5599905795407,11.1160254037874));
#2274=CARTESIAN_POINT('Ctrl Pts',(-72.7420678876643,-24.8712132831954,11.1952588258698));
#2275=CARTESIAN_POINT('Ctrl Pts',(-72.4012220704122,-25.1562448829337,11.2500000000005));
#2276=CARTESIAN_POINT('Ctrl Pts',(-72.0165405130804,-25.3783408836115,11.2500000000005));
#2277=CARTESIAN_POINT('Ctrl Pts',(-71.0165405130803,-23.6462900760427,13.2500000000005));
#2278=CARTESIAN_POINT('Ctrl Pts',(-71.5935628490788,-23.5352420757035,13.2500000000005));
#2279=CARTESIAN_POINT('Ctrl Pts',(-72.1048315719195,-23.3927262758336,13.0857764793621));
#2280=CARTESIAN_POINT('Ctrl Pts',(-72.5165405130801,-23.2371149240064,12.8480762113539));
#2281=CARTESIAN_POINT('Ctrl Pts',(-72.5165405130769,-23.2371149240075,12.8480762113551));
#2282=CARTESIAN_POINT('Ctrl Pts',(-72.930338241784,-23.0807140835445,12.6091699812967));
#2283=CARTESIAN_POINT('Ctrl Pts',(-73.41400715427,-22.8236011531256,12.1349189825886));
#2284=CARTESIAN_POINT('Ctrl Pts',(-73.8987604276358,-22.3795369423975,11.2374738333073));
#2285=CARTESIAN_POINT('Ctrl Pts',(-74.0149412098907,-22.102352065562,10.6490649168154));
#2286=CARTESIAN_POINT('Ctrl Pts',(-74.0165316270537,-21.9181564892822,10.2583095483496));
#2287=CARTESIAN_POINT('Ctrl Pts',(-74.01654051308,-21.9161977897015,10.2541546509135));
#2288=CARTESIAN_POINT('Ctrl Pts',(-74.01654051308,-21.914239268474,10.25));
#2289=CARTESIAN_POINT('Ctrl Pts',(-72.7907817982155,-23.5595923638757,12.6897429315578));
#2290=CARTESIAN_POINT('Ctrl Pts',(-73.1609878779127,-23.3437207330806,12.4164666438705));
#2291=CARTESIAN_POINT('Ctrl Pts',(-73.5545880083784,-23.012323895861,11.93765731481));
#2292=CARTESIAN_POINT('Ctrl Pts',(-73.929906434093,-22.468015030143,11.1120760036271));
#2293=CARTESIAN_POINT('Ctrl Pts',(-74.0152230261888,-22.1381525075775,10.5982836229944));
#2294=CARTESIAN_POINT('Ctrl Pts',(-74.0165347876849,-21.9189028503853,10.2572551477545));
#2295=CARTESIAN_POINT('Ctrl Pts',(-74.01654051308,-21.9165708413628,10.2536270761935));
#2296=CARTESIAN_POINT('Ctrl Pts',(-74.01654051308,-21.914239268474,10.25));
#2297=CARTESIAN_POINT('Ctrl Pts',(-73.1294859871,-24.12189827759,12.1720489040209));
#2298=CARTESIAN_POINT('Ctrl Pts',(-73.4238355490819,-23.8042891814891,11.926490416285));
#2299=CARTESIAN_POINT('Ctrl Pts',(-73.7048610184902,-23.3431720832496,11.5316463820083));
#2300=CARTESIAN_POINT('Ctrl Pts',(-73.9617072945333,-22.6235695919558,10.8935840839584));
#2301=CARTESIAN_POINT('Ctrl Pts',(-74.0158100264229,-22.2009216142329,10.5097885753386));
#2302=CARTESIAN_POINT('Ctrl Pts',(-74.0165357501659,-21.9202081317239,10.2554072460833));
#2303=CARTESIAN_POINT('Ctrl Pts',(-74.01654051308,-21.9172236817699,10.2527038204335));
#2304=CARTESIAN_POINT('Ctrl Pts',(-74.01654051308,-21.914239268474,10.25));
#2305=CARTESIAN_POINT('Ctrl Pts',(-73.0965275545766,-24.4692937995782,11.4326919633804));
#2306=CARTESIAN_POINT('Ctrl Pts',(-73.3702002461661,-24.1395557851129,11.303433087521));
#2307=CARTESIAN_POINT('Ctrl Pts',(-73.6653691788844,-23.6260317168712,11.0743582164832));
#2308=CARTESIAN_POINT('Ctrl Pts',(-73.9503076645203,-22.7784355402723,10.6735474548679));
#2309=CARTESIAN_POINT('Ctrl Pts',(-74.0156102007427,-22.2635745820715,10.4210621324818));
#2310=CARTESIAN_POINT('Ctrl Pts',(-74.0165355595641,-21.9215142363735,10.2535609935679));
#2311=CARTESIAN_POINT('Ctrl Pts',(-74.01654051308,-21.917876522177,10.2517805646735));
#2312=CARTESIAN_POINT('Ctrl Pts',(-74.01654051308,-21.914239268474,10.25));
#2313=CARTESIAN_POINT('Ctrl Pts',(-73.0165405130779,-24.5599905795409,11.116025403785));
#2314=CARTESIAN_POINT('Ctrl Pts',(-73.2924056655495,-24.2471888986149,11.0363899937655));
#2315=CARTESIAN_POINT('Ctrl Pts',(-73.614851607207,-23.7329630377766,10.8783063275292));
#2316=CARTESIAN_POINT('Ctrl Pts',(-73.9380204561174,-22.8448346163205,10.5791579444355));
#2317=CARTESIAN_POINT('Ctrl Pts',(-74.0154743109547,-22.2904648626488,10.3830216389376));
#2318=CARTESIAN_POINT('Ctrl Pts',(-74.0165345890624,-21.9220737100905,10.2527698494498));
#2319=CARTESIAN_POINT('Ctrl Pts',(-74.01654051308,-21.9181563109229,10.2513848836335));
#2320=CARTESIAN_POINT('Ctrl Pts',(-74.01654051308,-21.914239268474,10.25));
#2321=CARTESIAN_POINT('',(-74.01654051308,-21.914239268474,10.25));
#2322=CARTESIAN_POINT('Ctrl Pts',(-72.5165405130769,-23.2371149240075,12.8480762113551));
#2323=CARTESIAN_POINT('Ctrl Pts',(-72.930338241784,-23.0807140835445,12.6091699812967));
#2324=CARTESIAN_POINT('Ctrl Pts',(-73.41400715427,-22.8236011531256,12.1349189825886));
#2325=CARTESIAN_POINT('Ctrl Pts',(-73.8987604276358,-22.3795369423975,11.2374738333073));
#2326=CARTESIAN_POINT('Ctrl Pts',(-74.0149412098907,-22.102352065562,10.6490649168154));
#2327=CARTESIAN_POINT('Ctrl Pts',(-74.0165316270537,-21.9181564892822,10.2583095483496));
#2328=CARTESIAN_POINT('Ctrl Pts',(-74.01654051308,-21.9161977897015,10.2541546509135));
#2329=CARTESIAN_POINT('Ctrl Pts',(-74.01654051308,-21.914239268474,10.25));
#2330=CARTESIAN_POINT('Ctrl Pts',(-74.01654051308,-21.914239268474,10.25));
#2331=CARTESIAN_POINT('Ctrl Pts',(-74.01654051308,-21.9181563109229,10.2513848836335));
#2332=CARTESIAN_POINT('Ctrl Pts',(-74.0165345890624,-21.9220737100905,10.2527698494498));
#2333=CARTESIAN_POINT('Ctrl Pts',(-74.0154743109547,-22.2904648626488,10.3830216389376));
#2334=CARTESIAN_POINT('Ctrl Pts',(-73.9380204561174,-22.8448346163205,10.5791579444355));
#2335=CARTESIAN_POINT('Ctrl Pts',(-73.614851607207,-23.7329630377766,10.8783063275292));
#2336=CARTESIAN_POINT('Ctrl Pts',(-73.2924056655495,-24.2471888986149,11.0363899937655));
#2337=CARTESIAN_POINT('Ctrl Pts',(-73.0165405130779,-24.5599905795409,11.116025403785));
#2338=CARTESIAN_POINT('Ctrl Pts',(-72.51654051308,12.056760731526,12.8480762113533));
#2339=CARTESIAN_POINT('Ctrl Pts',(-72.5165405130802,-35.943239268474,12.848076211354));
#2340=CARTESIAN_POINT('Ctrl Pts',(-72.5136150336331,12.056760731526,12.8497652376995));
#2341=CARTESIAN_POINT('Ctrl Pts',(-72.5136150336333,-35.943239268474,12.8497652377002));
#2342=CARTESIAN_POINT('Ctrl Pts',(-72.5106867034622,12.056760731526,12.8514493216294));
#2343=CARTESIAN_POINT('Ctrl Pts',(-72.5106867034624,-35.943239268474,12.8514493216302));
#2344=CARTESIAN_POINT('Ctrl Pts',(-72.5077555350992,12.056760731526,12.8531284559361));
#2345=CARTESIAN_POINT('Ctrl Pts',(-72.5077555350994,-35.943239268474,12.8531284559368));
#2346=CARTESIAN_POINT('Ctrl Pts',(-72.4717072648323,12.056760731526,12.8737788860051));
#2347=CARTESIAN_POINT('Ctrl Pts',(-72.4717072648325,-35.943239268474,12.8737788860058));
#2348=CARTESIAN_POINT('Ctrl Pts',(-72.3344321950267,12.056760731526,12.9573030200986));
#2349=CARTESIAN_POINT('Ctrl Pts',(-72.3344321950269,-35.943239268474,12.9573030200993));
#2350=CARTESIAN_POINT('Ctrl Pts',(-71.8365781218567,12.056760731526,13.1489074372907));
#2351=CARTESIAN_POINT('Ctrl Pts',(-71.8365781218569,-35.943239268474,13.1489074372914));
#2352=CARTESIAN_POINT('Ctrl Pts',(-71.462057264332,12.056760731526,13.25));
#2353=CARTESIAN_POINT('Ctrl Pts',(-71.4620572643322,-35.943239268474,13.2500000000007));
#2354=CARTESIAN_POINT('Ctrl Pts',(-71.01654051308,12.056760731526,13.25));
#2355=CARTESIAN_POINT('Ctrl Pts',(-71.0165405130802,-35.943239268474,13.2500000000007));
#2356=CARTESIAN_POINT('',(-71.01654051308,-22.3828662350709,13.25));
#2357=CARTESIAN_POINT('',(-71.01654051308,12.056760731526,13.25));
#2358=CARTESIAN_POINT('',(-72.51654051308,-18.414239268474,12.8480762113533));
#2359=CARTESIAN_POINT('Ctrl Pts',(-72.51654051308,-18.414239268474,12.8480762113533));
#2360=CARTESIAN_POINT('Ctrl Pts',(-72.51654051308,-19.1457690530246,12.8480762113533));
#2361=CARTESIAN_POINT('Ctrl Pts',(-72.3758150589868,-19.9152646779403,12.9413763862552));
#2362=CARTESIAN_POINT('Ctrl Pts',(-71.8365781218567,-21.2752419595309,13.1489074372907));
#2363=CARTESIAN_POINT('Ctrl Pts',(-71.462057264332,-21.8776977227597,13.25));
#2364=CARTESIAN_POINT('Ctrl Pts',(-71.01654051308,-22.3828662350709,13.25));
#2365=CARTESIAN_POINT('',(-72.51654051308,-7.914239268474,12.8480762113533));
#2366=CARTESIAN_POINT('Origin',(-71.01654051308,-25.914239268474,13.25));
#2367=CARTESIAN_POINT('',(14.452019304039,-22.3828662350709,13.25));
#2368=CARTESIAN_POINT('',(14.452019304039,12.056760731526,13.25));
#2369=CARTESIAN_POINT('',(14.452019304039,12.056760731526,13.25));
#2370=CARTESIAN_POINT('',(14.452019304039,-25.914239268474,13.25));
#2371=CARTESIAN_POINT('',(-71.01654051308,12.056760731526,13.25));
#2372=CARTESIAN_POINT('',(14.452019304039,12.056760731526,13.25));
#2373=CARTESIAN_POINT('',(-71.01654051308,-25.914239268474,13.25));
#2374=CARTESIAN_POINT('Ctrl Pts',(14.452019304039,12.056760731526,13.25));
#2375=CARTESIAN_POINT('Ctrl Pts',(14.4520193040388,-35.943239268474,13.2500000000007));
#2376=CARTESIAN_POINT('Ctrl Pts',(14.897536055291,12.056760731526,13.25));
#2377=CARTESIAN_POINT('Ctrl Pts',(14.8975360552908,-35.943239268474,13.2500000000007));
#2378=CARTESIAN_POINT('Ctrl Pts',(15.2720569128157,12.056760731526,13.1489074372907));
#2379=CARTESIAN_POINT('Ctrl Pts',(15.2720569128155,-35.943239268474,13.1489074372914));
#2380=CARTESIAN_POINT('Ctrl Pts',(15.7699109859857,12.056760731526,12.9573030200986));
#2381=CARTESIAN_POINT('Ctrl Pts',(15.7699109859854,-35.943239268474,12.9573030200993));
#2382=CARTESIAN_POINT('Ctrl Pts',(15.9071860557913,12.056760731526,12.8737788860051));
#2383=CARTESIAN_POINT('Ctrl Pts',(15.9071860557911,-35.943239268474,12.8737788860058));
#2384=CARTESIAN_POINT('Ctrl Pts',(15.9432343260581,12.056760731526,12.8531284559361));
#2385=CARTESIAN_POINT('Ctrl Pts',(15.9432343260579,-35.943239268474,12.8531284559369));
#2386=CARTESIAN_POINT('Ctrl Pts',(15.9461654944215,12.056760731526,12.8514493216293));
#2387=CARTESIAN_POINT('Ctrl Pts',(15.9461654944213,-35.943239268474,12.85144932163));
#2388=CARTESIAN_POINT('Ctrl Pts',(15.9490938245918,12.056760731526,12.8497652376997));
#2389=CARTESIAN_POINT('Ctrl Pts',(15.9490938245916,-35.943239268474,12.8497652377004));
#2390=CARTESIAN_POINT('Ctrl Pts',(15.952019304039,12.056760731526,12.8480762113533));
#2391=CARTESIAN_POINT('Ctrl Pts',(15.9520193040388,-35.943239268474,12.848076211354));
#2392=CARTESIAN_POINT('',(15.952019304039,-18.414239268474,12.8480762113533));
#2393=CARTESIAN_POINT('',(15.952019304039,-7.914239268474,12.8480762113533));
#2394=CARTESIAN_POINT('Ctrl Pts',(14.452019304039,-22.3828662350709,13.25));
#2395=CARTESIAN_POINT('Ctrl Pts',(14.897536055291,-21.8776977227597,13.25));
#2396=CARTESIAN_POINT('Ctrl Pts',(15.2720569128157,-21.2752419595308,13.1489074372907));
#2397=CARTESIAN_POINT('Ctrl Pts',(15.8112938499458,-19.9152646779403,12.9413763862552));
#2398=CARTESIAN_POINT('Ctrl Pts',(15.952019304039,-19.1457690530246,12.8480762113533));
#2399=CARTESIAN_POINT('Ctrl Pts',(15.952019304039,-18.414239268474,12.8480762113533));
#2400=CARTESIAN_POINT('Origin',(14.452019304039,-25.914239268474,10.25));
#2401=CARTESIAN_POINT('',(17.452019304039,2.05676073152599,10.25));
#2402=CARTESIAN_POINT('',(17.452019304039,-25.914239268474,10.25));
#2403=CARTESIAN_POINT('',(17.452019304039,12.056760731526,10.25));
#2404=CARTESIAN_POINT('',(17.452019304039,-25.914239268474,10.25));
#2405=CARTESIAN_POINT('Origin',(14.452019304039,12.056760731526,10.25));
#2406=CARTESIAN_POINT('Ctrl Pts',(-74.01654051308,-21.914239268474,-4.05));
#2407=CARTESIAN_POINT('Ctrl Pts',(-74.01654051308,-21.9162192677398,-4.05420021273888));
#2408=CARTESIAN_POINT('Ctrl Pts',(-74.0165314280906,-21.9181994507511,-4.0584006816971));
#2409=CARTESIAN_POINT('Ctrl Pts',(-74.0149238982773,-22.1024082433957,-4.44918410960614));
#2410=CARTESIAN_POINT('Ctrl Pts',(-73.8987396456806,-22.3795616929078,-5.03752470443146));
#2411=CARTESIAN_POINT('Ctrl Pts',(-73.4140032220308,-22.8236011995822,-5.93491790090313));
#2412=CARTESIAN_POINT('Ctrl Pts',(-72.930320595515,-23.0807207532333,-6.40918016944428));
#2413=CARTESIAN_POINT('Ctrl Pts',(-72.51654051275,-23.237114924131,-6.64807621154386));
#2414=CARTESIAN_POINT('Ctrl Pts',(-74.01654051308,-21.914239268474,-4.05));
#2415=CARTESIAN_POINT('Ctrl Pts',(-74.0165350667225,-21.9165482772995,-4.05373301698328));
#2416=CARTESIAN_POINT('Ctrl Pts',(-74.0165403501077,-21.9188605459708,-4.05746787474002));
#2417=CARTESIAN_POINT('Ctrl Pts',(-74.014699500086,-22.1337184173426,-4.40479489786157));
#2418=CARTESIAN_POINT('Ctrl Pts',(-73.9261536017219,-22.4570986416227,-4.92816492874319));
#2419=CARTESIAN_POINT('Ctrl Pts',(-73.5372206062513,-22.9889032858275,-5.76291508794249));
#2420=CARTESIAN_POINT('Ctrl Pts',(-73.1313207037933,-23.3108668016695,-6.24056515798644));
#2421=CARTESIAN_POINT('Ctrl Pts',(-72.7565016372761,-23.5192826840567,-6.50953459174433));
#2422=CARTESIAN_POINT('Ctrl Pts',(-74.01654051308,-21.914239268474,-4.05));
#2423=CARTESIAN_POINT('Ctrl Pts',(-74.0165335640199,-21.9172088354636,-4.05279867287749));
#2424=CARTESIAN_POINT('Ctrl Pts',(-74.016544689095,-21.9201798922398,-4.05560199773867));
#2425=CARTESIAN_POINT('Ctrl Pts',(-74.0150127006714,-22.1965027490629,-4.3160545630975));
#2426=CARTESIAN_POINT('Ctrl Pts',(-73.9598375045277,-22.6122817232715,-4.70873955315019));
#2427=CARTESIAN_POINT('Ctrl Pts',(-73.6991820666485,-23.3195176885693,-5.3638548299953));
#2428=CARTESIAN_POINT('Ctrl Pts',(-73.4116479781475,-23.7712745353147,-5.76902293164945));
#2429=CARTESIAN_POINT('Ctrl Pts',(-73.1148151981645,-24.0828423930814,-6.02334258775854));
#2430=CARTESIAN_POINT('Ctrl Pts',(-74.01654051308,-21.914239268474,-4.05));
#2431=CARTESIAN_POINT('Ctrl Pts',(-74.016536680042,-21.9178693245939,-4.05186492088116));
#2432=CARTESIAN_POINT('Ctrl Pts',(-74.0165403670349,-21.9214995251284,-4.05373572206453));
#2433=CARTESIAN_POINT('Ctrl Pts',(-74.0152207285942,-22.2592292202583,-4.22729191055241));
#2434=CARTESIAN_POINT('Ctrl Pts',(-73.9520804451757,-22.7674581687911,-4.48892979785378));
#2435=CARTESIAN_POINT('Ctrl Pts',(-73.6736866675911,-23.6083639568326,-4.90679505060746));
#2436=CARTESIAN_POINT('Ctrl Pts',(-73.382205656269,-24.1214704892035,-5.14708217516626));
#2437=CARTESIAN_POINT('Ctrl Pts',(-73.1098587279437,-24.454177669847,-5.28546972342174));
#2438=CARTESIAN_POINT('Ctrl Pts',(-74.01654051308,-21.914239268474,-4.05));
#2439=CARTESIAN_POINT('Ctrl Pts',(-74.01654051308,-21.9181992670157,-4.0514000709201));
#2440=CARTESIAN_POINT('Ctrl Pts',(-74.0165344564204,-21.9221596330282,-4.05280022723237));
#2441=CARTESIAN_POINT('Ctrl Pts',(-74.0154627698784,-22.2905772183171,-4.18306136986842));
#2442=CARTESIAN_POINT('Ctrl Pts',(-73.9380066014805,-22.8448841173415,-4.37917490147709));
#2443=CARTESIAN_POINT('Ctrl Pts',(-73.6148489857139,-23.7329631306902,-4.6783059669676));
#2444=CARTESIAN_POINT('Ctrl Pts',(-73.29239390137,-24.2472022379925,-4.83639338981476));
#2445=CARTESIAN_POINT('Ctrl Pts',(-73.01654051286,-24.5599905797881,-4.91602540384796));
#2446=CARTESIAN_POINT('',(-72.516540512915,-23.237114924131,-6.6480762114486));
#2447=CARTESIAN_POINT('',(-73.01654051286,-24.5599905797881,-4.91602540384796));
#2448=CARTESIAN_POINT('Origin',(-71.51654051297,-23.237114924131,-4.91602540384796));
#2449=CARTESIAN_POINT('',(-74.01654051308,-21.914239268474,-4.05));
#2450=CARTESIAN_POINT('Ctrl Pts',(-73.01654051286,-24.5599905797881,-4.91602540384796));
#2451=CARTESIAN_POINT('Ctrl Pts',(-73.29239390137,-24.2472022379925,-4.83639338981476));
#2452=CARTESIAN_POINT('Ctrl Pts',(-73.6148489857139,-23.7329631306902,-4.6783059669676));
#2453=CARTESIAN_POINT('Ctrl Pts',(-73.9380066014805,-22.8448841173415,-4.37917490147709));
#2454=CARTESIAN_POINT('Ctrl Pts',(-74.0154627698784,-22.2905772183171,-4.18306136986842));
#2455=CARTESIAN_POINT('Ctrl Pts',(-74.0165344564204,-21.9221596330282,-4.05280022723237));
#2456=CARTESIAN_POINT('Ctrl Pts',(-74.01654051308,-21.9181992670157,-4.0514000709201));
#2457=CARTESIAN_POINT('Ctrl Pts',(-74.01654051308,-21.914239268474,-4.05));
#2458=CARTESIAN_POINT('Ctrl Pts',(-74.01654051308,-21.914239268474,-4.05));
#2459=CARTESIAN_POINT('Ctrl Pts',(-74.01654051308,-21.9162192677398,-4.05420021273888));
#2460=CARTESIAN_POINT('Ctrl Pts',(-74.0165314280906,-21.9181994507511,-4.0584006816971));
#2461=CARTESIAN_POINT('Ctrl Pts',(-74.0149238982773,-22.1024082433957,-4.44918410960614));
#2462=CARTESIAN_POINT('Ctrl Pts',(-73.8987396456806,-22.3795616929078,-5.03752470443146));
#2463=CARTESIAN_POINT('Ctrl Pts',(-73.4140032220308,-22.8236011995822,-5.93491790090313));
#2464=CARTESIAN_POINT('Ctrl Pts',(-72.930320595515,-23.0807207532333,-6.40918016944428));
#2465=CARTESIAN_POINT('Ctrl Pts',(-72.51654051275,-23.237114924131,-6.64807621154386));
#2466=CARTESIAN_POINT('Ctrl Pts',(-72.5165405128237,-23.2371149241077,-6.64807621150088));
#2467=CARTESIAN_POINT('Ctrl Pts',(-72.1048309037754,-23.3927265287863,-6.88577686505976));
#2468=CARTESIAN_POINT('Ctrl Pts',(-71.5935637867007,-23.5352418952583,-7.04999999999931));
#2469=CARTESIAN_POINT('Ctrl Pts',(-71.0165405130811,-23.6462900760426,-7.04999999999948));
#2470=CARTESIAN_POINT('Ctrl Pts',(-72.7907817979873,-23.5595923640131,-6.48974293172411));
#2471=CARTESIAN_POINT('Ctrl Pts',(-72.422455601233,-23.7743843942264,-6.76165801485403));
#2472=CARTESIAN_POINT('Ctrl Pts',(-71.9330928920944,-23.9876614467288,-6.99066186304972));
#2473=CARTESIAN_POINT('Ctrl Pts',(-71.3157398134231,-24.1645184658237,-7.04999999999939));
#2474=CARTESIAN_POINT('Ctrl Pts',(-73.1296378311949,-24.1219706490878,-5.97216977177356));
#2475=CARTESIAN_POINT('Ctrl Pts',(-72.8367960414174,-24.4379914586427,-6.2165346494814));
#2476=CARTESIAN_POINT('Ctrl Pts',(-72.4224535146137,-24.7759863724612,-6.45643017216995));
#2477=CARTESIAN_POINT('Ctrl Pts',(-71.8337737679748,-25.0617795951528,-6.54796197430803));
#2478=CARTESIAN_POINT('Ctrl Pts',(-73.0965275544028,-24.4692937997882,-5.23269196346066));
#2479=CARTESIAN_POINT('Ctrl Pts',(-72.8242200274245,-24.7973573008672,-5.36126736791247));
#2480=CARTESIAN_POINT('Ctrl Pts',(-72.4657075920035,-25.1184515308318,-5.47161545555299));
#2481=CARTESIAN_POINT('Ctrl Pts',(-72.016540513081,-25.3783408836112,-5.49879895051226));
#2482=CARTESIAN_POINT('Ctrl Pts',(-73.0165405129021,-24.559990579741,-4.91602540383525));
#2483=CARTESIAN_POINT('Ctrl Pts',(-72.742067441468,-24.8712137890982,-4.99525895465657));
#2484=CARTESIAN_POINT('Ctrl Pts',(-72.4012226954963,-25.1562445220412,-5.04999999999943));
#2485=CARTESIAN_POINT('Ctrl Pts',(-72.0165405130809,-25.3783408836112,-5.04999999999948));
#2486=CARTESIAN_POINT('',(-71.0165405130806,-23.6462900760426,-7.04999999999948));
#2487=CARTESIAN_POINT('',(-72.0165405130809,-25.3783408836112,-5.04999999999948));
#2488=CARTESIAN_POINT('Origin',(-71.0165405130805,-23.6462900760426,-5.04999999999948));
#2489=CARTESIAN_POINT('Ctrl Pts',(-72.0165405130809,-25.3783408836112,-5.04999999999948));
#2490=CARTESIAN_POINT('Ctrl Pts',(-72.4012226954963,-25.1562445220412,-5.04999999999943));
#2491=CARTESIAN_POINT('Ctrl Pts',(-72.742067441468,-24.8712137890982,-4.99525895465657));
#2492=CARTESIAN_POINT('Ctrl Pts',(-73.0165405129021,-24.559990579741,-4.91602540383525));
#2493=CARTESIAN_POINT('Ctrl Pts',(-72.5165405128237,-23.2371149241077,-6.64807621150088));
#2494=CARTESIAN_POINT('Ctrl Pts',(-72.1048309037754,-23.3927265287863,-6.88577686505976));
#2495=CARTESIAN_POINT('Ctrl Pts',(-71.5935637867007,-23.5352418952583,-7.04999999999931));
#2496=CARTESIAN_POINT('Ctrl Pts',(-71.0165405130811,-23.6462900760426,-7.04999999999948));
#2497=CARTESIAN_POINT('Ctrl Pts',(-70.01654051308,-25.914239268474,-5.04999999999948));
#2498=CARTESIAN_POINT('Ctrl Pts',(-71.0883372828052,-25.914239268474,-5.04999999999948));
#2499=CARTESIAN_POINT('Ctrl Pts',(-72.0165405130811,-25.3783408836111,-5.04999999999948));
#2500=CARTESIAN_POINT('Ctrl Pts',(-70.01654051308,-25.9142392684745,-7.05000000000001));
#2501=CARTESIAN_POINT('Ctrl Pts',(-71.0883372828053,-25.9142392684745,-7.05000000000001));
#2502=CARTESIAN_POINT('Ctrl Pts',(-72.0165405130814,-25.3783408836116,-7.05000000000001));
#2503=CARTESIAN_POINT('Ctrl Pts',(-70.01654051308,-23.914239268474,-7.05));
#2504=CARTESIAN_POINT('Ctrl Pts',(-70.5524388979426,-23.914239268474,-7.05));
#2505=CARTESIAN_POINT('Ctrl Pts',(-71.0165405130806,-23.6462900760426,-7.05));
#2506=CARTESIAN_POINT('',(-70.01654051308,-23.914239268474,-7.05000000000001));
#2507=CARTESIAN_POINT('',(-70.01654051308,-25.914239268474,-5.05));
#2508=CARTESIAN_POINT('Origin',(-70.01654051308,-23.914239268474,-5.05));
#2509=CARTESIAN_POINT('Origin',(-70.01654051308,-21.914239268474,-5.05));
#2510=CARTESIAN_POINT('Origin',(-70.01654051308,-21.914239268474,-7.05000000000001));
#2511=CARTESIAN_POINT('Origin',(-6.91512065024075,-23.914239268474,-5.05));
#2512=CARTESIAN_POINT('',(13.452019304039,-23.914239268474,-7.05));
#2513=CARTESIAN_POINT('',(13.452019304039,-25.914239268474,-5.05));
#2514=CARTESIAN_POINT('Origin',(13.452019304039,-23.914239268474,-5.05));
#2515=CARTESIAN_POINT('',(-6.91512065024075,-25.914239268474,-5.05));
#2516=CARTESIAN_POINT('',(-6.91512065024075,-23.914239268474,-7.05));
#2517=CARTESIAN_POINT('Ctrl Pts',(15.4520193040387,-25.3783408836119,-5.05));
#2518=CARTESIAN_POINT('Ctrl Pts',(14.5238160737633,-25.914239268474,-5.05));
#2519=CARTESIAN_POINT('Ctrl Pts',(13.452019304039,-25.914239268474,-5.05));
#2520=CARTESIAN_POINT('Ctrl Pts',(15.4520193040387,-25.3783408836119,-7.05));
#2521=CARTESIAN_POINT('Ctrl Pts',(14.5238160737633,-25.914239268474,-7.05));
#2522=CARTESIAN_POINT('Ctrl Pts',(13.452019304039,-25.914239268474,-7.05));
#2523=CARTESIAN_POINT('Ctrl Pts',(14.4520193040388,-23.646290076043,-7.05));
#2524=CARTESIAN_POINT('Ctrl Pts',(13.9879176889012,-23.914239268474,-7.05));
#2525=CARTESIAN_POINT('Ctrl Pts',(13.452019304039,-23.914239268474,-7.05));
#2526=CARTESIAN_POINT('',(14.4520193040388,-23.646290076043,-7.04999999999947));
#2527=CARTESIAN_POINT('',(15.4520193040387,-25.3783408836119,-5.05));
#2528=CARTESIAN_POINT('Origin',(14.4520193040388,-23.646290076043,-5.05));
#2529=CARTESIAN_POINT('Origin',(13.452019304039,-21.914239268474,-5.05));
#2530=CARTESIAN_POINT('Origin',(13.452019304039,-21.914239268474,-7.05));
#2531=CARTESIAN_POINT('Ctrl Pts',(14.4520193040389,-23.646290076043,-7.04999999999947));
#2532=CARTESIAN_POINT('Ctrl Pts',(15.029041640042,-23.535242075703,-7.04999999999947));
#2533=CARTESIAN_POINT('Ctrl Pts',(15.5403103663684,-23.3927262758358,-6.885776477344));
#2534=CARTESIAN_POINT('Ctrl Pts',(15.9520193040388,-23.237114924007,-6.64807621135281));
#2535=CARTESIAN_POINT('Ctrl Pts',(14.7512186043807,-24.1645184658242,-7.04999999999946));
#2536=CARTESIAN_POINT('Ctrl Pts',(15.3685706799024,-23.9876617341081,-6.99066195946972));
#2537=CARTESIAN_POINT('Ctrl Pts',(15.8579349927691,-23.7743840449351,-6.76165757132198));
#2538=CARTESIAN_POINT('Ctrl Pts',(16.2262605891776,-23.5595923638748,-6.48974293155543));
#2539=CARTESIAN_POINT('Ctrl Pts',(15.2693627165077,-25.0619703936711,-6.54822645849945));
#2540=CARTESIAN_POINT('Ctrl Pts',(15.8580415065881,-24.7761776353715,-6.45669480509342));
#2541=CARTESIAN_POINT('Ctrl Pts',(16.2723615515748,-24.4380328837403,-6.21660126023424));
#2542=CARTESIAN_POINT('Ctrl Pts',(16.5652028646947,-24.1220125880581,-5.97223678085608));
#2543=CARTESIAN_POINT('Ctrl Pts',(15.4520193040387,-25.3783408836119,-5.49879895051229));
#2544=CARTESIAN_POINT('Ctrl Pts',(15.901185653099,-25.118451953133,-5.47161549972412));
#2545=CARTESIAN_POINT('Ctrl Pts',(16.2596992612257,-24.7973567674084,-5.36126715853693));
#2546=CARTESIAN_POINT('Ctrl Pts',(16.5320063455395,-24.4692937995761,-5.23269196337813));
#2547=CARTESIAN_POINT('Ctrl Pts',(15.4520193040387,-25.3783408836119,-5.04999999999947));
#2548=CARTESIAN_POINT('Ctrl Pts',(15.8367008613747,-25.1562448829318,-5.04999999999947));
#2549=CARTESIAN_POINT('Ctrl Pts',(16.1775466786296,-24.8712132831962,-4.99525882586634));
#2550=CARTESIAN_POINT('Ctrl Pts',(16.4520193040411,-24.5599905795388,-4.91602540378287));
#2551=CARTESIAN_POINT('',(15.9520193040388,-23.237114924007,-6.64807621135283));
#2552=CARTESIAN_POINT('',(16.4520193040398,-24.5599905795377,-4.91602540378287));
#2553=CARTESIAN_POINT('Origin',(14.9520193040407,-23.2371149240069,-4.91602540378287));
#2554=CARTESIAN_POINT('Ctrl Pts',(16.4520193040411,-24.5599905795388,-4.91602540378287));
#2555=CARTESIAN_POINT('Ctrl Pts',(16.1775466786296,-24.8712132831962,-4.99525882586634));
#2556=CARTESIAN_POINT('Ctrl Pts',(15.8367008613747,-25.1562448829318,-5.04999999999947));
#2557=CARTESIAN_POINT('Ctrl Pts',(15.4520193040387,-25.3783408836119,-5.04999999999947));
#2558=CARTESIAN_POINT('Ctrl Pts',(14.4520193040389,-23.646290076043,-7.04999999999947));
#2559=CARTESIAN_POINT('Ctrl Pts',(15.029041640042,-23.535242075703,-7.04999999999947));
#2560=CARTESIAN_POINT('Ctrl Pts',(15.5403103663684,-23.3927262758358,-6.885776477344));
#2561=CARTESIAN_POINT('Ctrl Pts',(15.9520193040388,-23.237114924007,-6.64807621135281));
#2562=CARTESIAN_POINT('Ctrl Pts',(15.9520193040405,-23.2371149240057,-6.64807621135247));
#2563=CARTESIAN_POINT('Ctrl Pts',(16.3657993867093,-23.080720753118,-6.40918016923801));
#2564=CARTESIAN_POINT('Ctrl Pts',(16.8494924189201,-22.8235975360112,-5.93490404182356));
#2565=CARTESIAN_POINT('Ctrl Pts',(17.3342273792071,-22.3795584340666,-5.03751315257875));
#2566=CARTESIAN_POINT('Ctrl Pts',(17.4504051761447,-22.1024073141768,-4.44918090609145));
#2567=CARTESIAN_POINT('Ctrl Pts',(17.4520102008989,-21.9181994575434,-4.0584007050869));
#2568=CARTESIAN_POINT('Ctrl Pts',(17.452019304039,-21.916219267743,-4.05420021272982));
#2569=CARTESIAN_POINT('Ctrl Pts',(17.452019304039,-21.914239268474,-4.05));
#2570=CARTESIAN_POINT('Ctrl Pts',(16.2262605891786,-23.5595923638734,-6.48974293155487));
#2571=CARTESIAN_POINT('Ctrl Pts',(16.5964508817647,-23.3437299387326,-6.21647829749233));
#2572=CARTESIAN_POINT('Ctrl Pts',(16.9900733315386,-23.0123237820249,-5.73765406996778));
#2573=CARTESIAN_POINT('Ctrl Pts',(17.3653789149019,-22.4680444111837,-4.9121197495587));
#2574=CARTESIAN_POINT('Ctrl Pts',(17.450691170295,-22.1382190371124,-4.3983866042129));
#2575=CARTESIAN_POINT('Ctrl Pts',(17.4520134232456,-21.9189539999776,-4.05733472492901));
#2576=CARTESIAN_POINT('Ctrl Pts',(17.452019304039,-21.916596410461,-4.05366685238319));
#2577=CARTESIAN_POINT('Ctrl Pts',(17.452019304039,-21.914239268474,-4.05));
#2578=CARTESIAN_POINT('Ctrl Pts',(16.5650422958562,-24.12194248376,-5.97209634957467));
#2579=CARTESIAN_POINT('Ctrl Pts',(16.859379305561,-23.8043469318177,-5.72654833346274));
#2580=CARTESIAN_POINT('Ctrl Pts',(17.1403597759995,-23.3431853278587,-5.3316470607993));
#2581=CARTESIAN_POINT('Ctrl Pts',(17.3971943775476,-22.6236193010022,-4.69362051031712));
#2582=CARTESIAN_POINT('Ctrl Pts',(17.4512824209566,-22.2010081251854,-4.30986457007752));
#2583=CARTESIAN_POINT('Ctrl Pts',(17.4520144240164,-21.9202735880918,-4.05546656121109));
#2584=CARTESIAN_POINT('Ctrl Pts',(17.452019304039,-21.9172564102173,-4.0527334717766));
#2585=CARTESIAN_POINT('Ctrl Pts',(17.452019304039,-21.914239268474,-4.05));
#2586=CARTESIAN_POINT('Ctrl Pts',(16.5320063455386,-24.4692937995746,-5.23269196337896));
#2587=CARTESIAN_POINT('Ctrl Pts',(16.805667366598,-24.1395698464947,-5.10343859964967));
#2588=CARTESIAN_POINT('Ctrl Pts',(17.1008459919417,-23.6260260933245,-4.87434558436008));
#2589=CARTESIAN_POINT('Ctrl Pts',(17.3857751072097,-22.7784769941148,-4.47355977740686));
#2590=CARTESIAN_POINT('Ctrl Pts',(17.451079314166,-22.2636772883478,-4.2211105268748));
#2591=CARTESIAN_POINT('Ctrl Pts',(17.4520142366315,-21.9215940353154,-4.05360006790333));
#2592=CARTESIAN_POINT('Ctrl Pts',(17.452019304039,-21.9179164099737,-4.05180009117));
#2593=CARTESIAN_POINT('Ctrl Pts',(17.452019304039,-21.914239268474,-4.05));
#2594=CARTESIAN_POINT('Ctrl Pts',(16.45201930404,-24.5599905795375,-4.91602540378416));
#2595=CARTESIAN_POINT('Ctrl Pts',(16.727872692486,-24.2472022377619,-4.83639338974595));
#2596=CARTESIAN_POINT('Ctrl Pts',(17.0503347139598,-23.7329558035482,-4.67830134727432));
#2597=CARTESIAN_POINT('Ctrl Pts',(17.3734913541511,-22.8448775996589,-4.37917105085944));
#2598=CARTESIAN_POINT('Ctrl Pts',(17.4509432187763,-22.290575359879,-4.18306030202998));
#2599=CARTESIAN_POINT('Ctrl Pts',(17.4520132352789,-21.9221596466128,-4.05280023502897));
#2600=CARTESIAN_POINT('Ctrl Pts',(17.452019304039,-21.9181992670122,-4.05140007091003));
#2601=CARTESIAN_POINT('Ctrl Pts',(17.452019304039,-21.914239268474,-4.05));
#2602=CARTESIAN_POINT('',(17.452019304039,-21.914239268474,-4.05));
#2603=CARTESIAN_POINT('Ctrl Pts',(15.9520193040405,-23.2371149240057,-6.64807621135247));
#2604=CARTESIAN_POINT('Ctrl Pts',(16.3657993867093,-23.080720753118,-6.40918016923801));
#2605=CARTESIAN_POINT('Ctrl Pts',(16.8494924189201,-22.8235975360112,-5.93490404182356));
#2606=CARTESIAN_POINT('Ctrl Pts',(17.3342273792071,-22.3795584340666,-5.03751315257875));
#2607=CARTESIAN_POINT('Ctrl Pts',(17.4504051761447,-22.1024073141768,-4.44918090609145));
#2608=CARTESIAN_POINT('Ctrl Pts',(17.4520102008989,-21.9181994575434,-4.0584007050869));
#2609=CARTESIAN_POINT('Ctrl Pts',(17.452019304039,-21.916219267743,-4.05420021272982));
#2610=CARTESIAN_POINT('Ctrl Pts',(17.452019304039,-21.914239268474,-4.05));
#2611=CARTESIAN_POINT('Ctrl Pts',(17.452019304039,-21.914239268474,-4.05));
#2612=CARTESIAN_POINT('Ctrl Pts',(17.452019304039,-21.9181992670122,-4.05140007091003));
#2613=CARTESIAN_POINT('Ctrl Pts',(17.4520132352789,-21.9221596466128,-4.05280023502897));
#2614=CARTESIAN_POINT('Ctrl Pts',(17.4509432187763,-22.290575359879,-4.18306030202998));
#2615=CARTESIAN_POINT('Ctrl Pts',(17.3734913541511,-22.8448775996589,-4.37917105085944));
#2616=CARTESIAN_POINT('Ctrl Pts',(17.0503347139598,-23.7329558035482,-4.67830134727432));
#2617=CARTESIAN_POINT('Ctrl Pts',(16.727872692486,-24.2472022377619,-4.83639338974595));
#2618=CARTESIAN_POINT('Ctrl Pts',(16.45201930404,-24.5599905795375,-4.91602540378416));
#2619=CARTESIAN_POINT('Ctrl Pts',(15.952019304039,12.056760731526,-6.64807621135332));
#2620=CARTESIAN_POINT('Ctrl Pts',(15.9520193040388,-35.943239268474,-6.6480762113526));
#2621=CARTESIAN_POINT('Ctrl Pts',(15.9490938245919,12.056760731526,-6.64976523769961));
#2622=CARTESIAN_POINT('Ctrl Pts',(15.9490938245917,-35.943239268474,-6.64976523769889));
#2623=CARTESIAN_POINT('Ctrl Pts',(15.9461654944214,12.056760731526,-6.65144932162935));
#2624=CARTESIAN_POINT('Ctrl Pts',(15.9461654944212,-35.943239268474,-6.65144932162863));
#2625=CARTESIAN_POINT('Ctrl Pts',(15.9432343260581,12.056760731526,-6.65312845593614));
#2626=CARTESIAN_POINT('Ctrl Pts',(15.9432343260579,-35.943239268474,-6.65312845593542));
#2627=CARTESIAN_POINT('Ctrl Pts',(15.9071860557913,12.056760731526,-6.67377888600508));
#2628=CARTESIAN_POINT('Ctrl Pts',(15.907186055791,-35.943239268474,-6.67377888600436));
#2629=CARTESIAN_POINT('Ctrl Pts',(15.7699109859856,12.056760731526,-6.75730302009863));
#2630=CARTESIAN_POINT('Ctrl Pts',(15.7699109859854,-35.943239268474,-6.75730302009791));
#2631=CARTESIAN_POINT('Ctrl Pts',(15.2720569128157,12.056760731526,-6.94890743729069));
#2632=CARTESIAN_POINT('Ctrl Pts',(15.2720569128155,-35.943239268474,-6.94890743728997));
#2633=CARTESIAN_POINT('Ctrl Pts',(14.897536055291,12.056760731526,-7.05));
#2634=CARTESIAN_POINT('Ctrl Pts',(14.8975360552908,-35.943239268474,-7.04999999999928));
#2635=CARTESIAN_POINT('Ctrl Pts',(14.452019304039,12.056760731526,-7.05));
#2636=CARTESIAN_POINT('Ctrl Pts',(14.4520193040388,-35.943239268474,-7.04999999999928));
#2637=CARTESIAN_POINT('',(14.452019304039,-22.3828662350709,-7.05));
#2638=CARTESIAN_POINT('',(14.452019304039,12.056760731526,-7.05));
#2639=CARTESIAN_POINT('',(15.952019304039,-18.414239268474,-6.64807621135331));
#2640=CARTESIAN_POINT('Ctrl Pts',(15.952019304039,-18.414239268474,-6.64807621135332));
#2641=CARTESIAN_POINT('Ctrl Pts',(15.952019304039,-19.1457690530246,-6.64807621135332));
#2642=CARTESIAN_POINT('Ctrl Pts',(15.8112938499458,-19.9152646779403,-6.74137638625522));
#2643=CARTESIAN_POINT('Ctrl Pts',(15.2720569128157,-21.2752419595308,-6.94890743729069));
#2644=CARTESIAN_POINT('Ctrl Pts',(14.897536055291,-21.8776977227597,-7.05));
#2645=CARTESIAN_POINT('Ctrl Pts',(14.452019304039,-22.3828662350709,-7.05));
#2646=CARTESIAN_POINT('',(15.952019304039,-7.914239268474,-6.64807621135331));
#2647=CARTESIAN_POINT('Origin',(14.452019304039,-25.914239268474,-7.05));
#2648=CARTESIAN_POINT('',(-71.01654051308,-22.3828662350709,-7.05000000000001));
#2649=CARTESIAN_POINT('',(-71.01654051308,12.056760731526,-7.05000000000002));
#2650=CARTESIAN_POINT('',(-71.01654051308,12.056760731526,-7.05000000000001));
#2651=CARTESIAN_POINT('',(-71.01654051308,-25.914239268474,-7.05000000000001));
#2652=CARTESIAN_POINT('',(-57.7196651542724,12.056760731526,-7.05000000000001));
#2653=CARTESIAN_POINT('',(-71.01654051308,12.056760731526,-7.05000000000001));
#2654=CARTESIAN_POINT('',(-52.7196651542724,7.05676073152599,-7.05000000000001));
#2655=CARTESIAN_POINT('Origin',(-57.7196651542724,7.05676073152599,-7.05));
#2656=CARTESIAN_POINT('',(-52.7196651542724,0.277644769362835,-7.05000000000001));
#2657=CARTESIAN_POINT('',(-52.7196651542724,-6.92873926847401,-7.05000000000001));
#2658=CARTESIAN_POINT('',(-47.7196651542724,-4.72235523063716,-7.05000000000001));
#2659=CARTESIAN_POINT('Origin',(-47.7196651542724,0.277644769362834,-7.05000000000001));
#2660=CARTESIAN_POINT('',(-8.76467334609427,-4.72235523063716,-7.05000000000001));
#2661=CARTESIAN_POINT('',(-19.1338229251167,-4.72235523063716,-7.05000000000001));
#2662=CARTESIAN_POINT('',(-3.76467334609427,0.277644769362835,-7.05000000000001));
#2663=CARTESIAN_POINT('Origin',(-8.76467334609427,0.277644769362835,-7.05000000000001));
#2664=CARTESIAN_POINT('',(-3.76467334609427,7.05676073152599,-7.05000000000001));
#2665=CARTESIAN_POINT('',(-3.76467334609427,-15.3182972495556,-7.05));
#2666=CARTESIAN_POINT('',(1.23532665390573,12.056760731526,-7.05000000000001));
#2667=CARTESIAN_POINT('Origin',(1.23532665390573,7.05676073152599,-7.05));
#2668=CARTESIAN_POINT('',(14.452019304039,12.056760731526,-7.05));
#2669=CARTESIAN_POINT('',(-71.01654051308,12.056760731526,-7.05000000000001));
#2670=CARTESIAN_POINT('',(14.452019304039,-25.914239268474,-7.05));
#2671=CARTESIAN_POINT('Ctrl Pts',(-71.01654051308,12.056760731526,-7.05000000000002));
#2672=CARTESIAN_POINT('Ctrl Pts',(-71.0165405130802,-35.943239268474,-7.0499999999993));
#2673=CARTESIAN_POINT('Ctrl Pts',(-71.462057264332,12.056760731526,-7.05000000000002));
#2674=CARTESIAN_POINT('Ctrl Pts',(-71.4620572643322,-35.943239268474,-7.0499999999993));
#2675=CARTESIAN_POINT('Ctrl Pts',(-71.8365781218567,12.056760731526,-6.94890743729071));
#2676=CARTESIAN_POINT('Ctrl Pts',(-71.8365781218569,-35.943239268474,-6.94890743728999));
#2677=CARTESIAN_POINT('Ctrl Pts',(-72.3344321950266,12.056760731526,-6.75730302009864));
#2678=CARTESIAN_POINT('Ctrl Pts',(-72.3344321950269,-35.943239268474,-6.75730302009793));
#2679=CARTESIAN_POINT('Ctrl Pts',(-72.4717072648323,12.056760731526,-6.6737788860051));
#2680=CARTESIAN_POINT('Ctrl Pts',(-72.4717072648325,-35.943239268474,-6.67377888600438));
#2681=CARTESIAN_POINT('Ctrl Pts',(-72.5077555350991,12.056760731526,-6.65312845593615));
#2682=CARTESIAN_POINT('Ctrl Pts',(-72.5077555350994,-35.943239268474,-6.65312845593544));
#2683=CARTESIAN_POINT('Ctrl Pts',(-72.5106867034622,12.056760731526,-6.65144932162945));
#2684=CARTESIAN_POINT('Ctrl Pts',(-72.5106867034624,-35.943239268474,-6.65144932162874));
#2685=CARTESIAN_POINT('Ctrl Pts',(-72.5136150336331,12.056760731526,-6.64976523769954));
#2686=CARTESIAN_POINT('Ctrl Pts',(-72.5136150336333,-35.943239268474,-6.64976523769882));
#2687=CARTESIAN_POINT('Ctrl Pts',(-72.51654051308,12.056760731526,-6.64807621135333));
#2688=CARTESIAN_POINT('Ctrl Pts',(-72.5165405130802,-35.943239268474,-6.64807621135261));
#2689=CARTESIAN_POINT('',(-72.51654051308,-18.414239268474,-6.64807621135333));
#2690=CARTESIAN_POINT('',(-72.51654051308,-7.914239268474,-6.64807621135333));
#2691=CARTESIAN_POINT('Ctrl Pts',(-71.01654051308,-22.3828662350709,-7.05000000000002));
#2692=CARTESIAN_POINT('Ctrl Pts',(-71.462057264332,-21.8776977227597,-7.05000000000002));
#2693=CARTESIAN_POINT('Ctrl Pts',(-71.8365781218567,-21.2752419595308,-6.94890743729071));
#2694=CARTESIAN_POINT('Ctrl Pts',(-72.3758150589868,-19.9152646779403,-6.74137638625524));
#2695=CARTESIAN_POINT('Ctrl Pts',(-72.51654051308,-19.1457690530246,-6.64807621135333));
#2696=CARTESIAN_POINT('Ctrl Pts',(-72.51654051308,-18.414239268474,-6.64807621135333));
#2697=CARTESIAN_POINT('Origin',(-71.01654051308,-25.914239268474,-4.05));
#2698=CARTESIAN_POINT('',(-74.01654051308,2.056760731526,-4.05000000000005));
#2699=CARTESIAN_POINT('',(-74.01654051308,-25.914239268474,-4.05));
#2700=CARTESIAN_POINT('',(-74.01654051308,12.056760731526,-4.05));
#2701=CARTESIAN_POINT('',(-74.01654051308,-25.914239268474,-4.05));
#2702=CARTESIAN_POINT('Origin',(-71.01654051308,12.056760731526,-4.05));
#2703=CARTESIAN_POINT('Origin',(-70.01654051308,-21.914239268474,-7.05000000000001));
#2704=CARTESIAN_POINT('',(-74.01654051308,-21.914239268474,-7.05000000000001));
#2705=CARTESIAN_POINT('',(-70.01654051308,-25.914239268474,-7.05000000000001));
#2706=CARTESIAN_POINT('Origin',(13.452019304039,-21.914239268474,-7.05000000000001));
#2707=CARTESIAN_POINT('',(13.452019304039,-25.914239268474,-7.05000000000001));
#2708=CARTESIAN_POINT('',(17.452019304039,-21.914239268474,-7.05000000000001));
#2709=CARTESIAN_POINT('Origin',(17.452019304039,-25.914239268474,10.25));
#2710=CARTESIAN_POINT('',(17.452019304039,2.05676073152599,-4.05));
#2711=CARTESIAN_POINT('',(17.452019304039,-25.914239268474,-4.05));
#2712=CARTESIAN_POINT('',(17.452019304039,2.05676073152599,-3.65));
#2713=CARTESIAN_POINT('',(17.452019304039,2.05676073152599,3.3));
#2714=CARTESIAN_POINT('',(17.452019304039,12.056760731526,-3.65));
#2715=CARTESIAN_POINT('',(17.452019304039,-6.92873926847401,-3.65));
#2716=CARTESIAN_POINT('',(17.452019304039,12.056760731526,9.85));
#2717=CARTESIAN_POINT('',(17.452019304039,12.056760731526,-4.05));
#2718=CARTESIAN_POINT('',(17.452019304039,2.05676073152599,9.85));
#2719=CARTESIAN_POINT('',(17.452019304039,-11.928739268474,9.85));
#2720=CARTESIAN_POINT('',(17.452019304039,2.05676073152599,10.25));
#2721=CARTESIAN_POINT('Origin',(-28.2822606045205,-25.914239268474,3.09999999999999));
#2722=CARTESIAN_POINT('Origin',(9.952019304039,-18.414239268474,-7.05000000000001));
#2723=CARTESIAN_POINT('',(14.452019304039,-22.3828662350709,-5.55));
#2724=CARTESIAN_POINT('',(15.952019304039,-18.414239268474,-4.05));
#2725=CARTESIAN_POINT('Ctrl Pts',(14.452019304039,-22.3828662350709,-5.55));
#2726=CARTESIAN_POINT('Ctrl Pts',(14.9469025838574,-21.821721340898,-5.55));
#2727=CARTESIAN_POINT('Ctrl Pts',(15.3295313283455,-21.1738603623778,-5.32562671632355));
#2728=CARTESIAN_POINT('Ctrl Pts',(15.8344061290007,-19.8036756474085,-4.74740577565883));
#2729=CARTESIAN_POINT('Ctrl Pts',(15.952019304039,-19.083443603726,-4.38460216762602));
#2730=CARTESIAN_POINT('Ctrl Pts',(15.952019304039,-18.414239268474,-4.05));
#2731=CARTESIAN_POINT('',(9.95201930403899,-24.414239268474,-5.55));
#2732=CARTESIAN_POINT('Origin',(9.952019304039,-18.414239268474,-5.55));
#2733=CARTESIAN_POINT('',(9.95201930403899,-24.414239268474,11.75));
#2734=CARTESIAN_POINT('',(9.952019304039,-24.414239268474,-7.05000000000001));
#2735=CARTESIAN_POINT('',(14.452019304039,-22.3828662350709,11.75));
#2736=CARTESIAN_POINT('Origin',(9.952019304039,-18.414239268474,11.75));
#2737=CARTESIAN_POINT('',(15.952019304039,-18.414239268474,10.25));
#2738=CARTESIAN_POINT('Ctrl Pts',(15.952019304039,-18.414239268474,10.25));
#2739=CARTESIAN_POINT('Ctrl Pts',(15.952019304039,-19.083443603726,10.584602167626));
#2740=CARTESIAN_POINT('Ctrl Pts',(15.8344061290007,-19.8036756474085,10.9474057756588));
#2741=CARTESIAN_POINT('Ctrl Pts',(15.3295313283455,-21.1738603623778,11.5256267163236));
#2742=CARTESIAN_POINT('Ctrl Pts',(14.9469025838574,-21.821721340898,11.75));
#2743=CARTESIAN_POINT('Ctrl Pts',(14.452019304039,-22.3828662350709,11.75));
#2744=CARTESIAN_POINT('',(15.952019304039,-18.414239268474,-7.05000000000001));
#2745=CARTESIAN_POINT('Origin',(-66.51654051308,-18.414239268474,-7.05000000000001));
#2746=CARTESIAN_POINT('',(-72.51654051308,-18.414239268474,-4.05));
#2747=CARTESIAN_POINT('',(-71.01654051308,-22.3828662350709,-5.55000000000001));
#2748=CARTESIAN_POINT('Ctrl Pts',(-72.51654051308,-18.414239268474,-4.05));
#2749=CARTESIAN_POINT('Ctrl Pts',(-72.51654051308,-19.083443603726,-4.38460216762602));
#2750=CARTESIAN_POINT('Ctrl Pts',(-72.3989273380417,-19.8036756474084,-4.74740577565886));
#2751=CARTESIAN_POINT('Ctrl Pts',(-71.8940525373865,-21.1738603623778,-5.32562671632358));
#2752=CARTESIAN_POINT('Ctrl Pts',(-71.5114237928984,-21.821721340898,-5.55000000000002));
#2753=CARTESIAN_POINT('Ctrl Pts',(-71.01654051308,-22.3828662350709,-5.55000000000002));
#2754=CARTESIAN_POINT('',(-72.51654051308,-18.414239268474,10.25));
#2755=CARTESIAN_POINT('',(-72.51654051308,-18.414239268474,-7.05000000000001));
#2756=CARTESIAN_POINT('',(-71.01654051308,-22.3828662350709,11.75));
#2757=CARTESIAN_POINT('Ctrl Pts',(-71.01654051308,-22.3828662350709,11.75));
#2758=CARTESIAN_POINT('Ctrl Pts',(-71.2340409529584,-22.1362439176571,11.75));
#2759=CARTESIAN_POINT('Ctrl Pts',(-71.4461044552379,-21.852250231656,11.7009014242978));
#2760=CARTESIAN_POINT('Ctrl Pts',(-71.8097267017824,-21.2607632731317,11.5386025668446));
#2761=CARTESIAN_POINT('Ctrl Pts',(-71.9615754904271,-20.9532063652818,11.4262853662125));
#2762=CARTESIAN_POINT('Ctrl Pts',(-72.2176642842,-20.3213398752961,11.1701965724396));
#2763=CARTESIAN_POINT('Ctrl Pts',(-72.3334415172614,-19.9371652382979,10.9955035849135));
#2764=CARTESIAN_POINT('Ctrl Pts',(-72.4827701961757,-19.1623992077582,10.6243997937494));
#2765=CARTESIAN_POINT('Ctrl Pts',(-72.51654051308,-18.7715346654894,10.4286476985077));
#2766=CARTESIAN_POINT('Ctrl Pts',(-72.51654051308,-18.414239268474,10.25));
#2767=CARTESIAN_POINT('',(-66.51654051308,-24.414239268474,11.75));
#2768=CARTESIAN_POINT('Origin',(-66.51654051308,-18.414239268474,11.75));
#2769=CARTESIAN_POINT('',(-66.51654051308,-24.414239268474,-5.55000000000001));
#2770=CARTESIAN_POINT('',(-66.51654051308,-24.414239268474,-7.05000000000001));
#2771=CARTESIAN_POINT('Origin',(-66.51654051308,-18.414239268474,-5.55));
#2772=CARTESIAN_POINT('Origin',(15.952019304039,-25.914239268474,10.25));
#2773=CARTESIAN_POINT('',(15.952019304039,2.05676073152599,10.25));
#2774=CARTESIAN_POINT('',(15.952019304039,10.056760731526,10.25));
#2775=CARTESIAN_POINT('',(15.952019304039,2.05676073152599,9.85));
#2776=CARTESIAN_POINT('',(15.952019304039,2.05676073152599,10.25));
#2777=CARTESIAN_POINT('',(15.952019304039,11.056760731526,9.85));
#2778=CARTESIAN_POINT('',(15.952019304039,-11.928739268474,9.85));
#2779=CARTESIAN_POINT('',(15.952019304039,11.056760731526,-3.65));
#2780=CARTESIAN_POINT('',(15.952019304039,11.056760731526,3.3));
#2781=CARTESIAN_POINT('',(15.952019304039,2.05676073152599,-3.65));
#2782=CARTESIAN_POINT('',(15.952019304039,-6.92873926847401,-3.65));
#2783=CARTESIAN_POINT('',(15.952019304039,2.05676073152599,-4.05));
#2784=CARTESIAN_POINT('',(15.952019304039,2.05676073152599,3.3));
#2785=CARTESIAN_POINT('',(15.952019304039,-25.914239268474,-4.05));
#2786=CARTESIAN_POINT('Origin',(14.452019304039,-25.914239268474,10.25));
#2787=CARTESIAN_POINT('',(14.452019304039,12.056760731526,11.75));
#2788=CARTESIAN_POINT('',(14.452019304039,10.056760731526,11.75));
#2789=CARTESIAN_POINT('',(15.952019304039,12.056760731526,10.25));
#2790=CARTESIAN_POINT('Origin',(14.452019304039,12.056760731526,10.25));
#2791=CARTESIAN_POINT('',(15.952019304039,10.056760731526,10.25));
#2792=CARTESIAN_POINT('Origin',(-71.01654051308,-25.914239268474,-4.05));
#2793=CARTESIAN_POINT('',(-71.01654051308,12.056760731526,-5.55000000000001));
#2794=CARTESIAN_POINT('',(-71.01654051308,10.056760731526,-5.55000000000001));
#2795=CARTESIAN_POINT('',(-72.51654051308,12.056760731526,-4.05));
#2796=CARTESIAN_POINT('Origin',(-71.01654051308,12.056760731526,-4.05));
#2797=CARTESIAN_POINT('',(-72.51654051308,2.056760731526,-4.05000000000005));
#2798=CARTESIAN_POINT('',(-72.51654051308,10.056760731526,-4.05));
#2799=CARTESIAN_POINT('',(-72.51654051308,10.056760731526,-4.05));
#2800=CARTESIAN_POINT('Origin',(-71.01654051308,-25.914239268474,11.75));
#2801=CARTESIAN_POINT('',(-49.6494005588002,-24.414239268474,11.75));
#2802=CARTESIAN_POINT('',(-71.01654051308,12.056760731526,11.75));
#2803=CARTESIAN_POINT('',(-71.01654051308,10.056760731526,11.75));
#2804=CARTESIAN_POINT('',(-49.6494005588002,12.056760731526,11.75));
#2805=CARTESIAN_POINT('',(-6.22589036160522,-17.2484708309194,11.75));
#2806=CARTESIAN_POINT('',(-6.22589036160522,-12.1171812720937,11.75));
#2807=CARTESIAN_POINT('',(-6.22589036160522,-19.3157102702839,11.75));
#2808=CARTESIAN_POINT('',(-50.1451104520282,-12.1171812720937,11.75));
#2809=CARTESIAN_POINT('',(-60.5808254825541,-12.1171812720937,11.75));
#2810=CARTESIAN_POINT('',(-50.1451104520282,-17.2484708309194,11.75));
#2811=CARTESIAN_POINT('',(-50.1451104520282,-19.3157102702839,11.75));
#2812=CARTESIAN_POINT('',(-38.6212154373426,-17.2484708309194,11.75));
#2813=CARTESIAN_POINT('Origin',(-74.01654051308,-25.914239268474,-4.05));
#2814=CARTESIAN_POINT('',(-74.01654051308,2.05676073152599,10.25));
#2815=CARTESIAN_POINT('',(-74.01654051308,-25.914239268474,10.25));
#2816=CARTESIAN_POINT('',(-74.01654051308,2.05676073152599,9.84999999999996));
#2817=CARTESIAN_POINT('',(-74.01654051308,2.05676073152599,2.89999999999998));
#2818=CARTESIAN_POINT('',(-74.01654051308,12.056760731526,9.84999999999996));
#2819=CARTESIAN_POINT('',(-74.01654051308,-6.92873926847401,9.84999999999996));
#2820=CARTESIAN_POINT('',(-74.01654051308,12.056760731526,-3.65000000000005));
#2821=CARTESIAN_POINT('',(-74.01654051308,12.056760731526,10.25));
#2822=CARTESIAN_POINT('',(-74.01654051308,2.056760731526,-3.65000000000005));
#2823=CARTESIAN_POINT('',(-74.01654051308,-11.928739268474,-3.65000000000005));
#2824=CARTESIAN_POINT('',(-74.01654051308,2.056760731526,-4.05000000000002));
#2825=CARTESIAN_POINT('Origin',(-71.01654051308,-25.914239268474,10.25));
#2826=CARTESIAN_POINT('',(-74.01654051308,12.056760731526,10.25));
#2827=CARTESIAN_POINT('Origin',(-71.01654051308,12.056760731526,10.25));
#2828=CARTESIAN_POINT('',(-74.01654051308,-25.914239268474,10.25));
#2829=CARTESIAN_POINT('Origin',(1.23532665390573,7.05676073152599,-7.05000000000001));
#2830=CARTESIAN_POINT('',(-3.76467334609427,7.05676073152599,-5.55000000000001));
#2831=CARTESIAN_POINT('',(-3.76467334609427,7.05676073152599,-7.05000000000001));
#2832=CARTESIAN_POINT('',(1.23532665390573,12.056760731526,-5.55000000000001));
#2833=CARTESIAN_POINT('Origin',(1.23532665390573,7.05676073152599,-5.55));
#2834=CARTESIAN_POINT('',(1.23532665390573,12.056760731526,-7.05000000000001));
#2835=CARTESIAN_POINT('Origin',(-57.7196651542724,7.05676073152599,-7.05000000000001));
#2836=CARTESIAN_POINT('',(-57.7196651542724,12.056760731526,-5.55000000000001));
#2837=CARTESIAN_POINT('',(-57.7196651542724,12.056760731526,-7.05000000000001));
#2838=CARTESIAN_POINT('',(-52.7196651542724,7.05676073152599,-5.55000000000001));
#2839=CARTESIAN_POINT('Origin',(-57.7196651542724,7.05676073152599,-5.55));
#2840=CARTESIAN_POINT('',(-52.7196651542724,7.05676073152599,-7.05000000000001));
#2841=CARTESIAN_POINT('Origin',(-28.2822606045205,12.056760731526,3.09999999999999));
#2842=CARTESIAN_POINT('',(14.452019304039,12.056760731526,-5.55));
#2843=CARTESIAN_POINT('',(-6.91512065024075,12.056760731526,-5.55));
#2844=CARTESIAN_POINT('',(15.952019304039,12.056760731526,-4.05));
#2845=CARTESIAN_POINT('Origin',(14.452019304039,12.056760731526,-4.05));
#2846=CARTESIAN_POINT('',(17.452019304039,12.056760731526,-4.05));
#2847=CARTESIAN_POINT('',(-6.16512065024075,12.056760731526,-4.05));
#2848=CARTESIAN_POINT('Origin',(14.452019304039,12.056760731526,-4.05));
#2849=CARTESIAN_POINT('Origin',(-3.76467334609427,-4.72235523063716,-7.05000000000001));
#2850=CARTESIAN_POINT('',(-3.76467334609427,0.277644769362835,-5.55000000000001));
#2851=CARTESIAN_POINT('',(-3.76467334609427,0.277644769362835,-7.05000000000001));
#2852=CARTESIAN_POINT('',(-3.76467334609427,-15.3182972495556,-5.55));
#2853=CARTESIAN_POINT('Origin',(-52.7196651542724,12.056760731526,-7.05000000000001));
#2854=CARTESIAN_POINT('',(-52.7196651542724,0.277644769362835,-5.55000000000001));
#2855=CARTESIAN_POINT('',(-52.7196651542724,-6.92873926847401,-5.55000000000001));
#2856=CARTESIAN_POINT('',(-52.7196651542724,0.277644769362834,-7.05000000000001));
#2857=CARTESIAN_POINT('Origin',(-47.7196651542724,0.277644769362834,-7.05000000000001));
#2858=CARTESIAN_POINT('',(-47.7196651542724,-4.72235523063716,-5.55000000000001));
#2859=CARTESIAN_POINT('Origin',(-47.7196651542724,0.277644769362834,-5.55000000000001));
#2860=CARTESIAN_POINT('',(-47.7196651542724,-4.72235523063716,-7.05000000000001));
#2861=CARTESIAN_POINT('Origin',(-52.7196651542724,-4.72235523063716,-7.05000000000001));
#2862=CARTESIAN_POINT('',(-8.76467334609427,-4.72235523063716,-5.55000000000001));
#2863=CARTESIAN_POINT('',(-19.1338229251167,-4.72235523063716,-5.55000000000001));
#2864=CARTESIAN_POINT('',(-8.76467334609427,-4.72235523063716,-7.05000000000001));
#2865=CARTESIAN_POINT('Origin',(-8.76467334609427,0.277644769362835,-7.05000000000001));
#2866=CARTESIAN_POINT('Origin',(-8.76467334609427,0.277644769362835,-5.55000000000001));
#2867=CARTESIAN_POINT('Origin',(15.9177047289882,11.656760731526,3.1));
#2868=CARTESIAN_POINT('',(15.352019304039,11.456760731526,-3.05));
#2869=CARTESIAN_POINT('',(15.9177047289882,11.056760731526,-3.64901795460494));
#2870=CARTESIAN_POINT('Ctrl Pts',(15.352019304039,11.456760731526,-3.05));
#2871=CARTESIAN_POINT('Ctrl Pts',(15.352019304039,11.456760731526,-3.08087074967759));
#2872=CARTESIAN_POINT('Ctrl Pts',(15.3543602283435,11.4499409010339,-3.11019954998089));
#2873=CARTESIAN_POINT('Ctrl Pts',(15.3627954145385,11.4282548006381,-3.16674349153668));
#2874=CARTESIAN_POINT('Ctrl Pts',(15.3689057470434,11.4135547943788,-3.19401986196147));
#2875=CARTESIAN_POINT('Ctrl Pts',(15.3924591413653,11.3644693199771,-3.27348571607423));
#2876=CARTESIAN_POINT('Ctrl Pts',(15.4154494406795,11.3255817579705,-3.32328929107669));
#2877=CARTESIAN_POINT('Ctrl Pts',(15.4839074181141,11.2366827220061,-3.43351529672982));
#2878=CARTESIAN_POINT('Ctrl Pts',(15.5502872016975,11.175219582836,-3.50395517447291));
#2879=CARTESIAN_POINT('Ctrl Pts',(15.6746713874698,11.1049200099517,-3.58570321865334));
#2880=CARTESIAN_POINT('Ctrl Pts',(15.7390617333934,11.0796656289155,-3.61544491762973));
#2881=CARTESIAN_POINT('Ctrl Pts',(15.8439574724419,11.0602038500876,-3.64133339289325));
#2882=CARTESIAN_POINT('Ctrl Pts',(15.8809520960289,11.056760731526,-3.64691259036285));
#2883=CARTESIAN_POINT('Ctrl Pts',(15.9177047289882,11.056760731526,-3.64901795460494));
#2884=CARTESIAN_POINT('',(15.9177047289882,11.056760731526,9.84901795460494));
#2885=CARTESIAN_POINT('',(15.9177047289882,11.056760731526,3.1));
#2886=CARTESIAN_POINT('',(15.352019304039,11.456760731526,9.25));
#2887=CARTESIAN_POINT('Ctrl Pts',(15.9177047289882,11.056760731526,9.84901795460494));
#2888=CARTESIAN_POINT('Ctrl Pts',(15.8809520960289,11.056760731526,9.84691259036285));
#2889=CARTESIAN_POINT('Ctrl Pts',(15.8439574724419,11.0602038500876,9.84133339289325));
#2890=CARTESIAN_POINT('Ctrl Pts',(15.7390617333934,11.0796656289155,9.81544491762974));
#2891=CARTESIAN_POINT('Ctrl Pts',(15.6746713874698,11.1049200099517,9.78570321865335));
#2892=CARTESIAN_POINT('Ctrl Pts',(15.5502872016975,11.175219582836,9.70395517447291));
#2893=CARTESIAN_POINT('Ctrl Pts',(15.4839074181141,11.2366827220061,9.63351529672982));
#2894=CARTESIAN_POINT('Ctrl Pts',(15.4154494406795,11.3255817579705,9.5232892910767));
#2895=CARTESIAN_POINT('Ctrl Pts',(15.3924591413653,11.3644693199771,9.47348571607423));
#2896=CARTESIAN_POINT('Ctrl Pts',(15.3689057470434,11.4135547943788,9.39401986196148));
#2897=CARTESIAN_POINT('Ctrl Pts',(15.3627954145385,11.4282548006381,9.36674349153669));
#2898=CARTESIAN_POINT('Ctrl Pts',(15.3543602283435,11.4499409010339,9.31019954998089));
#2899=CARTESIAN_POINT('Ctrl Pts',(15.352019304039,11.456760731526,9.2808707496776));
#2900=CARTESIAN_POINT('Ctrl Pts',(15.352019304039,11.456760731526,9.25));
#2901=CARTESIAN_POINT('',(15.352019304039,11.456760731526,3.1));
#2902=CARTESIAN_POINT('Origin',(15.952019304039,11.306760731526,9.25));
#2903=CARTESIAN_POINT('Origin',(15.952019304039,11.056760731526,9.25));
#2904=CARTESIAN_POINT('',(15.952019304039,12.056760731526,9.85));
#2905=CARTESIAN_POINT('',(15.952019304039,11.306760731526,9.85));
#2906=CARTESIAN_POINT('Origin',(15.952019304039,11.456760731526,9.25));
#2907=CARTESIAN_POINT('Origin',(15.952019304039,11.806760731526,-3.05));
#2908=CARTESIAN_POINT('',(15.952019304039,12.056760731526,-3.65));
#2909=CARTESIAN_POINT('Origin',(15.952019304039,11.456760731526,-3.05));
#2910=CARTESIAN_POINT('',(15.952019304039,11.806760731526,-3.65));
#2911=CARTESIAN_POINT('Origin',(15.952019304039,11.056760731526,-3.05));
#2912=CARTESIAN_POINT('Origin',(15.952019304039,11.456760731526,3.1));
#2913=CARTESIAN_POINT('',(15.952019304039,12.056760731526,3.1));
#2914=CARTESIAN_POINT('Origin',(15.952019304039,12.056760731526,10.25));
#2915=CARTESIAN_POINT('',(15.952019304039,2.05676073152599,10.25));
#2916=CARTESIAN_POINT('',(-6.16512065024075,12.056760731526,10.25));
#2917=CARTESIAN_POINT('Origin',(15.952019304039,2.05676073152599,10.25));
#2918=CARTESIAN_POINT('',(15.952019304039,2.05676073152599,9.85));
#2919=CARTESIAN_POINT('Origin',(15.952019304039,2.05676073152599,-3.65));
#2920=CARTESIAN_POINT('',(15.952019304039,2.05676073152599,-4.05));
#2921=CARTESIAN_POINT('',(15.952019304039,2.05676073152599,-3.65));
#2922=CARTESIAN_POINT('Origin',(15.952019304039,2.05676073152599,-4.05));
#2923=CARTESIAN_POINT('',(17.452019304039,-25.914239268474,-4.05));
#2924=CARTESIAN_POINT('',(15.952019304039,-25.914239268474,-4.05));
#2925=CARTESIAN_POINT('Origin',(-28.2822606045205,12.056760731526,3.09999999999999));
#2926=CARTESIAN_POINT('',(-6.16512065024075,12.056760731526,9.85));
#2927=CARTESIAN_POINT('',(15.952019304039,12.056760731526,-3.65));
#2928=CARTESIAN_POINT('Origin',(-28.2822606045205,12.056760731526,3.09999999999999));
#2929=CARTESIAN_POINT('',(-72.51654051308,12.056760731526,10.25));
#2930=CARTESIAN_POINT('Origin',(-71.01654051308,12.056760731526,10.25));
#2931=CARTESIAN_POINT('',(-50.3994005588003,12.056760731526,10.25));
#2932=CARTESIAN_POINT('Origin',(-72.4822259380292,11.656760731526,3.09999999999997));
#2933=CARTESIAN_POINT('',(-71.91654051308,11.456760731526,9.24999999999996));
#2934=CARTESIAN_POINT('',(-72.4822259380292,11.056760731526,9.8490179546049));
#2935=CARTESIAN_POINT('Ctrl Pts',(-71.91654051308,11.456760731526,9.24999999999996));
#2936=CARTESIAN_POINT('Ctrl Pts',(-71.91654051308,11.456760731526,9.28087074967756));
#2937=CARTESIAN_POINT('Ctrl Pts',(-71.9188814373845,11.4499409010339,9.31019954998087));
#2938=CARTESIAN_POINT('Ctrl Pts',(-71.9273166235795,11.4282548006381,9.36674349153666));
#2939=CARTESIAN_POINT('Ctrl Pts',(-71.9334269560844,11.4135547943788,9.39401986196144));
#2940=CARTESIAN_POINT('Ctrl Pts',(-71.9569803504063,11.3644693199771,9.47348571607419));
#2941=CARTESIAN_POINT('Ctrl Pts',(-71.9799706497205,11.3255817579705,9.52328929107666));
#2942=CARTESIAN_POINT('Ctrl Pts',(-72.0484286271551,11.2366827220061,9.63351529672978));
#2943=CARTESIAN_POINT('Ctrl Pts',(-72.1148084107385,11.175219582836,9.70395517447288));
#2944=CARTESIAN_POINT('Ctrl Pts',(-72.2391925965108,11.1049200099517,9.78570321865331));
#2945=CARTESIAN_POINT('Ctrl Pts',(-72.3035829424344,11.0796656289155,9.81544491762971));
#2946=CARTESIAN_POINT('Ctrl Pts',(-72.4084786814829,11.0602038500876,9.84133339289322));
#2947=CARTESIAN_POINT('Ctrl Pts',(-72.44547330507,11.056760731526,9.84691259036281));
#2948=CARTESIAN_POINT('Ctrl Pts',(-72.4822259380292,11.056760731526,9.8490179546049));
#2949=CARTESIAN_POINT('',(-72.4822259380292,11.056760731526,-3.64901795460499));
#2950=CARTESIAN_POINT('',(-72.4822259380292,11.056760731526,3.09999999999997));
#2951=CARTESIAN_POINT('',(-71.91654051308,11.456760731526,-3.05000000000005));
#2952=CARTESIAN_POINT('Ctrl Pts',(-72.4822259380292,11.056760731526,-3.64901795460499));
#2953=CARTESIAN_POINT('Ctrl Pts',(-72.44547330507,11.056760731526,-3.6469125903629));
#2954=CARTESIAN_POINT('Ctrl Pts',(-72.4084786814829,11.0602038500876,-3.6413333928933));
#2955=CARTESIAN_POINT('Ctrl Pts',(-72.3035829424344,11.0796656289155,-3.61544491762979));
#2956=CARTESIAN_POINT('Ctrl Pts',(-72.2391925965108,11.1049200099517,-3.58570321865339));
#2957=CARTESIAN_POINT('Ctrl Pts',(-72.1148084107385,11.175219582836,-3.50395517447296));
#2958=CARTESIAN_POINT('Ctrl Pts',(-72.0484286271551,11.2366827220061,-3.43351529672987));
#2959=CARTESIAN_POINT('Ctrl Pts',(-71.9799706497205,11.3255817579705,-3.32328929107674));
#2960=CARTESIAN_POINT('Ctrl Pts',(-71.9569803504063,11.3644693199771,-3.27348571607428));
#2961=CARTESIAN_POINT('Ctrl Pts',(-71.9334269560844,11.4135547943788,-3.19401986196152));
#2962=CARTESIAN_POINT('Ctrl Pts',(-71.9273166235795,11.4282548006381,-3.16674349153674));
#2963=CARTESIAN_POINT('Ctrl Pts',(-71.9188814373845,11.4499409010339,-3.11019954998095));
#2964=CARTESIAN_POINT('Ctrl Pts',(-71.91654051308,11.456760731526,-3.08087074967764));
#2965=CARTESIAN_POINT('Ctrl Pts',(-71.91654051308,11.456760731526,-3.05000000000005));
#2966=CARTESIAN_POINT('',(-71.91654051308,11.456760731526,3.09999999999997));
#2967=CARTESIAN_POINT('Origin',(-72.51654051308,11.306760731526,-3.05000000000005));
#2968=CARTESIAN_POINT('',(-72.51654051308,11.056760731526,-3.65000000000005));
#2969=CARTESIAN_POINT('Origin',(-72.51654051308,11.056760731526,-3.05000000000005));
#2970=CARTESIAN_POINT('',(-72.51654051308,12.056760731526,-3.65000000000005));
#2971=CARTESIAN_POINT('',(-72.51654051308,11.306760731526,-3.65000000000005));
#2972=CARTESIAN_POINT('Origin',(-72.51654051308,11.456760731526,-3.05000000000005));
#2973=CARTESIAN_POINT('Origin',(-72.51654051308,11.806760731526,9.24999999999996));
#2974=CARTESIAN_POINT('',(-72.51654051308,12.056760731526,9.84999999999996));
#2975=CARTESIAN_POINT('Origin',(-72.51654051308,11.456760731526,9.24999999999996));
#2976=CARTESIAN_POINT('',(-72.51654051308,11.056760731526,9.84999999999996));
#2977=CARTESIAN_POINT('',(-72.51654051308,11.806760731526,9.84999999999996));
#2978=CARTESIAN_POINT('Origin',(-72.51654051308,11.056760731526,9.24999999999996));
#2979=CARTESIAN_POINT('Origin',(-72.51654051308,11.456760731526,3.09999999999997));
#2980=CARTESIAN_POINT('',(-72.51654051308,12.056760731526,3.09999999999997));
#2981=CARTESIAN_POINT('Origin',(-72.51654051308,12.056760731526,-4.05000000000005));
#2982=CARTESIAN_POINT('',(-72.51654051308,2.056760731526,-4.05000000000005));
#2983=CARTESIAN_POINT('',(-50.3994005588003,12.056760731526,-4.05000000000005));
#2984=CARTESIAN_POINT('Origin',(-72.51654051308,2.056760731526,-4.05000000000005));
#2985=CARTESIAN_POINT('',(-72.51654051308,2.056760731526,-3.65000000000005));
#2986=CARTESIAN_POINT('',(-72.51654051308,2.056760731526,-3.65000000000005));
#2987=CARTESIAN_POINT('',(-72.51654051308,2.056760731526,-4.05000000000002));
#2988=CARTESIAN_POINT('Origin',(-72.51654051308,2.05676073152599,9.84999999999996));
#2989=CARTESIAN_POINT('',(-72.51654051308,2.05676073152599,10.25));
#2990=CARTESIAN_POINT('',(-72.51654051308,2.05676073152599,10.25));
#2991=CARTESIAN_POINT('',(-72.51654051308,2.05676073152599,9.84999999999996));
#2992=CARTESIAN_POINT('',(-72.51654051308,2.05676073152599,2.89999999999998));
#2993=CARTESIAN_POINT('',(-72.51654051308,2.05676073152599,9.84999999999996));
#2994=CARTESIAN_POINT('Origin',(-72.51654051308,2.05676073152599,10.25));
#2995=CARTESIAN_POINT('',(-72.51654051308,10.056760731526,10.25));
#2996=CARTESIAN_POINT('Origin',(-72.51654051308,-25.914239268474,-4.05));
#2997=CARTESIAN_POINT('',(-72.51654051308,-11.928739268474,-3.65000000000005));
#2998=CARTESIAN_POINT('',(-72.51654051308,11.056760731526,2.89999999999998));
#2999=CARTESIAN_POINT('',(-72.51654051308,-6.92873926847401,9.84999999999996));
#3000=CARTESIAN_POINT('',(-72.51654051308,10.056760731526,10.25));
#3001=CARTESIAN_POINT('Origin',(-28.2822606045205,12.056760731526,3.09999999999999));
#3002=CARTESIAN_POINT('',(-50.3994005588003,12.056760731526,-3.65000000000005));
#3003=CARTESIAN_POINT('',(-72.51654051308,12.056760731526,9.84999999999996));
#3004=CARTESIAN_POINT('Origin',(-28.2822606045205,12.056760731526,3.09999999999999));
#3005=CARTESIAN_POINT('',(-6.91512065024075,12.056760731526,-5.55));
#3006=CARTESIAN_POINT('Origin',(-6.22589036160522,-12.1171812720937,-5.55000000000001));
#3007=CARTESIAN_POINT('',(-50.145469000013,-12.1171812720937,-5.55000000000001));
#3008=CARTESIAN_POINT('',(-6.22589036160522,-12.1171812720937,-5.55000000000001));
#3009=CARTESIAN_POINT('',(4.11306447121689,-12.1171812720937,-5.55));
#3010=CARTESIAN_POINT('',(-50.145469000013,-12.1171812720937,-3.55000000000001));
#3011=CARTESIAN_POINT('',(-50.145469000013,-12.1171812720937,-5.55000000000001));
#3012=CARTESIAN_POINT('',(-6.22589036160522,-12.1171812720937,-3.55000000000001));
#3013=CARTESIAN_POINT('',(-44.052469000013,-12.1171812720937,-3.55000000000001));
#3014=CARTESIAN_POINT('',(-6.22589036160522,-12.1171812720937,-5.55000000000001));
#3015=CARTESIAN_POINT('Origin',(14.452019304039,-25.914239268474,-5.55));
#3016=CARTESIAN_POINT('',(14.452019304039,10.056760731526,-5.55));
#3017=CARTESIAN_POINT('',(-6.91512065024075,-24.414239268474,-5.55));
#3018=CARTESIAN_POINT('',(-50.145469000013,-17.2484708309194,-5.55000000000001));
#3019=CARTESIAN_POINT('',(-50.145469000013,-19.3157102702839,-5.55000000000001));
#3020=CARTESIAN_POINT('',(-6.22589036160522,-17.2484708309194,-5.55000000000001));
#3021=CARTESIAN_POINT('',(-6.22589036160522,-19.3157102702839,-5.55));
#3022=CARTESIAN_POINT('',(-14.800224847987,-17.2484708309194,-5.55000000000001));
#3023=CARTESIAN_POINT('Origin',(-50.1451104520282,-12.1171812720937,11.75));
#3024=CARTESIAN_POINT('',(-6.22589036160522,-12.1171812720937,9.75));
#3025=CARTESIAN_POINT('',(-6.22589036160522,-12.1171812720937,11.75));
#3026=CARTESIAN_POINT('',(-50.1451104520282,-12.1171812720937,9.75));
#3027=CARTESIAN_POINT('',(-6.22589036160522,-12.1171812720937,9.75));
#3028=CARTESIAN_POINT('',(-50.1451104520282,-12.1171812720937,11.75));
#3029=CARTESIAN_POINT('Origin',(15.952019304039,11.056760731526,9.85));
#3030=CARTESIAN_POINT('Origin',(15.952019304039,11.056760731526,-3.65));
#3031=CARTESIAN_POINT('Origin',(15.952019304039,12.056760731526,-3.65));
#3032=CARTESIAN_POINT('Origin',(-72.51654051308,11.056760731526,-3.65000000000005));
#3033=CARTESIAN_POINT('Origin',(-72.51654051308,11.056760731526,9.84999999999996));
#3034=CARTESIAN_POINT('Origin',(-72.51654051308,12.056760731526,9.84999999999996));
#3035=CARTESIAN_POINT('Origin',(-50.145469000013,-12.7171812720937,-5.55000000000001));
#3036=CARTESIAN_POINT('',(-50.145469000013,-15.2484708309194,-3.55000000000001));
#3037=CARTESIAN_POINT('',(-50.145469000013,-15.615648441213,-3.91717761029358));
#3038=CARTESIAN_POINT('',(-50.145469000013,-17.2484708309194,-3.55000000000001));
#3039=CARTESIAN_POINT('Origin',(-17.205695384211,-16.2484708309194,10.75));
#3040=CARTESIAN_POINT('',(-50.1451104520282,-15.2484708309194,9.75));
#3041=CARTESIAN_POINT('',(-50.1451104520282,-16.7484708309194,11.25));
#3042=CARTESIAN_POINT('',(-6.22589036160522,-15.2484708309194,9.75));
#3043=CARTESIAN_POINT('',(-17.205695384211,-15.2484708309194,9.75));
#3044=CARTESIAN_POINT('',(-6.22589036160522,-15.615648441213,10.1171776102936));
#3045=CARTESIAN_POINT('Origin',(-28.1855004068167,-14.9828260515066,9.75));
#3046=CARTESIAN_POINT('',(-50.1451104520282,-12.7171812720937,9.75));
#3047=CARTESIAN_POINT('',(-6.22589036160522,-12.7171812720937,9.75));
#3048=CARTESIAN_POINT('Origin',(-50.1451104520282,-17.2484708309194,11.75));
#3049=CARTESIAN_POINT('Origin',(-6.22589036160522,-12.7171812720937,11.75));
#3050=CARTESIAN_POINT('Origin',(-34.5958243404111,-16.2484708309194,-4.55000000000001));
#3051=CARTESIAN_POINT('',(-6.22589036160522,-15.2484708309194,-3.55000000000001));
#3052=CARTESIAN_POINT('',(-6.22589036160522,-16.7484708309194,-5.05000000000001));
#3053=CARTESIAN_POINT('',(-34.5958243404111,-15.2484708309194,-3.55000000000001));
#3054=CARTESIAN_POINT('Origin',(-25.1391796808091,-14.9828260515066,-3.55000000000001));
#3055=CARTESIAN_POINT('',(-6.22589036160522,-12.7171812720937,-3.55000000000001));
#3056=CARTESIAN_POINT('Origin',(-6.22589036160522,-17.2484708309194,-5.55000000000001));
#3057=CARTESIAN_POINT('Origin',(-71.01654051308,-25.914239268474,10.25));
#3058=CARTESIAN_POINT('Origin',(14.452019304039,-25.914239268474,-4.05));
#3059=CARTESIAN_POINT('Origin',(-28.2822606045205,-24.414239268474,3.09999999999999));
#3060=CARTESIAN_POINT('Origin',(14.452019304039,-25.914239268474,-4.05));
#3061=CARTESIAN_POINT('',(0.,0.,0.));
#3062=UNCERTAINTY_MEASURE_WITH_UNIT(LENGTH_MEASURE(0.01),#3068,
'DISTANCE_ACCURACY_VALUE',
'Maximum model space distance between geometric entities at asserted c
onnectivities');
#3063=UNCERTAINTY_MEASURE_WITH_UNIT(LENGTH_MEASURE(0.01),#3068,
'DISTANCE_ACCURACY_VALUE',
'Maximum model space distance between geometric entities at asserted c
onnectivities');
#3064=UNCERTAINTY_MEASURE_WITH_UNIT(LENGTH_MEASURE(0.01),#3068,
'DISTANCE_ACCURACY_VALUE',
'Maximum model space distance between geometric entities at asserted c
onnectivities');
#3065=(
GEOMETRIC_REPRESENTATION_CONTEXT(3)
GLOBAL_UNCERTAINTY_ASSIGNED_CONTEXT((#3062))
GLOBAL_UNIT_ASSIGNED_CONTEXT((#3068,#3070,#3071))
REPRESENTATION_CONTEXT('','3D')
);
#3066=(
GEOMETRIC_REPRESENTATION_CONTEXT(3)
GLOBAL_UNCERTAINTY_ASSIGNED_CONTEXT((#3063))
GLOBAL_UNIT_ASSIGNED_CONTEXT((#3068,#3070,#3071))
REPRESENTATION_CONTEXT('','3D')
);
#3067=(
GEOMETRIC_REPRESENTATION_CONTEXT(3)
GLOBAL_UNCERTAINTY_ASSIGNED_CONTEXT((#3064))
GLOBAL_UNIT_ASSIGNED_CONTEXT((#3068,#3070,#3071))
REPRESENTATION_CONTEXT('','3D')
);
#3068=(
LENGTH_UNIT()
NAMED_UNIT(*)
SI_UNIT(.MILLI.,.METRE.)
);
#3069=(
LENGTH_UNIT()
NAMED_UNIT(*)
SI_UNIT($,.METRE.)
);
#3070=(
NAMED_UNIT(*)
PLANE_ANGLE_UNIT()
SI_UNIT($,.RADIAN.)
);
#3071=(
NAMED_UNIT(*)
SI_UNIT($,.STERADIAN.)
SOLID_ANGLE_UNIT()
);
#3072=SHAPE_DEFINITION_REPRESENTATION(#3074,#3077);
#3073=SHAPE_DEFINITION_REPRESENTATION(#3075,#3078);
#3074=PRODUCT_DEFINITION_SHAPE('',$,#3080);
#3075=PRODUCT_DEFINITION_SHAPE('',$,#3081);
#3076=PRODUCT_DEFINITION_SHAPE($,$,#14);
#3077=SHAPE_REPRESENTATION('',(#1578,#1701),#3065);
#3078=SHAPE_REPRESENTATION('',(#1579),#3066);
#3079=PRODUCT_DEFINITION_CONTEXT('part definition',#3087,'design');
#3080=PRODUCT_DEFINITION('hWa2-PCBModel','\X2\63A0593A800553CC98917387\X0\ 
v7',#3082,#3079);
#3081=PRODUCT_DEFINITION('\X2\65367EB358F3\X0\','\X2\65367EB358F3\X0\',
#3083,#3079);
#3082=PRODUCT_DEFINITION_FORMATION('',$,#3089);
#3083=PRODUCT_DEFINITION_FORMATION('',$,#3090);
#3084=PRODUCT_RELATED_PRODUCT_CATEGORY('\X2\63A0593A800553CC98917387\X0\ 
v7','\X2\63A0593A800553CC98917387\X0\ v7',(#3089));
#3085=PRODUCT_RELATED_PRODUCT_CATEGORY('\X2\65367EB358F3\X0\',
'\X2\65367EB358F3\X0\',(#3090));
#3086=APPLICATION_PROTOCOL_DEFINITION('international standard',
'automotive_design',2009,#3087);
#3087=APPLICATION_CONTEXT(
'Core Data for Automotive Mechanical Design Process');
#3088=PRODUCT_CONTEXT('part definition',#3087,'mechanical');
#3089=PRODUCT('hWa2-PCBModel','\X2\63A0593A800553CC98917387\X0\ v7',
'Designed by EasyEDA Pro',(#3088));
#3090=PRODUCT('\X2\65367EB358F3\X0\','\X2\65367EB358F3\X0\',$,(#3088));
#3091=PRESENTATION_STYLE_ASSIGNMENT((#3092));
#3092=SURFACE_STYLE_USAGE(.BOTH.,#3093);
#3093=SURFACE_SIDE_STYLE('',(#3094));
#3094=SURFACE_STYLE_FILL_AREA(#3095);
#3095=FILL_AREA_STYLE('\X2\94A2\X0\ - \X2\7F0E5149\X0\',(#3096));
#3096=FILL_AREA_STYLE_COLOUR('\X2\94A2\X0\ - \X2\7F0E5149\X0\',#3097);
#3097=COLOUR_RGB('\X2\94A2\X0\ - \X2\7F0E5149\X0\',0.627450980392157,0.627450980392157,
0.627450980392157);
ENDSEC;
END-ISO-10303-21;
