ISO-10303-21;
HEADER;
/* Generated by software containing ST-Developer
 * from STEP Tools, Inc. (www.steptools.com) 
 */

FILE_DESCRIPTION(
/* description */ ('Designed by EasyEDA Pro'),
/* implementation_level */ '2;1');

FILE_NAME(
/* name */ '',
/* time_stamp */ '2025-11-13T21:41:04+08:00',
/* author */ (''),
/* organization */ (''),
/* preprocessor_version */ 'ST-DEVELOPER v20.1',
/* originating_system */ 'Autodesk Translation Framework v14.21.0.0',
/* authorisation */ '');

FILE_SCHEMA (('AUTOMOTIVE_DESIGN { 1 0 10303 214 3 1 1 }'));
ENDSEC;

DATA;
#10=MECHANICAL_DESIGN_GEOMETRIC_PRESENTATION_REPRESENTATION('',(#17),#3887);
#11=ITEM_DEFINED_TRANSFORMATION($,$,#2279,#2480);
#12=(
REPRESENTATION_RELATIONSHIP($,$,#3898,#3897)
REPRESENTATION_RELATIONSHIP_WITH_TRANSFORMATION(#11)
SHAPE_REPRESENTATION_RELATIONSHIP()
);
#13=CONTEXT_DEPENDENT_SHAPE_REPRESENTATION(#12,#3896);
#14=NEXT_ASSEMBLY_USAGE_OCCURRENCE('\X2\987658F3\X0\:1','\X2\987658F3\X0\:
1','\X2\987658F3\X0\:1',#3900,#3901,'\X2\987658F3\X0\:1');
#15=SHAPE_REPRESENTATION_RELATIONSHIP('SRR','None',#3898,#16);
#16=ADVANCED_BREP_SHAPE_REPRESENTATION('',(#18),#3886);
#17=STYLED_ITEM('',(#3911),#18);
#18=MANIFOLD_SOLID_BREP('\X2\5B9E4F53\X0\1',#2265);
#19=TOROIDAL_SURFACE('',#2370,4.78731013462,2.);
#20=TOROIDAL_SURFACE('',#2376,4.7873101346211,2.);
#21=TOROIDAL_SURFACE('',#2384,4.78731013462047,2.);
#22=TOROIDAL_SURFACE('',#2390,4.787310134612,2.);
#23=ELLIPSE('',#2359,2.0615094398183,2.);
#24=ELLIPSE('',#2360,2.0615094398183,2.);
#25=ELLIPSE('',#2362,2.06151798254813,2.);
#26=ELLIPSE('',#2363,2.06151798254813,2.);
#27=ELLIPSE('',#2366,2.8280209118585,2.);
#28=ELLIPSE('',#2369,2.82792127318975,2.);
#29=B_SPLINE_SURFACE_WITH_KNOTS('',3,3,((#3503,#3504,#3505,#3506,#3507,
#3508),(#3509,#3510,#3511,#3512,#3513,#3514),(#3515,#3516,#3517,#3518,#3519,
#3520),(#3521,#3522,#3523,#3524,#3525,#3526),(#3527,#3528,#3529,#3530,#3531,
#3532)),.UNSPECIFIED.,.F.,.F.,.F.,(4,1,4),(4,1,1,4),(0.,0.571428571428571,
1.),(-8.02519080925191E-17,0.448798950512827,0.897597901025654,1.57079632679489),
 .UNSPECIFIED.);
#30=B_SPLINE_SURFACE_WITH_KNOTS('',3,3,((#3539,#3540,#3541,#3542,#3543,
#3544),(#3545,#3546,#3547,#3548,#3549,#3550),(#3551,#3552,#3553,#3554,#3555,
#3556),(#3557,#3558,#3559,#3560,#3561,#3562),(#3563,#3564,#3565,#3566,#3567,
#3568)),.UNSPECIFIED.,.F.,.F.,.F.,(4,1,4),(4,1,1,4),(0.,0.571428571428571,
1.),(2.77555756156292E-16,0.448798950512827,0.67319842576924,1.57079632679489),
 .UNSPECIFIED.);
#31=B_SPLINE_SURFACE_WITH_KNOTS('',3,1,((#3759,#3760),(#3761,#3762),(#3763,
#3764),(#3765,#3766),(#3767,#3768),(#3769,#3770),(#3771,#3772)),
 .UNSPECIFIED.,.F.,.F.,.F.,(4,3,4),(2,2),(0.,0.361767246965644,1.5707963267949),
(0.,1.5),.UNSPECIFIED.);
#32=B_SPLINE_SURFACE_WITH_KNOTS('',3,1,((#3788,#3789),(#3790,#3791),(#3792,
#3793),(#3794,#3795),(#3796,#3797),(#3798,#3799),(#3800,#3801)),
 .UNSPECIFIED.,.F.,.F.,.F.,(4,3,4),(2,2),(-1.5707963267949,-1.20902907982925,
2.44929361499856E-16),(0.,1.5),.UNSPECIFIED.);
#33=CONICAL_SURFACE('',#2317,0.877000253999999,0.785398163397447);
#34=CONICAL_SURFACE('',#2320,0.877000253999999,0.785398163397448);
#35=CONICAL_SURFACE('',#2330,0.877000254,0.785398163397448);
#36=CONICAL_SURFACE('',#2333,0.877000254,0.785398163397448);
#37=FACE_BOUND('',#315,.T.);
#38=FACE_BOUND('',#323,.T.);
#39=FACE_BOUND('',#324,.T.);
#40=FACE_BOUND('',#330,.T.);
#41=FACE_BOUND('',#332,.T.);
#42=FACE_BOUND('',#334,.T.);
#43=FACE_BOUND('',#336,.T.);
#44=FACE_BOUND('',#365,.T.);
#45=FACE_BOUND('',#366,.T.);
#46=FACE_BOUND('',#367,.T.);
#47=FACE_BOUND('',#368,.T.);
#48=FACE_BOUND('',#369,.T.);
#49=FACE_BOUND('',#371,.T.);
#50=FACE_BOUND('',#375,.T.);
#51=FACE_BOUND('',#379,.T.);
#52=FACE_BOUND('',#383,.T.);
#53=FACE_BOUND('',#388,.T.);
#54=FACE_BOUND('',#389,.T.);
#55=B_SPLINE_CURVE_WITH_KNOTS('',3,(#3286,#3287,#3288,#3289,#3290,#3291,
#3292),.UNSPECIFIED.,.F.,.F.,(4,3,4),(-1.5707963267949,-1.20902907982925,
2.44929361499856E-16),.UNSPECIFIED.);
#56=B_SPLINE_CURVE_WITH_KNOTS('',3,(#3296,#3297,#3298,#3299,#3300,#3301,
#3302),.UNSPECIFIED.,.F.,.F.,(4,3,4),(0.,0.361767246965644,1.5707963267949),
 .UNSPECIFIED.);
#57=B_SPLINE_CURVE_WITH_KNOTS('',3,(#3775,#3776,#3777,#3778,#3779,#3780,
#3781),.UNSPECIFIED.,.F.,.F.,(4,3,4),(0.,0.198120553047361,0.257402441497369),
 .UNSPECIFIED.);
#58=B_SPLINE_CURVE_WITH_KNOTS('',3,(#3803,#3804,#3805,#3806,#3807,#3808,
#3809),.UNSPECIFIED.,.F.,.F.,(4,3,4),(0.,0.198120552687615,0.257402441029981),
 .UNSPECIFIED.);
#59=CYLINDRICAL_SURFACE('',#2300,3.);
#60=CYLINDRICAL_SURFACE('',#2303,3.);
#61=CYLINDRICAL_SURFACE('',#2365,2.);
#62=CYLINDRICAL_SURFACE('',#2367,2.);
#63=CYLINDRICAL_SURFACE('',#2374,2.);
#64=CYLINDRICAL_SURFACE('',#2380,2.);
#65=CYLINDRICAL_SURFACE('',#2381,2.);
#66=CYLINDRICAL_SURFACE('',#2382,2.);
#67=CYLINDRICAL_SURFACE('',#2388,2.);
#68=CYLINDRICAL_SURFACE('',#2394,2.);
#69=CYLINDRICAL_SURFACE('',#2395,1.5);
#70=CYLINDRICAL_SURFACE('',#2398,6.7873101346211);
#71=CYLINDRICAL_SURFACE('',#2399,6.78731013462);
#72=CYLINDRICAL_SURFACE('',#2408,1.6);
#73=CYLINDRICAL_SURFACE('',#2409,1.);
#74=CYLINDRICAL_SURFACE('',#2413,1.6);
#75=CYLINDRICAL_SURFACE('',#2414,1.);
#76=CYLINDRICAL_SURFACE('',#2418,1.6);
#77=CYLINDRICAL_SURFACE('',#2419,1.);
#78=CYLINDRICAL_SURFACE('',#2423,1.6);
#79=CYLINDRICAL_SURFACE('',#2424,1.);
#80=CYLINDRICAL_SURFACE('',#2425,2.25000000000001);
#81=CYLINDRICAL_SURFACE('',#2431,2.25);
#82=CYLINDRICAL_SURFACE('',#2432,2.25);
#83=CYLINDRICAL_SURFACE('',#2433,2.25);
#84=CYLINDRICAL_SURFACE('',#2434,2.75);
#85=CYLINDRICAL_SURFACE('',#2444,2.75);
#86=CYLINDRICAL_SURFACE('',#2460,1.26999998829);
#87=CYLINDRICAL_SURFACE('',#2462,1.26999998828994);
#88=CYLINDRICAL_SURFACE('',#2466,5.28731013462001);
#89=CYLINDRICAL_SURFACE('',#2467,5.2873101346211);
#90=CYLINDRICAL_SURFACE('',#2469,5.28731013462047);
#91=CYLINDRICAL_SURFACE('',#2470,5.287310134612);
#92=CYLINDRICAL_SURFACE('',#2474,1.5);
#93=CYLINDRICAL_SURFACE('',#2476,6.787310134612);
#94=CYLINDRICAL_SURFACE('',#2478,6.78731013462047);
#95=CIRCLE('',#2288,5.28731013462001);
#96=CIRCLE('',#2289,6.78731013462);
#97=CIRCLE('',#2298,1.26999998828994);
#98=CIRCLE('',#2299,1.26999998829);
#99=CIRCLE('',#2301,3.);
#100=CIRCLE('',#2302,3.);
#101=CIRCLE('',#2304,3.);
#102=CIRCLE('',#2305,3.);
#103=CIRCLE('',#2309,5.2873101346211);
#104=CIRCLE('',#2310,6.7873101346211);
#105=CIRCLE('',#2312,0.627000254);
#106=CIRCLE('',#2313,0.627000254);
#107=CIRCLE('',#2314,0.627000254000001);
#108=CIRCLE('',#2315,0.627000254000001);
#109=CIRCLE('',#2318,1.627000254);
#110=CIRCLE('',#2321,1.627000254);
#111=CIRCLE('',#2325,5.287310134612);
#112=CIRCLE('',#2326,5.28731013462047);
#113=CIRCLE('',#2327,2.25);
#114=CIRCLE('',#2328,2.25000000000001);
#115=CIRCLE('',#2331,1.627000254);
#116=CIRCLE('',#2334,1.627000254);
#117=CIRCLE('',#2336,2.25);
#118=CIRCLE('',#2337,1.);
#119=CIRCLE('',#2339,2.25);
#120=CIRCLE('',#2340,1.);
#121=CIRCLE('',#2342,2.25);
#122=CIRCLE('',#2343,1.);
#123=CIRCLE('',#2345,2.25000000000001);
#124=CIRCLE('',#2346,1.);
#125=CIRCLE('',#2355,6.78731013462047);
#126=CIRCLE('',#2356,1.5);
#127=CIRCLE('',#2357,5.28731013462047);
#128=CIRCLE('',#2361,1.5);
#129=CIRCLE('',#2364,1.5);
#130=CIRCLE('',#2368,2.);
#131=CIRCLE('',#2371,2.);
#132=CIRCLE('',#2372,4.78731013462);
#133=CIRCLE('',#2373,6.78731013462);
#134=CIRCLE('',#2375,2.);
#135=CIRCLE('',#2377,2.);
#136=CIRCLE('',#2378,4.7873101346211);
#137=CIRCLE('',#2379,6.7873101346211);
#138=CIRCLE('',#2383,2.);
#139=CIRCLE('',#2385,2.);
#140=CIRCLE('',#2386,4.78731013462047);
#141=CIRCLE('',#2387,6.78731013462047);
#142=CIRCLE('',#2389,2.);
#143=CIRCLE('',#2391,2.);
#144=CIRCLE('',#2392,4.787310134612);
#145=CIRCLE('',#2393,6.787310134612);
#146=CIRCLE('',#2397,2.75);
#147=CIRCLE('',#2401,1.6);
#148=CIRCLE('',#2402,1.6);
#149=CIRCLE('',#2403,1.6);
#150=CIRCLE('',#2404,1.6);
#151=CIRCLE('',#2406,1.6);
#152=CIRCLE('',#2407,1.);
#153=CIRCLE('',#2411,1.6);
#154=CIRCLE('',#2412,1.);
#155=CIRCLE('',#2416,1.6);
#156=CIRCLE('',#2417,1.);
#157=CIRCLE('',#2421,1.6);
#158=CIRCLE('',#2422,1.);
#159=CIRCLE('',#2427,5.2873101346211);
#160=CIRCLE('',#2428,5.28731013462001);
#161=CIRCLE('',#2429,2.25);
#162=CIRCLE('',#2430,2.25);
#163=CIRCLE('',#2435,2.75);
#164=CIRCLE('',#2436,2.75);
#165=CIRCLE('',#2441,5.287310134612);
#166=CIRCLE('',#2442,1.5);
#167=CIRCLE('',#2443,6.787310134612);
#168=CIRCLE('',#2445,2.75);
#169=CIRCLE('',#2457,1.26999998829);
#170=CIRCLE('',#2458,1.26999998828994);
#171=FACE_OUTER_BOUND('',#293,.T.);
#172=FACE_OUTER_BOUND('',#294,.T.);
#173=FACE_OUTER_BOUND('',#295,.T.);
#174=FACE_OUTER_BOUND('',#296,.T.);
#175=FACE_OUTER_BOUND('',#297,.T.);
#176=FACE_OUTER_BOUND('',#298,.T.);
#177=FACE_OUTER_BOUND('',#299,.T.);
#178=FACE_OUTER_BOUND('',#300,.T.);
#179=FACE_OUTER_BOUND('',#301,.T.);
#180=FACE_OUTER_BOUND('',#302,.T.);
#181=FACE_OUTER_BOUND('',#303,.T.);
#182=FACE_OUTER_BOUND('',#304,.T.);
#183=FACE_OUTER_BOUND('',#305,.T.);
#184=FACE_OUTER_BOUND('',#306,.T.);
#185=FACE_OUTER_BOUND('',#307,.T.);
#186=FACE_OUTER_BOUND('',#308,.T.);
#187=FACE_OUTER_BOUND('',#309,.T.);
#188=FACE_OUTER_BOUND('',#310,.T.);
#189=FACE_OUTER_BOUND('',#311,.T.);
#190=FACE_OUTER_BOUND('',#312,.T.);
#191=FACE_OUTER_BOUND('',#313,.T.);
#192=FACE_OUTER_BOUND('',#314,.T.);
#193=FACE_OUTER_BOUND('',#316,.T.);
#194=FACE_OUTER_BOUND('',#317,.T.);
#195=FACE_OUTER_BOUND('',#318,.T.);
#196=FACE_OUTER_BOUND('',#319,.T.);
#197=FACE_OUTER_BOUND('',#320,.T.);
#198=FACE_OUTER_BOUND('',#321,.T.);
#199=FACE_OUTER_BOUND('',#322,.T.);
#200=FACE_OUTER_BOUND('',#325,.T.);
#201=FACE_OUTER_BOUND('',#326,.T.);
#202=FACE_OUTER_BOUND('',#327,.T.);
#203=FACE_OUTER_BOUND('',#328,.T.);
#204=FACE_OUTER_BOUND('',#329,.T.);
#205=FACE_OUTER_BOUND('',#331,.T.);
#206=FACE_OUTER_BOUND('',#333,.T.);
#207=FACE_OUTER_BOUND('',#335,.T.);
#208=FACE_OUTER_BOUND('',#337,.T.);
#209=FACE_OUTER_BOUND('',#338,.T.);
#210=FACE_OUTER_BOUND('',#339,.T.);
#211=FACE_OUTER_BOUND('',#340,.T.);
#212=FACE_OUTER_BOUND('',#341,.T.);
#213=FACE_OUTER_BOUND('',#342,.T.);
#214=FACE_OUTER_BOUND('',#343,.T.);
#215=FACE_OUTER_BOUND('',#344,.T.);
#216=FACE_OUTER_BOUND('',#345,.T.);
#217=FACE_OUTER_BOUND('',#346,.T.);
#218=FACE_OUTER_BOUND('',#347,.T.);
#219=FACE_OUTER_BOUND('',#348,.T.);
#220=FACE_OUTER_BOUND('',#349,.T.);
#221=FACE_OUTER_BOUND('',#350,.T.);
#222=FACE_OUTER_BOUND('',#351,.T.);
#223=FACE_OUTER_BOUND('',#352,.T.);
#224=FACE_OUTER_BOUND('',#353,.T.);
#225=FACE_OUTER_BOUND('',#354,.T.);
#226=FACE_OUTER_BOUND('',#355,.T.);
#227=FACE_OUTER_BOUND('',#356,.T.);
#228=FACE_OUTER_BOUND('',#357,.T.);
#229=FACE_OUTER_BOUND('',#358,.T.);
#230=FACE_OUTER_BOUND('',#359,.T.);
#231=FACE_OUTER_BOUND('',#360,.T.);
#232=FACE_OUTER_BOUND('',#361,.T.);
#233=FACE_OUTER_BOUND('',#362,.T.);
#234=FACE_OUTER_BOUND('',#363,.T.);
#235=FACE_OUTER_BOUND('',#364,.T.);
#236=FACE_OUTER_BOUND('',#370,.T.);
#237=FACE_OUTER_BOUND('',#372,.T.);
#238=FACE_OUTER_BOUND('',#373,.T.);
#239=FACE_OUTER_BOUND('',#374,.T.);
#240=FACE_OUTER_BOUND('',#376,.T.);
#241=FACE_OUTER_BOUND('',#377,.T.);
#242=FACE_OUTER_BOUND('',#378,.T.);
#243=FACE_OUTER_BOUND('',#380,.T.);
#244=FACE_OUTER_BOUND('',#381,.T.);
#245=FACE_OUTER_BOUND('',#382,.T.);
#246=FACE_OUTER_BOUND('',#384,.T.);
#247=FACE_OUTER_BOUND('',#385,.T.);
#248=FACE_OUTER_BOUND('',#386,.T.);
#249=FACE_OUTER_BOUND('',#387,.T.);
#250=FACE_OUTER_BOUND('',#390,.T.);
#251=FACE_OUTER_BOUND('',#391,.T.);
#252=FACE_OUTER_BOUND('',#392,.T.);
#253=FACE_OUTER_BOUND('',#393,.T.);
#254=FACE_OUTER_BOUND('',#394,.T.);
#255=FACE_OUTER_BOUND('',#395,.T.);
#256=FACE_OUTER_BOUND('',#396,.T.);
#257=FACE_OUTER_BOUND('',#397,.T.);
#258=FACE_OUTER_BOUND('',#398,.T.);
#259=FACE_OUTER_BOUND('',#399,.T.);
#260=FACE_OUTER_BOUND('',#400,.T.);
#261=FACE_OUTER_BOUND('',#401,.T.);
#262=FACE_OUTER_BOUND('',#402,.T.);
#263=FACE_OUTER_BOUND('',#403,.T.);
#264=FACE_OUTER_BOUND('',#404,.T.);
#265=FACE_OUTER_BOUND('',#405,.T.);
#266=FACE_OUTER_BOUND('',#406,.T.);
#267=FACE_OUTER_BOUND('',#407,.T.);
#268=FACE_OUTER_BOUND('',#408,.T.);
#269=FACE_OUTER_BOUND('',#409,.T.);
#270=FACE_OUTER_BOUND('',#410,.T.);
#271=FACE_OUTER_BOUND('',#411,.T.);
#272=FACE_OUTER_BOUND('',#412,.T.);
#273=FACE_OUTER_BOUND('',#413,.T.);
#274=FACE_OUTER_BOUND('',#414,.T.);
#275=FACE_OUTER_BOUND('',#415,.T.);
#276=FACE_OUTER_BOUND('',#416,.T.);
#277=FACE_OUTER_BOUND('',#417,.T.);
#278=FACE_OUTER_BOUND('',#418,.T.);
#279=FACE_OUTER_BOUND('',#419,.T.);
#280=FACE_OUTER_BOUND('',#420,.T.);
#281=FACE_OUTER_BOUND('',#421,.T.);
#282=FACE_OUTER_BOUND('',#422,.T.);
#283=FACE_OUTER_BOUND('',#423,.T.);
#284=FACE_OUTER_BOUND('',#424,.T.);
#285=FACE_OUTER_BOUND('',#425,.T.);
#286=FACE_OUTER_BOUND('',#426,.T.);
#287=FACE_OUTER_BOUND('',#427,.T.);
#288=FACE_OUTER_BOUND('',#428,.T.);
#289=FACE_OUTER_BOUND('',#429,.T.);
#290=FACE_OUTER_BOUND('',#430,.T.);
#291=FACE_OUTER_BOUND('',#431,.T.);
#292=FACE_OUTER_BOUND('',#432,.T.);
#293=EDGE_LOOP('',(#1429,#1430,#1431,#1432));
#294=EDGE_LOOP('',(#1433,#1434,#1435,#1436));
#295=EDGE_LOOP('',(#1437,#1438,#1439,#1440));
#296=EDGE_LOOP('',(#1441,#1442,#1443,#1444));
#297=EDGE_LOOP('',(#1445,#1446,#1447,#1448));
#298=EDGE_LOOP('',(#1449,#1450,#1451,#1452));
#299=EDGE_LOOP('',(#1453,#1454,#1455,#1456,#1457,#1458));
#300=EDGE_LOOP('',(#1459,#1460,#1461,#1462,#1463,#1464,#1465,#1466));
#301=EDGE_LOOP('',(#1467,#1468,#1469,#1470));
#302=EDGE_LOOP('',(#1471,#1472,#1473,#1474,#1475,#1476,#1477,#1478,#1479,
#1480,#1481,#1482));
#303=EDGE_LOOP('',(#1483,#1484,#1485,#1486));
#304=EDGE_LOOP('',(#1487,#1488,#1489,#1490));
#305=EDGE_LOOP('',(#1491,#1492,#1493,#1494));
#306=EDGE_LOOP('',(#1495,#1496,#1497,#1498,#1499,#1500));
#307=EDGE_LOOP('',(#1501,#1502,#1503,#1504));
#308=EDGE_LOOP('',(#1505,#1506,#1507,#1508,#1509,#1510,#1511,#1512,#1513,
#1514,#1515,#1516,#1517,#1518,#1519,#1520,#1521,#1522));
#309=EDGE_LOOP('',(#1523,#1524,#1525,#1526));
#310=EDGE_LOOP('',(#1527,#1528,#1529,#1530));
#311=EDGE_LOOP('',(#1531,#1532,#1533,#1534));
#312=EDGE_LOOP('',(#1535,#1536,#1537,#1538,#1539,#1540,#1541,#1542,#1543,
#1544,#1545,#1546,#1547,#1548));
#313=EDGE_LOOP('',(#1549,#1550,#1551,#1552,#1553,#1554,#1555,#1556));
#314=EDGE_LOOP('',(#1557,#1558,#1559,#1560));
#315=EDGE_LOOP('',(#1561,#1562,#1563,#1564,#1565,#1566,#1567,#1568));
#316=EDGE_LOOP('',(#1569,#1570,#1571,#1572));
#317=EDGE_LOOP('',(#1573,#1574,#1575,#1576));
#318=EDGE_LOOP('',(#1577,#1578,#1579,#1580));
#319=EDGE_LOOP('',(#1581,#1582,#1583,#1584));
#320=EDGE_LOOP('',(#1585,#1586,#1587,#1588));
#321=EDGE_LOOP('',(#1589,#1590,#1591,#1592));
#322=EDGE_LOOP('',(#1593,#1594,#1595,#1596,#1597,#1598,#1599,#1600,#1601,
#1602));
#323=EDGE_LOOP('',(#1603));
#324=EDGE_LOOP('',(#1604));
#325=EDGE_LOOP('',(#1605,#1606,#1607,#1608));
#326=EDGE_LOOP('',(#1609,#1610,#1611,#1612));
#327=EDGE_LOOP('',(#1613,#1614,#1615,#1616));
#328=EDGE_LOOP('',(#1617,#1618,#1619,#1620));
#329=EDGE_LOOP('',(#1621));
#330=EDGE_LOOP('',(#1622));
#331=EDGE_LOOP('',(#1623));
#332=EDGE_LOOP('',(#1624));
#333=EDGE_LOOP('',(#1625));
#334=EDGE_LOOP('',(#1626));
#335=EDGE_LOOP('',(#1627));
#336=EDGE_LOOP('',(#1628));
#337=EDGE_LOOP('',(#1629,#1630,#1631,#1632));
#338=EDGE_LOOP('',(#1633,#1634,#1635,#1636));
#339=EDGE_LOOP('',(#1637,#1638,#1639,#1640));
#340=EDGE_LOOP('',(#1641,#1642,#1643,#1644));
#341=EDGE_LOOP('',(#1645,#1646,#1647,#1648));
#342=EDGE_LOOP('',(#1649,#1650,#1651,#1652));
#343=EDGE_LOOP('',(#1653,#1654,#1655,#1656,#1657,#1658,#1659,#1660,#1661,
#1662,#1663,#1664));
#344=EDGE_LOOP('',(#1665,#1666,#1667,#1668,#1669,#1670,#1671,#1672,#1673,
#1674,#1675));
#345=EDGE_LOOP('',(#1676,#1677,#1678,#1679));
#346=EDGE_LOOP('',(#1680,#1681,#1682));
#347=EDGE_LOOP('',(#1683,#1684,#1685));
#348=EDGE_LOOP('',(#1686,#1687,#1688,#1689));
#349=EDGE_LOOP('',(#1690,#1691,#1692,#1693));
#350=EDGE_LOOP('',(#1694,#1695,#1696,#1697));
#351=EDGE_LOOP('',(#1698,#1699,#1700,#1701));
#352=EDGE_LOOP('',(#1702,#1703,#1704,#1705));
#353=EDGE_LOOP('',(#1706,#1707,#1708,#1709));
#354=EDGE_LOOP('',(#1710,#1711,#1712,#1713));
#355=EDGE_LOOP('',(#1714,#1715,#1716,#1717));
#356=EDGE_LOOP('',(#1718,#1719,#1720,#1721));
#357=EDGE_LOOP('',(#1722,#1723,#1724,#1725));
#358=EDGE_LOOP('',(#1726,#1727,#1728,#1729));
#359=EDGE_LOOP('',(#1730,#1731,#1732,#1733));
#360=EDGE_LOOP('',(#1734,#1735,#1736,#1737));
#361=EDGE_LOOP('',(#1738,#1739,#1740,#1741,#1742,#1743,#1744,#1745));
#362=EDGE_LOOP('',(#1746,#1747,#1748,#1749));
#363=EDGE_LOOP('',(#1750,#1751,#1752,#1753));
#364=EDGE_LOOP('',(#1754,#1755,#1756,#1757,#1758,#1759,#1760,#1761,#1762,
#1763,#1764,#1765));
#365=EDGE_LOOP('',(#1766,#1767,#1768,#1769,#1770,#1771,#1772,#1773));
#366=EDGE_LOOP('',(#1774));
#367=EDGE_LOOP('',(#1775));
#368=EDGE_LOOP('',(#1776));
#369=EDGE_LOOP('',(#1777));
#370=EDGE_LOOP('',(#1778));
#371=EDGE_LOOP('',(#1779));
#372=EDGE_LOOP('',(#1780,#1781,#1782,#1783));
#373=EDGE_LOOP('',(#1784,#1785,#1786,#1787));
#374=EDGE_LOOP('',(#1788));
#375=EDGE_LOOP('',(#1789));
#376=EDGE_LOOP('',(#1790,#1791,#1792,#1793));
#377=EDGE_LOOP('',(#1794,#1795,#1796,#1797));
#378=EDGE_LOOP('',(#1798));
#379=EDGE_LOOP('',(#1799));
#380=EDGE_LOOP('',(#1800,#1801,#1802,#1803));
#381=EDGE_LOOP('',(#1804,#1805,#1806,#1807));
#382=EDGE_LOOP('',(#1808));
#383=EDGE_LOOP('',(#1809));
#384=EDGE_LOOP('',(#1810,#1811,#1812,#1813));
#385=EDGE_LOOP('',(#1814,#1815,#1816,#1817));
#386=EDGE_LOOP('',(#1818,#1819,#1820,#1821));
#387=EDGE_LOOP('',(#1822,#1823,#1824,#1825,#1826,#1827));
#388=EDGE_LOOP('',(#1828));
#389=EDGE_LOOP('',(#1829));
#390=EDGE_LOOP('',(#1830,#1831,#1832,#1833));
#391=EDGE_LOOP('',(#1834,#1835,#1836,#1837));
#392=EDGE_LOOP('',(#1838,#1839,#1840,#1841));
#393=EDGE_LOOP('',(#1842,#1843,#1844,#1845));
#394=EDGE_LOOP('',(#1846,#1847,#1848,#1849));
#395=EDGE_LOOP('',(#1850,#1851,#1852,#1853));
#396=EDGE_LOOP('',(#1854,#1855,#1856,#1857,#1858,#1859,#1860,#1861));
#397=EDGE_LOOP('',(#1862,#1863,#1864,#1865,#1866,#1867,#1868,#1869,#1870,
#1871,#1872));
#398=EDGE_LOOP('',(#1873,#1874,#1875,#1876));
#399=EDGE_LOOP('',(#1877,#1878,#1879,#1880));
#400=EDGE_LOOP('',(#1881,#1882,#1883,#1884));
#401=EDGE_LOOP('',(#1885,#1886,#1887,#1888,#1889,#1890,#1891,#1892));
#402=EDGE_LOOP('',(#1893,#1894,#1895,#1896));
#403=EDGE_LOOP('',(#1897,#1898,#1899,#1900));
#404=EDGE_LOOP('',(#1901,#1902,#1903,#1904));
#405=EDGE_LOOP('',(#1905,#1906,#1907,#1908));
#406=EDGE_LOOP('',(#1909,#1910,#1911,#1912));
#407=EDGE_LOOP('',(#1913,#1914,#1915,#1916,#1917,#1918,#1919,#1920,#1921,
#1922,#1923,#1924,#1925,#1926));
#408=EDGE_LOOP('',(#1927,#1928,#1929,#1930));
#409=EDGE_LOOP('',(#1931,#1932,#1933,#1934));
#410=EDGE_LOOP('',(#1935,#1936,#1937,#1938));
#411=EDGE_LOOP('',(#1939,#1940,#1941,#1942,#1943,#1944,#1945,#1946,#1947,
#1948,#1949,#1950,#1951,#1952,#1953,#1954,#1955,#1956,#1957,#1958,#1959,
#1960));
#412=EDGE_LOOP('',(#1961,#1962,#1963,#1964));
#413=EDGE_LOOP('',(#1965,#1966,#1967,#1968));
#414=EDGE_LOOP('',(#1969,#1970,#1971,#1972));
#415=EDGE_LOOP('',(#1973,#1974,#1975,#1976));
#416=EDGE_LOOP('',(#1977,#1978,#1979,#1980));
#417=EDGE_LOOP('',(#1981,#1982,#1983,#1984));
#418=EDGE_LOOP('',(#1985,#1986,#1987,#1988));
#419=EDGE_LOOP('',(#1989,#1990,#1991,#1992));
#420=EDGE_LOOP('',(#1993,#1994,#1995,#1996));
#421=EDGE_LOOP('',(#1997,#1998,#1999,#2000));
#422=EDGE_LOOP('',(#2001,#2002,#2003,#2004));
#423=EDGE_LOOP('',(#2005,#2006,#2007,#2008));
#424=EDGE_LOOP('',(#2009,#2010,#2011,#2012));
#425=EDGE_LOOP('',(#2013,#2014,#2015,#2016,#2017,#2018,#2019,#2020,#2021,
#2022,#2023,#2024,#2025,#2026,#2027,#2028));
#426=EDGE_LOOP('',(#2029,#2030,#2031,#2032,#2033,#2034,#2035,#2036));
#427=EDGE_LOOP('',(#2037,#2038,#2039,#2040));
#428=EDGE_LOOP('',(#2041,#2042,#2043,#2044));
#429=EDGE_LOOP('',(#2045,#2046,#2047,#2048));
#430=EDGE_LOOP('',(#2049,#2050,#2051,#2052,#2053,#2054,#2055,#2056,#2057,
#2058,#2059,#2060));
#431=EDGE_LOOP('',(#2061,#2062,#2063,#2064));
#432=EDGE_LOOP('',(#2065,#2066,#2067,#2068));
#433=LINE('',#3126,#667);
#434=LINE('',#3128,#668);
#435=LINE('',#3130,#669);
#436=LINE('',#3131,#670);
#437=LINE('',#3134,#671);
#438=LINE('',#3136,#672);
#439=LINE('',#3137,#673);
#440=LINE('',#3140,#674);
#441=LINE('',#3142,#675);
#442=LINE('',#3143,#676);
#443=LINE('',#3147,#677);
#444=LINE('',#3149,#678);
#445=LINE('',#3151,#679);
#446=LINE('',#3152,#680);
#447=LINE('',#3155,#681);
#448=LINE('',#3157,#682);
#449=LINE('',#3158,#683);
#450=LINE('',#3161,#684);
#451=LINE('',#3163,#685);
#452=LINE('',#3164,#686);
#453=LINE('',#3167,#687);
#454=LINE('',#3169,#688);
#455=LINE('',#3171,#689);
#456=LINE('',#3173,#690);
#457=LINE('',#3174,#691);
#458=LINE('',#3177,#692);
#459=LINE('',#3181,#693);
#460=LINE('',#3183,#694);
#461=LINE('',#3185,#695);
#462=LINE('',#3188,#696);
#463=LINE('',#3190,#697);
#464=LINE('',#3191,#698);
#465=LINE('',#3194,#699);
#466=LINE('',#3196,#700);
#467=LINE('',#3197,#701);
#468=LINE('',#3201,#702);
#469=LINE('',#3203,#703);
#470=LINE('',#3205,#704);
#471=LINE('',#3206,#705);
#472=LINE('',#3210,#706);
#473=LINE('',#3212,#707);
#474=LINE('',#3214,#708);
#475=LINE('',#3215,#709);
#476=LINE('',#3217,#710);
#477=LINE('',#3218,#711);
#478=LINE('',#3221,#712);
#479=LINE('',#3223,#713);
#480=LINE('',#3225,#714);
#481=LINE('',#3227,#715);
#482=LINE('',#3228,#716);
#483=LINE('',#3231,#717);
#484=LINE('',#3233,#718);
#485=LINE('',#3234,#719);
#486=LINE('',#3237,#720);
#487=LINE('',#3239,#721);
#488=LINE('',#3241,#722);
#489=LINE('',#3243,#723);
#490=LINE('',#3245,#724);
#491=LINE('',#3247,#725);
#492=LINE('',#3249,#726);
#493=LINE('',#3251,#727);
#494=LINE('',#3253,#728);
#495=LINE('',#3257,#729);
#496=LINE('',#3260,#730);
#497=LINE('',#3265,#731);
#498=LINE('',#3270,#732);
#499=LINE('',#3274,#733);
#500=LINE('',#3278,#734);
#501=LINE('',#3280,#735);
#502=LINE('',#3281,#736);
#503=LINE('',#3284,#737);
#504=LINE('',#3294,#738);
#505=LINE('',#3304,#739);
#506=LINE('',#3305,#740);
#507=LINE('',#3307,#741);
#508=LINE('',#3309,#742);
#509=LINE('',#3311,#743);
#510=LINE('',#3312,#744);
#511=LINE('',#3315,#745);
#512=LINE('',#3319,#746);
#513=LINE('',#3320,#747);
#514=LINE('',#3325,#748);
#515=LINE('',#3327,#749);
#516=LINE('',#3329,#750);
#517=LINE('',#3330,#751);
#518=LINE('',#3333,#752);
#519=LINE('',#3337,#753);
#520=LINE('',#3341,#754);
#521=LINE('',#3345,#755);
#522=LINE('',#3349,#756);
#523=LINE('',#3351,#757);
#524=LINE('',#3352,#758);
#525=LINE('',#3355,#759);
#526=LINE('',#3359,#760);
#527=LINE('',#3360,#761);
#528=LINE('',#3363,#762);
#529=LINE('',#3368,#763);
#530=LINE('',#3369,#764);
#531=LINE('',#3370,#765);
#532=LINE('',#3374,#766);
#533=LINE('',#3375,#767);
#534=LINE('',#3376,#768);
#535=LINE('',#3379,#769);
#536=LINE('',#3381,#770);
#537=LINE('',#3383,#771);
#538=LINE('',#3385,#772);
#539=LINE('',#3389,#773);
#540=LINE('',#3393,#774);
#541=LINE('',#3394,#775);
#542=LINE('',#3401,#776);
#543=LINE('',#3402,#777);
#544=LINE('',#3405,#778);
#545=LINE('',#3409,#779);
#546=LINE('',#3410,#780);
#547=LINE('',#3436,#781);
#548=LINE('',#3438,#782);
#549=LINE('',#3440,#783);
#550=LINE('',#3441,#784);
#551=LINE('',#3444,#785);
#552=LINE('',#3446,#786);
#553=LINE('',#3447,#787);
#554=LINE('',#3450,#788);
#555=LINE('',#3452,#789);
#556=LINE('',#3453,#790);
#557=LINE('',#3457,#791);
#558=LINE('',#3459,#792);
#559=LINE('',#3461,#793);
#560=LINE('',#3462,#794);
#561=LINE('',#3465,#795);
#562=LINE('',#3467,#796);
#563=LINE('',#3468,#797);
#564=LINE('',#3471,#798);
#565=LINE('',#3473,#799);
#566=LINE('',#3474,#800);
#567=LINE('',#3476,#801);
#568=LINE('',#3478,#802);
#569=LINE('',#3479,#803);
#570=LINE('',#3481,#804);
#571=LINE('',#3482,#805);
#572=LINE('',#3485,#806);
#573=LINE('',#3489,#807);
#574=LINE('',#3493,#808);
#575=LINE('',#3495,#809);
#576=LINE('',#3497,#810);
#577=LINE('',#3499,#811);
#578=LINE('',#3502,#812);
#579=LINE('',#3577,#813);
#580=LINE('',#3579,#814);
#581=LINE('',#3584,#815);
#582=LINE('',#3594,#816);
#583=LINE('',#3601,#817);
#584=LINE('',#3603,#818);
#585=LINE('',#3604,#819);
#586=LINE('',#3607,#820);
#587=LINE('',#3610,#821);
#588=LINE('',#3621,#822);
#589=LINE('',#3622,#823);
#590=LINE('',#3630,#824);
#591=LINE('',#3631,#825);
#592=LINE('',#3633,#826);
#593=LINE('',#3634,#827);
#594=LINE('',#3637,#828);
#595=LINE('',#3640,#829);
#596=LINE('',#3658,#830);
#597=LINE('',#3660,#831);
#598=LINE('',#3667,#832);
#599=LINE('',#3669,#833);
#600=LINE('',#3676,#834);
#601=LINE('',#3678,#835);
#602=LINE('',#3685,#836);
#603=LINE('',#3687,#837);
#604=LINE('',#3689,#838);
#605=LINE('',#3692,#839);
#606=LINE('',#3696,#840);
#607=LINE('',#3699,#841);
#608=LINE('',#3705,#842);
#609=LINE('',#3707,#843);
#610=LINE('',#3709,#844);
#611=LINE('',#3715,#845);
#612=LINE('',#3718,#846);
#613=LINE('',#3721,#847);
#614=LINE('',#3723,#848);
#615=LINE('',#3724,#849);
#616=LINE('',#3726,#850);
#617=LINE('',#3727,#851);
#618=LINE('',#3730,#852);
#619=LINE('',#3731,#853);
#620=LINE('',#3732,#854);
#621=LINE('',#3736,#855);
#622=LINE('',#3738,#856);
#623=LINE('',#3742,#857);
#624=LINE('',#3745,#858);
#625=LINE('',#3750,#859);
#626=LINE('',#3751,#860);
#627=LINE('',#3753,#861);
#628=LINE('',#3755,#862);
#629=LINE('',#3757,#863);
#630=LINE('',#3758,#864);
#631=LINE('',#3782,#865);
#632=LINE('',#3783,#866);
#633=LINE('',#3786,#867);
#634=LINE('',#3787,#868);
#635=LINE('',#3810,#869);
#636=LINE('',#3812,#870);
#637=LINE('',#3815,#871);
#638=LINE('',#3816,#872);
#639=LINE('',#3818,#873);
#640=LINE('',#3819,#874);
#641=LINE('',#3820,#875);
#642=LINE('',#3824,#876);
#643=LINE('',#3825,#877);
#644=LINE('',#3826,#878);
#645=LINE('',#3828,#879);
#646=LINE('',#3831,#880);
#647=LINE('',#3832,#881);
#648=LINE('',#3835,#882);
#649=LINE('',#3839,#883);
#650=LINE('',#3843,#884);
#651=LINE('',#3844,#885);
#652=LINE('',#3845,#886);
#653=LINE('',#3848,#887);
#654=LINE('',#3849,#888);
#655=LINE('',#3851,#889);
#656=LINE('',#3853,#890);
#657=LINE('',#3855,#891);
#658=LINE('',#3859,#892);
#659=LINE('',#3862,#893);
#660=LINE('',#3865,#894);
#661=LINE('',#3869,#895);
#662=LINE('',#3871,#896);
#663=LINE('',#3873,#897);
#664=LINE('',#3875,#898);
#665=LINE('',#3877,#899);
#666=LINE('',#3879,#900);
#667=VECTOR('',#2487,10.);
#668=VECTOR('',#2488,10.);
#669=VECTOR('',#2489,10.);
#670=VECTOR('',#2490,10.);
#671=VECTOR('',#2493,10.);
#672=VECTOR('',#2494,10.);
#673=VECTOR('',#2495,10.);
#674=VECTOR('',#2498,10.);
#675=VECTOR('',#2499,10.);
#676=VECTOR('',#2500,10.);
#677=VECTOR('',#2503,10.);
#678=VECTOR('',#2504,10.);
#679=VECTOR('',#2505,10.);
#680=VECTOR('',#2506,10.);
#681=VECTOR('',#2509,10.);
#682=VECTOR('',#2510,10.);
#683=VECTOR('',#2511,10.);
#684=VECTOR('',#2514,10.);
#685=VECTOR('',#2515,10.);
#686=VECTOR('',#2516,10.);
#687=VECTOR('',#2519,10.);
#688=VECTOR('',#2520,10.);
#689=VECTOR('',#2521,10.);
#690=VECTOR('',#2522,10.);
#691=VECTOR('',#2523,10.);
#692=VECTOR('',#2526,10.);
#693=VECTOR('',#2529,10.);
#694=VECTOR('',#2530,10.);
#695=VECTOR('',#2531,10.);
#696=VECTOR('',#2534,10.);
#697=VECTOR('',#2537,10.);
#698=VECTOR('',#2538,10.);
#699=VECTOR('',#2541,10.);
#700=VECTOR('',#2542,10.);
#701=VECTOR('',#2543,10.);
#702=VECTOR('',#2546,10.);
#703=VECTOR('',#2547,10.);
#704=VECTOR('',#2548,10.);
#705=VECTOR('',#2549,10.);
#706=VECTOR('',#2552,10.);
#707=VECTOR('',#2553,10.);
#708=VECTOR('',#2554,10.);
#709=VECTOR('',#2555,10.);
#710=VECTOR('',#2558,10.);
#711=VECTOR('',#2559,10.);
#712=VECTOR('',#2562,10.);
#713=VECTOR('',#2563,10.);
#714=VECTOR('',#2564,10.);
#715=VECTOR('',#2565,10.);
#716=VECTOR('',#2566,10.);
#717=VECTOR('',#2569,10.);
#718=VECTOR('',#2570,10.);
#719=VECTOR('',#2571,10.);
#720=VECTOR('',#2574,10.);
#721=VECTOR('',#2575,10.);
#722=VECTOR('',#2576,10.);
#723=VECTOR('',#2577,10.);
#724=VECTOR('',#2578,10.);
#725=VECTOR('',#2579,10.);
#726=VECTOR('',#2580,10.);
#727=VECTOR('',#2581,10.);
#728=VECTOR('',#2582,10.);
#729=VECTOR('',#2585,10.);
#730=VECTOR('',#2588,10.);
#731=VECTOR('',#2593,10.);
#732=VECTOR('',#2598,10.);
#733=VECTOR('',#2601,10.);
#734=VECTOR('',#2606,10.);
#735=VECTOR('',#2607,10.);
#736=VECTOR('',#2608,10.);
#737=VECTOR('',#2611,10.);
#738=VECTOR('',#2612,10.);
#739=VECTOR('',#2613,10.);
#740=VECTOR('',#2614,10.);
#741=VECTOR('',#2615,10.);
#742=VECTOR('',#2616,10.);
#743=VECTOR('',#2617,10.);
#744=VECTOR('',#2618,10.);
#745=VECTOR('',#2621,10.);
#746=VECTOR('',#2624,10.);
#747=VECTOR('',#2625,10.);
#748=VECTOR('',#2630,10.);
#749=VECTOR('',#2631,10.);
#750=VECTOR('',#2632,10.);
#751=VECTOR('',#2633,10.);
#752=VECTOR('',#2634,10.);
#753=VECTOR('',#2637,10.);
#754=VECTOR('',#2640,10.);
#755=VECTOR('',#2643,10.);
#756=VECTOR('',#2648,10.);
#757=VECTOR('',#2649,10.);
#758=VECTOR('',#2650,10.);
#759=VECTOR('',#2653,10.);
#760=VECTOR('',#2658,10.);
#761=VECTOR('',#2659,10.);
#762=VECTOR('',#2662,10.);
#763=VECTOR('',#2667,10.);
#764=VECTOR('',#2668,10.);
#765=VECTOR('',#2669,10.);
#766=VECTOR('',#2672,10.);
#767=VECTOR('',#2673,10.);
#768=VECTOR('',#2674,10.);
#769=VECTOR('',#2677,10.);
#770=VECTOR('',#2678,10.);
#771=VECTOR('',#2679,10.);
#772=VECTOR('',#2680,10.);
#773=VECTOR('',#2683,10.);
#774=VECTOR('',#2686,10.);
#775=VECTOR('',#2687,10.);
#776=VECTOR('',#2694,10.);
#777=VECTOR('',#2695,10.);
#778=VECTOR('',#2698,10.);
#779=VECTOR('',#2703,10.);
#780=VECTOR('',#2704,10.);
#781=VECTOR('',#2735,10.);
#782=VECTOR('',#2736,10.);
#783=VECTOR('',#2737,10.);
#784=VECTOR('',#2738,10.);
#785=VECTOR('',#2741,10.);
#786=VECTOR('',#2742,10.);
#787=VECTOR('',#2743,10.);
#788=VECTOR('',#2746,10.);
#789=VECTOR('',#2747,10.);
#790=VECTOR('',#2748,10.);
#791=VECTOR('',#2751,10.);
#792=VECTOR('',#2752,10.);
#793=VECTOR('',#2753,10.);
#794=VECTOR('',#2754,10.);
#795=VECTOR('',#2757,10.);
#796=VECTOR('',#2758,10.);
#797=VECTOR('',#2759,10.);
#798=VECTOR('',#2762,10.);
#799=VECTOR('',#2763,10.);
#800=VECTOR('',#2764,10.);
#801=VECTOR('',#2767,10.);
#802=VECTOR('',#2768,10.);
#803=VECTOR('',#2769,10.);
#804=VECTOR('',#2770,10.);
#805=VECTOR('',#2771,10.);
#806=VECTOR('',#2774,10.);
#807=VECTOR('',#2777,10.);
#808=VECTOR('',#2780,10.);
#809=VECTOR('',#2781,10.);
#810=VECTOR('',#2782,10.);
#811=VECTOR('',#2783,10.);
#812=VECTOR('',#2788,10.);
#813=VECTOR('',#2803,10.);
#814=VECTOR('',#2806,10.);
#815=VECTOR('',#2811,10.);
#816=VECTOR('',#2826,10.);
#817=VECTOR('',#2837,10.);
#818=VECTOR('',#2840,10.);
#819=VECTOR('',#2841,10.);
#820=VECTOR('',#2844,10.);
#821=VECTOR('',#2847,10.);
#822=VECTOR('',#2860,10.);
#823=VECTOR('',#2861,10.);
#824=VECTOR('',#2872,10.);
#825=VECTOR('',#2873,10.);
#826=VECTOR('',#2876,10.);
#827=VECTOR('',#2877,10.);
#828=VECTOR('',#2880,10.);
#829=VECTOR('',#2883,10.);
#830=VECTOR('',#2906,1.6);
#831=VECTOR('',#2909,1.);
#832=VECTOR('',#2918,1.6);
#833=VECTOR('',#2921,1.);
#834=VECTOR('',#2930,1.6);
#835=VECTOR('',#2933,1.);
#836=VECTOR('',#2942,1.6);
#837=VECTOR('',#2945,1.);
#838=VECTOR('',#2948,2.25000000000001);
#839=VECTOR('',#2951,10.);
#840=VECTOR('',#2954,10.);
#841=VECTOR('',#2957,10.);
#842=VECTOR('',#2964,2.25);
#843=VECTOR('',#2967,2.25);
#844=VECTOR('',#2970,2.25);
#845=VECTOR('',#2975,10.);
#846=VECTOR('',#2978,10.);
#847=VECTOR('',#2981,10.);
#848=VECTOR('',#2982,10.);
#849=VECTOR('',#2983,10.);
#850=VECTOR('',#2986,10.);
#851=VECTOR('',#2987,10.);
#852=VECTOR('',#2990,10.);
#853=VECTOR('',#2991,10.);
#854=VECTOR('',#2992,10.);
#855=VECTOR('',#2997,10.);
#856=VECTOR('',#2998,10.);
#857=VECTOR('',#3001,10.);
#858=VECTOR('',#3004,10.);
#859=VECTOR('',#3009,10.);
#860=VECTOR('',#3010,10.);
#861=VECTOR('',#3013,10.);
#862=VECTOR('',#3016,10.);
#863=VECTOR('',#3019,10.);
#864=VECTOR('',#3020,10.);
#865=VECTOR('',#3021,10.);
#866=VECTOR('',#3022,10.);
#867=VECTOR('',#3025,10.);
#868=VECTOR('',#3026,10.);
#869=VECTOR('',#3027,10.);
#870=VECTOR('',#3030,10.);
#871=VECTOR('',#3033,10.);
#872=VECTOR('',#3034,10.);
#873=VECTOR('',#3037,10.);
#874=VECTOR('',#3038,10.);
#875=VECTOR('',#3039,10.);
#876=VECTOR('',#3042,10.);
#877=VECTOR('',#3043,10.);
#878=VECTOR('',#3044,10.);
#879=VECTOR('',#3047,10.);
#880=VECTOR('',#3050,10.);
#881=VECTOR('',#3051,10.);
#882=VECTOR('',#3054,10.);
#883=VECTOR('',#3057,10.);
#884=VECTOR('',#3060,10.);
#885=VECTOR('',#3061,10.);
#886=VECTOR('',#3062,10.);
#887=VECTOR('',#3067,10.);
#888=VECTOR('',#3068,10.);
#889=VECTOR('',#3071,10.);
#890=VECTOR('',#3074,10.);
#891=VECTOR('',#3077,10.);
#892=VECTOR('',#3084,10.);
#893=VECTOR('',#3089,10.);
#894=VECTOR('',#3094,10.);
#895=VECTOR('',#3101,10.);
#896=VECTOR('',#3104,10.);
#897=VECTOR('',#3107,10.);
#898=VECTOR('',#3110,10.);
#899=VECTOR('',#3113,10.);
#900=VECTOR('',#3116,10.);
#901=VERTEX_POINT('',#3124);
#902=VERTEX_POINT('',#3125);
#903=VERTEX_POINT('',#3127);
#904=VERTEX_POINT('',#3129);
#905=VERTEX_POINT('',#3133);
#906=VERTEX_POINT('',#3135);
#907=VERTEX_POINT('',#3139);
#908=VERTEX_POINT('',#3141);
#909=VERTEX_POINT('',#3145);
#910=VERTEX_POINT('',#3146);
#911=VERTEX_POINT('',#3148);
#912=VERTEX_POINT('',#3150);
#913=VERTEX_POINT('',#3154);
#914=VERTEX_POINT('',#3156);
#915=VERTEX_POINT('',#3160);
#916=VERTEX_POINT('',#3162);
#917=VERTEX_POINT('',#3166);
#918=VERTEX_POINT('',#3168);
#919=VERTEX_POINT('',#3170);
#920=VERTEX_POINT('',#3172);
#921=VERTEX_POINT('',#3176);
#922=VERTEX_POINT('',#3178);
#923=VERTEX_POINT('',#3180);
#924=VERTEX_POINT('',#3182);
#925=VERTEX_POINT('',#3184);
#926=VERTEX_POINT('',#3186);
#927=VERTEX_POINT('',#3193);
#928=VERTEX_POINT('',#3195);
#929=VERTEX_POINT('',#3199);
#930=VERTEX_POINT('',#3200);
#931=VERTEX_POINT('',#3202);
#932=VERTEX_POINT('',#3204);
#933=VERTEX_POINT('',#3208);
#934=VERTEX_POINT('',#3209);
#935=VERTEX_POINT('',#3211);
#936=VERTEX_POINT('',#3213);
#937=VERTEX_POINT('',#3220);
#938=VERTEX_POINT('',#3222);
#939=VERTEX_POINT('',#3224);
#940=VERTEX_POINT('',#3226);
#941=VERTEX_POINT('',#3230);
#942=VERTEX_POINT('',#3232);
#943=VERTEX_POINT('',#3236);
#944=VERTEX_POINT('',#3238);
#945=VERTEX_POINT('',#3240);
#946=VERTEX_POINT('',#3242);
#947=VERTEX_POINT('',#3244);
#948=VERTEX_POINT('',#3246);
#949=VERTEX_POINT('',#3248);
#950=VERTEX_POINT('',#3250);
#951=VERTEX_POINT('',#3252);
#952=VERTEX_POINT('',#3254);
#953=VERTEX_POINT('',#3256);
#954=VERTEX_POINT('',#3258);
#955=VERTEX_POINT('',#3262);
#956=VERTEX_POINT('',#3264);
#957=VERTEX_POINT('',#3268);
#958=VERTEX_POINT('',#3269);
#959=VERTEX_POINT('',#3271);
#960=VERTEX_POINT('',#3273);
#961=VERTEX_POINT('',#3277);
#962=VERTEX_POINT('',#3279);
#963=VERTEX_POINT('',#3283);
#964=VERTEX_POINT('',#3285);
#965=VERTEX_POINT('',#3293);
#966=VERTEX_POINT('',#3295);
#967=VERTEX_POINT('',#3303);
#968=VERTEX_POINT('',#3306);
#969=VERTEX_POINT('',#3308);
#970=VERTEX_POINT('',#3310);
#971=VERTEX_POINT('',#3314);
#972=VERTEX_POINT('',#3316);
#973=VERTEX_POINT('',#3318);
#974=VERTEX_POINT('',#3323);
#975=VERTEX_POINT('',#3324);
#976=VERTEX_POINT('',#3326);
#977=VERTEX_POINT('',#3328);
#978=VERTEX_POINT('',#3331);
#979=VERTEX_POINT('',#3332);
#980=VERTEX_POINT('',#3334);
#981=VERTEX_POINT('',#3336);
#982=VERTEX_POINT('',#3338);
#983=VERTEX_POINT('',#3340);
#984=VERTEX_POINT('',#3342);
#985=VERTEX_POINT('',#3344);
#986=VERTEX_POINT('',#3348);
#987=VERTEX_POINT('',#3350);
#988=VERTEX_POINT('',#3354);
#989=VERTEX_POINT('',#3358);
#990=VERTEX_POINT('',#3362);
#991=VERTEX_POINT('',#3366);
#992=VERTEX_POINT('',#3367);
#993=VERTEX_POINT('',#3372);
#994=VERTEX_POINT('',#3373);
#995=VERTEX_POINT('',#3378);
#996=VERTEX_POINT('',#3380);
#997=VERTEX_POINT('',#3382);
#998=VERTEX_POINT('',#3384);
#999=VERTEX_POINT('',#3386);
#1000=VERTEX_POINT('',#3388);
#1001=VERTEX_POINT('',#3390);
#1002=VERTEX_POINT('',#3392);
#1003=VERTEX_POINT('',#3395);
#1004=VERTEX_POINT('',#3397);
#1005=VERTEX_POINT('',#3400);
#1006=VERTEX_POINT('',#3404);
#1007=VERTEX_POINT('',#3408);
#1008=VERTEX_POINT('',#3414);
#1009=VERTEX_POINT('',#3416);
#1010=VERTEX_POINT('',#3419);
#1011=VERTEX_POINT('',#3421);
#1012=VERTEX_POINT('',#3424);
#1013=VERTEX_POINT('',#3426);
#1014=VERTEX_POINT('',#3429);
#1015=VERTEX_POINT('',#3431);
#1016=VERTEX_POINT('',#3434);
#1017=VERTEX_POINT('',#3435);
#1018=VERTEX_POINT('',#3437);
#1019=VERTEX_POINT('',#3439);
#1020=VERTEX_POINT('',#3443);
#1021=VERTEX_POINT('',#3445);
#1022=VERTEX_POINT('',#3449);
#1023=VERTEX_POINT('',#3451);
#1024=VERTEX_POINT('',#3455);
#1025=VERTEX_POINT('',#3456);
#1026=VERTEX_POINT('',#3458);
#1027=VERTEX_POINT('',#3460);
#1028=VERTEX_POINT('',#3464);
#1029=VERTEX_POINT('',#3466);
#1030=VERTEX_POINT('',#3470);
#1031=VERTEX_POINT('',#3472);
#1032=VERTEX_POINT('',#3477);
#1033=VERTEX_POINT('',#3480);
#1034=VERTEX_POINT('',#3484);
#1035=VERTEX_POINT('',#3486);
#1036=VERTEX_POINT('',#3488);
#1037=VERTEX_POINT('',#3490);
#1038=VERTEX_POINT('',#3492);
#1039=VERTEX_POINT('',#3494);
#1040=VERTEX_POINT('',#3496);
#1041=VERTEX_POINT('',#3498);
#1042=VERTEX_POINT('',#3533);
#1043=VERTEX_POINT('',#3534);
#1044=VERTEX_POINT('',#3536);
#1045=VERTEX_POINT('',#3569);
#1046=VERTEX_POINT('',#3570);
#1047=VERTEX_POINT('',#3572);
#1048=VERTEX_POINT('',#3576);
#1049=VERTEX_POINT('',#3581);
#1050=VERTEX_POINT('',#3583);
#1051=VERTEX_POINT('',#3587);
#1052=VERTEX_POINT('',#3592);
#1053=VERTEX_POINT('',#3596);
#1054=VERTEX_POINT('',#3606);
#1055=VERTEX_POINT('',#3608);
#1056=VERTEX_POINT('',#3612);
#1057=VERTEX_POINT('',#3613);
#1058=VERTEX_POINT('',#3618);
#1059=VERTEX_POINT('',#3619);
#1060=VERTEX_POINT('',#3624);
#1061=VERTEX_POINT('',#3625);
#1062=VERTEX_POINT('',#3636);
#1063=VERTEX_POINT('',#3638);
#1064=VERTEX_POINT('',#3644);
#1065=VERTEX_POINT('',#3646);
#1066=VERTEX_POINT('',#3648);
#1067=VERTEX_POINT('',#3650);
#1068=VERTEX_POINT('',#3653);
#1069=VERTEX_POINT('',#3655);
#1070=VERTEX_POINT('',#3662);
#1071=VERTEX_POINT('',#3664);
#1072=VERTEX_POINT('',#3671);
#1073=VERTEX_POINT('',#3673);
#1074=VERTEX_POINT('',#3680);
#1075=VERTEX_POINT('',#3682);
#1076=VERTEX_POINT('',#3691);
#1077=VERTEX_POINT('',#3693);
#1078=VERTEX_POINT('',#3695);
#1079=VERTEX_POINT('',#3697);
#1080=VERTEX_POINT('',#3700);
#1081=VERTEX_POINT('',#3702);
#1082=VERTEX_POINT('',#3711);
#1083=VERTEX_POINT('',#3712);
#1084=VERTEX_POINT('',#3714);
#1085=VERTEX_POINT('',#3716);
#1086=VERTEX_POINT('',#3720);
#1087=VERTEX_POINT('',#3722);
#1088=VERTEX_POINT('',#3729);
#1089=VERTEX_POINT('',#3734);
#1090=VERTEX_POINT('',#3737);
#1091=VERTEX_POINT('',#3739);
#1092=VERTEX_POINT('',#3741);
#1093=VERTEX_POINT('',#3743);
#1094=VERTEX_POINT('',#3747);
#1095=VERTEX_POINT('',#3748);
#1096=VERTEX_POINT('',#3773);
#1097=VERTEX_POINT('',#3774);
#1098=VERTEX_POINT('',#3785);
#1099=VERTEX_POINT('',#3802);
#1100=VERTEX_POINT('',#3814);
#1101=VERTEX_POINT('',#3822);
#1102=VERTEX_POINT('',#3823);
#1103=VERTEX_POINT('',#3830);
#1104=VERTEX_POINT('',#3834);
#1105=VERTEX_POINT('',#3836);
#1106=VERTEX_POINT('',#3838);
#1107=VERTEX_POINT('',#3840);
#1108=VERTEX_POINT('',#3842);
#1109=EDGE_CURVE('',#901,#902,#433,.T.);
#1110=EDGE_CURVE('',#901,#903,#434,.T.);
#1111=EDGE_CURVE('',#904,#903,#435,.T.);
#1112=EDGE_CURVE('',#902,#904,#436,.T.);
#1113=EDGE_CURVE('',#905,#901,#437,.T.);
#1114=EDGE_CURVE('',#905,#906,#438,.T.);
#1115=EDGE_CURVE('',#903,#906,#439,.T.);
#1116=EDGE_CURVE('',#907,#905,#440,.T.);
#1117=EDGE_CURVE('',#908,#907,#441,.T.);
#1118=EDGE_CURVE('',#906,#908,#442,.T.);
#1119=EDGE_CURVE('',#909,#910,#443,.T.);
#1120=EDGE_CURVE('',#909,#911,#444,.T.);
#1121=EDGE_CURVE('',#912,#911,#445,.T.);
#1122=EDGE_CURVE('',#910,#912,#446,.T.);
#1123=EDGE_CURVE('',#913,#909,#447,.T.);
#1124=EDGE_CURVE('',#913,#914,#448,.T.);
#1125=EDGE_CURVE('',#911,#914,#449,.T.);
#1126=EDGE_CURVE('',#915,#913,#450,.T.);
#1127=EDGE_CURVE('',#916,#915,#451,.T.);
#1128=EDGE_CURVE('',#914,#916,#452,.T.);
#1129=EDGE_CURVE('',#915,#917,#453,.T.);
#1130=EDGE_CURVE('',#917,#918,#454,.T.);
#1131=EDGE_CURVE('',#918,#919,#455,.T.);
#1132=EDGE_CURVE('',#919,#920,#456,.T.);
#1133=EDGE_CURVE('',#920,#916,#457,.T.);
#1134=EDGE_CURVE('',#904,#921,#458,.T.);
#1135=EDGE_CURVE('',#921,#922,#95,.T.);
#1136=EDGE_CURVE('',#922,#923,#459,.T.);
#1137=EDGE_CURVE('',#923,#924,#460,.T.);
#1138=EDGE_CURVE('',#924,#925,#461,.T.);
#1139=EDGE_CURVE('',#925,#926,#96,.T.);
#1140=EDGE_CURVE('',#926,#902,#462,.T.);
#1141=EDGE_CURVE('',#907,#910,#463,.T.);
#1142=EDGE_CURVE('',#912,#908,#464,.T.);
#1143=EDGE_CURVE('',#926,#927,#465,.T.);
#1144=EDGE_CURVE('',#928,#927,#466,.T.);
#1145=EDGE_CURVE('',#917,#928,#467,.T.);
#1146=EDGE_CURVE('',#929,#930,#468,.T.);
#1147=EDGE_CURVE('',#931,#929,#469,.T.);
#1148=EDGE_CURVE('',#932,#931,#470,.T.);
#1149=EDGE_CURVE('',#930,#932,#471,.T.);
#1150=EDGE_CURVE('',#933,#934,#472,.T.);
#1151=EDGE_CURVE('',#935,#933,#473,.T.);
#1152=EDGE_CURVE('',#935,#936,#474,.T.);
#1153=EDGE_CURVE('',#934,#936,#475,.T.);
#1154=EDGE_CURVE('',#932,#935,#476,.T.);
#1155=EDGE_CURVE('',#936,#931,#477,.T.);
#1156=EDGE_CURVE('',#934,#937,#478,.T.);
#1157=EDGE_CURVE('',#937,#938,#479,.T.);
#1158=EDGE_CURVE('',#938,#939,#480,.T.);
#1159=EDGE_CURVE('',#939,#940,#481,.T.);
#1160=EDGE_CURVE('',#940,#933,#482,.T.);
#1161=EDGE_CURVE('',#930,#941,#483,.T.);
#1162=EDGE_CURVE('',#941,#942,#484,.T.);
#1163=EDGE_CURVE('',#942,#929,#485,.T.);
#1164=EDGE_CURVE('',#943,#940,#486,.T.);
#1165=EDGE_CURVE('',#944,#943,#487,.T.);
#1166=EDGE_CURVE('',#945,#944,#488,.T.);
#1167=EDGE_CURVE('',#946,#945,#489,.T.);
#1168=EDGE_CURVE('',#946,#947,#490,.T.);
#1169=EDGE_CURVE('',#947,#948,#491,.T.);
#1170=EDGE_CURVE('',#948,#949,#492,.T.);
#1171=EDGE_CURVE('',#950,#949,#493,.T.);
#1172=EDGE_CURVE('',#950,#951,#494,.T.);
#1173=EDGE_CURVE('',#951,#952,#97,.T.);
#1174=EDGE_CURVE('',#952,#953,#495,.T.);
#1175=EDGE_CURVE('',#953,#954,#98,.T.);
#1176=EDGE_CURVE('',#954,#941,#496,.T.);
#1177=EDGE_CURVE('',#955,#923,#99,.T.);
#1178=EDGE_CURVE('',#956,#955,#497,.T.);
#1179=EDGE_CURVE('',#924,#956,#100,.T.);
#1180=EDGE_CURVE('',#957,#958,#498,.T.);
#1181=EDGE_CURVE('',#959,#957,#101,.T.);
#1182=EDGE_CURVE('',#960,#959,#499,.T.);
#1183=EDGE_CURVE('',#958,#960,#102,.T.);
#1184=EDGE_CURVE('',#955,#961,#500,.T.);
#1185=EDGE_CURVE('',#961,#962,#501,.T.);
#1186=EDGE_CURVE('',#962,#956,#502,.T.);
#1187=EDGE_CURVE('',#962,#963,#503,.T.);
#1188=EDGE_CURVE('',#963,#964,#55,.T.);
#1189=EDGE_CURVE('',#964,#965,#504,.T.);
#1190=EDGE_CURVE('',#965,#966,#56,.T.);
#1191=EDGE_CURVE('',#966,#967,#505,.T.);
#1192=EDGE_CURVE('',#958,#967,#506,.T.);
#1193=EDGE_CURVE('',#968,#960,#507,.T.);
#1194=EDGE_CURVE('',#968,#969,#508,.T.);
#1195=EDGE_CURVE('',#970,#969,#509,.T.);
#1196=EDGE_CURVE('',#925,#970,#510,.T.);
#1197=EDGE_CURVE('',#959,#971,#511,.T.);
#1198=EDGE_CURVE('',#971,#972,#103,.T.);
#1199=EDGE_CURVE('',#972,#973,#512,.T.);
#1200=EDGE_CURVE('',#973,#946,#513,.T.);
#1201=EDGE_CURVE('',#945,#968,#104,.T.);
#1202=EDGE_CURVE('',#974,#975,#514,.T.);
#1203=EDGE_CURVE('',#976,#974,#515,.T.);
#1204=EDGE_CURVE('',#977,#976,#516,.T.);
#1205=EDGE_CURVE('',#975,#977,#517,.T.);
#1206=EDGE_CURVE('',#978,#979,#518,.T.);
#1207=EDGE_CURVE('',#980,#978,#105,.T.);
#1208=EDGE_CURVE('',#981,#980,#519,.T.);
#1209=EDGE_CURVE('',#982,#981,#106,.T.);
#1210=EDGE_CURVE('',#983,#982,#520,.T.);
#1211=EDGE_CURVE('',#984,#983,#107,.T.);
#1212=EDGE_CURVE('',#985,#984,#521,.T.);
#1213=EDGE_CURVE('',#979,#985,#108,.T.);
#1214=EDGE_CURVE('',#982,#986,#522,.T.);
#1215=EDGE_CURVE('',#986,#987,#523,.T.);
#1216=EDGE_CURVE('',#987,#983,#524,.T.);
#1217=EDGE_CURVE('',#981,#988,#525,.T.);
#1218=EDGE_CURVE('',#988,#986,#109,.T.);
#1219=EDGE_CURVE('',#980,#989,#526,.T.);
#1220=EDGE_CURVE('',#989,#988,#527,.T.);
#1221=EDGE_CURVE('',#978,#990,#528,.T.);
#1222=EDGE_CURVE('',#990,#989,#110,.T.);
#1223=EDGE_CURVE('',#991,#992,#529,.T.);
#1224=EDGE_CURVE('',#991,#976,#530,.T.);
#1225=EDGE_CURVE('',#992,#974,#531,.T.);
#1226=EDGE_CURVE('',#993,#994,#532,.T.);
#1227=EDGE_CURVE('',#993,#975,#533,.T.);
#1228=EDGE_CURVE('',#994,#977,#534,.T.);
#1229=EDGE_CURVE('',#995,#993,#535,.T.);
#1230=EDGE_CURVE('',#994,#996,#536,.T.);
#1231=EDGE_CURVE('',#997,#996,#537,.T.);
#1232=EDGE_CURVE('',#998,#997,#538,.T.);
#1233=EDGE_CURVE('',#999,#998,#111,.T.);
#1234=EDGE_CURVE('',#1000,#999,#539,.T.);
#1235=EDGE_CURVE('',#1001,#1000,#112,.T.);
#1236=EDGE_CURVE('',#1002,#1001,#540,.T.);
#1237=EDGE_CURVE('',#995,#1002,#541,.T.);
#1238=EDGE_CURVE('',#1003,#1003,#113,.T.);
#1239=EDGE_CURVE('',#1004,#1004,#114,.T.);
#1240=EDGE_CURVE('',#979,#1005,#542,.T.);
#1241=EDGE_CURVE('',#1005,#990,#543,.T.);
#1242=EDGE_CURVE('',#985,#1006,#544,.T.);
#1243=EDGE_CURVE('',#1006,#1005,#115,.T.);
#1244=EDGE_CURVE('',#984,#1007,#545,.T.);
#1245=EDGE_CURVE('',#1007,#1006,#546,.T.);
#1246=EDGE_CURVE('',#987,#1007,#116,.T.);
#1247=EDGE_CURVE('',#1008,#1008,#117,.T.);
#1248=EDGE_CURVE('',#1009,#1009,#118,.T.);
#1249=EDGE_CURVE('',#1010,#1010,#119,.T.);
#1250=EDGE_CURVE('',#1011,#1011,#120,.T.);
#1251=EDGE_CURVE('',#1012,#1012,#121,.T.);
#1252=EDGE_CURVE('',#1013,#1013,#122,.T.);
#1253=EDGE_CURVE('',#1014,#1014,#123,.T.);
#1254=EDGE_CURVE('',#1015,#1015,#124,.T.);
#1255=EDGE_CURVE('',#1016,#1017,#547,.T.);
#1256=EDGE_CURVE('',#1018,#1016,#548,.T.);
#1257=EDGE_CURVE('',#1019,#1018,#549,.T.);
#1258=EDGE_CURVE('',#1019,#1017,#550,.T.);
#1259=EDGE_CURVE('',#1017,#1020,#551,.T.);
#1260=EDGE_CURVE('',#1021,#1019,#552,.T.);
#1261=EDGE_CURVE('',#1020,#1021,#553,.T.);
#1262=EDGE_CURVE('',#1022,#1016,#554,.T.);
#1263=EDGE_CURVE('',#1023,#1022,#555,.T.);
#1264=EDGE_CURVE('',#1018,#1023,#556,.T.);
#1265=EDGE_CURVE('',#1024,#1025,#557,.T.);
#1266=EDGE_CURVE('',#1026,#1024,#558,.T.);
#1267=EDGE_CURVE('',#1027,#1026,#559,.T.);
#1268=EDGE_CURVE('',#1025,#1027,#560,.T.);
#1269=EDGE_CURVE('',#1028,#1024,#561,.T.);
#1270=EDGE_CURVE('',#1029,#1028,#562,.T.);
#1271=EDGE_CURVE('',#1026,#1029,#563,.T.);
#1272=EDGE_CURVE('',#1030,#1028,#564,.T.);
#1273=EDGE_CURVE('',#1031,#1030,#565,.T.);
#1274=EDGE_CURVE('',#1029,#1031,#566,.T.);
#1275=EDGE_CURVE('',#1030,#1020,#567,.T.);
#1276=EDGE_CURVE('',#1032,#1025,#568,.T.);
#1277=EDGE_CURVE('',#1032,#1000,#569,.T.);
#1278=EDGE_CURVE('',#1033,#999,#570,.T.);
#1279=EDGE_CURVE('',#1022,#1033,#571,.T.);
#1280=EDGE_CURVE('',#1027,#1034,#572,.T.);
#1281=EDGE_CURVE('',#1034,#1035,#125,.T.);
#1282=EDGE_CURVE('',#1035,#1036,#573,.T.);
#1283=EDGE_CURVE('',#1036,#1037,#126,.T.);
#1284=EDGE_CURVE('',#1037,#1038,#574,.T.);
#1285=EDGE_CURVE('',#1038,#1039,#575,.T.);
#1286=EDGE_CURVE('',#1039,#1040,#576,.T.);
#1287=EDGE_CURVE('',#1040,#1041,#577,.T.);
#1288=EDGE_CURVE('',#1041,#1032,#127,.T.);
#1289=EDGE_CURVE('',#1021,#1031,#578,.T.);
#1290=EDGE_CURVE('',#1042,#1043,#23,.T.);
#1291=EDGE_CURVE('',#1043,#1044,#24,.T.);
#1292=EDGE_CURVE('',#1044,#1042,#128,.T.);
#1293=EDGE_CURVE('',#1045,#1046,#25,.T.);
#1294=EDGE_CURVE('',#1046,#1047,#26,.T.);
#1295=EDGE_CURVE('',#1047,#1045,#129,.T.);
#1296=EDGE_CURVE('',#1046,#1048,#579,.T.);
#1297=EDGE_CURVE('',#1048,#943,#27,.T.);
#1298=EDGE_CURVE('',#943,#1047,#580,.T.);
#1299=EDGE_CURVE('',#927,#1049,#130,.T.);
#1300=EDGE_CURVE('',#1049,#1050,#581,.T.);
#1301=EDGE_CURVE('',#1050,#928,#28,.T.);
#1302=EDGE_CURVE('',#970,#1051,#131,.T.);
#1303=EDGE_CURVE('',#1051,#1049,#132,.T.);
#1304=EDGE_CURVE('',#927,#970,#133,.T.);
#1305=EDGE_CURVE('',#969,#1052,#134,.T.);
#1306=EDGE_CURVE('',#1052,#1051,#582,.T.);
#1307=EDGE_CURVE('',#944,#1053,#135,.T.);
#1308=EDGE_CURVE('',#1053,#1052,#136,.T.);
#1309=EDGE_CURVE('',#969,#944,#137,.T.);
#1310=EDGE_CURVE('',#1048,#1053,#583,.T.);
#1311=EDGE_CURVE('',#1042,#928,#584,.T.);
#1312=EDGE_CURVE('',#1050,#1043,#585,.T.);
#1313=EDGE_CURVE('',#1045,#1054,#586,.T.);
#1314=EDGE_CURVE('',#1054,#1055,#138,.T.);
#1315=EDGE_CURVE('',#1055,#1046,#587,.T.);
#1316=EDGE_CURVE('',#1056,#1057,#139,.T.);
#1317=EDGE_CURVE('',#1057,#1055,#140,.T.);
#1318=EDGE_CURVE('',#1054,#1056,#141,.T.);
#1319=EDGE_CURVE('',#1058,#1059,#142,.T.);
#1320=EDGE_CURVE('',#1059,#1057,#588,.T.);
#1321=EDGE_CURVE('',#1056,#1058,#589,.T.);
#1322=EDGE_CURVE('',#1060,#1061,#143,.T.);
#1323=EDGE_CURVE('',#1061,#1059,#144,.T.);
#1324=EDGE_CURVE('',#1058,#1060,#145,.T.);
#1325=EDGE_CURVE('',#1043,#1061,#590,.T.);
#1326=EDGE_CURVE('',#1060,#1044,#591,.T.);
#1327=EDGE_CURVE('',#1037,#1047,#592,.T.);
#1328=EDGE_CURVE('',#1036,#1045,#593,.T.);
#1329=EDGE_CURVE('',#939,#1062,#594,.T.);
#1330=EDGE_CURVE('',#1062,#1063,#146,.T.);
#1331=EDGE_CURVE('',#1063,#1038,#595,.T.);
#1332=EDGE_CURVE('',#1064,#1064,#147,.T.);
#1333=EDGE_CURVE('',#1065,#1065,#148,.T.);
#1334=EDGE_CURVE('',#1066,#1066,#149,.T.);
#1335=EDGE_CURVE('',#1067,#1067,#150,.T.);
#1336=EDGE_CURVE('',#1068,#1068,#151,.T.);
#1337=EDGE_CURVE('',#1069,#1069,#152,.T.);
#1338=EDGE_CURVE('',#1064,#1068,#596,.T.);
#1339=EDGE_CURVE('',#1069,#1013,#597,.T.);
#1340=EDGE_CURVE('',#1070,#1070,#153,.T.);
#1341=EDGE_CURVE('',#1071,#1071,#154,.T.);
#1342=EDGE_CURVE('',#1065,#1070,#598,.T.);
#1343=EDGE_CURVE('',#1071,#1015,#599,.T.);
#1344=EDGE_CURVE('',#1072,#1072,#155,.T.);
#1345=EDGE_CURVE('',#1073,#1073,#156,.T.);
#1346=EDGE_CURVE('',#1066,#1072,#600,.T.);
#1347=EDGE_CURVE('',#1073,#1011,#601,.T.);
#1348=EDGE_CURVE('',#1074,#1074,#157,.T.);
#1349=EDGE_CURVE('',#1075,#1075,#158,.T.);
#1350=EDGE_CURVE('',#1067,#1074,#602,.T.);
#1351=EDGE_CURVE('',#1075,#1009,#603,.T.);
#1352=EDGE_CURVE('',#1014,#1004,#604,.T.);
#1353=EDGE_CURVE('',#1076,#992,#605,.T.);
#1354=EDGE_CURVE('',#1077,#1076,#159,.T.);
#1355=EDGE_CURVE('',#1078,#1077,#606,.T.);
#1356=EDGE_CURVE('',#1079,#1078,#160,.T.);
#1357=EDGE_CURVE('',#991,#1079,#607,.T.);
#1358=EDGE_CURVE('',#1080,#1080,#161,.T.);
#1359=EDGE_CURVE('',#1081,#1081,#162,.T.);
#1360=EDGE_CURVE('',#1010,#1080,#608,.T.);
#1361=EDGE_CURVE('',#1008,#1003,#609,.T.);
#1362=EDGE_CURVE('',#1012,#1081,#610,.T.);
#1363=EDGE_CURVE('',#1082,#1083,#163,.T.);
#1364=EDGE_CURVE('',#1084,#1082,#611,.T.);
#1365=EDGE_CURVE('',#1085,#1084,#164,.T.);
#1366=EDGE_CURVE('',#1085,#1083,#612,.T.);
#1367=EDGE_CURVE('',#1083,#1086,#613,.T.);
#1368=EDGE_CURVE('',#1087,#1085,#614,.T.);
#1369=EDGE_CURVE('',#1086,#1087,#615,.T.);
#1370=EDGE_CURVE('',#919,#1082,#616,.T.);
#1371=EDGE_CURVE('',#1084,#918,#617,.T.);
#1372=EDGE_CURVE('',#1088,#1086,#618,.T.);
#1373=EDGE_CURVE('',#1088,#997,#619,.T.);
#1374=EDGE_CURVE('',#920,#996,#620,.T.);
#1375=EDGE_CURVE('',#1033,#1089,#165,.T.);
#1376=EDGE_CURVE('',#1089,#1088,#621,.T.);
#1377=EDGE_CURVE('',#1087,#1090,#622,.T.);
#1378=EDGE_CURVE('',#1090,#1091,#166,.T.);
#1379=EDGE_CURVE('',#1091,#1092,#623,.T.);
#1380=EDGE_CURVE('',#1092,#1093,#167,.T.);
#1381=EDGE_CURVE('',#1093,#1023,#624,.T.);
#1382=EDGE_CURVE('',#1094,#1095,#168,.T.);
#1383=EDGE_CURVE('',#1063,#1094,#625,.T.);
#1384=EDGE_CURVE('',#1062,#1095,#626,.T.);
#1385=EDGE_CURVE('',#1095,#938,#627,.T.);
#1386=EDGE_CURVE('',#1039,#1094,#628,.T.);
#1387=EDGE_CURVE('',#937,#995,#629,.T.);
#1388=EDGE_CURVE('',#1040,#1002,#630,.T.);
#1389=EDGE_CURVE('',#1096,#1097,#57,.T.);
#1390=EDGE_CURVE('',#966,#1096,#631,.T.);
#1391=EDGE_CURVE('',#965,#1097,#632,.T.);
#1392=EDGE_CURVE('',#1097,#1098,#633,.T.);
#1393=EDGE_CURVE('',#964,#1098,#634,.T.);
#1394=EDGE_CURVE('',#1098,#1099,#58,.T.);
#1395=EDGE_CURVE('',#963,#1099,#635,.T.);
#1396=EDGE_CURVE('',#1099,#961,#636,.T.);
#1397=EDGE_CURVE('',#1100,#1096,#637,.T.);
#1398=EDGE_CURVE('',#967,#1100,#638,.T.);
#1399=EDGE_CURVE('',#1078,#922,#639,.T.);
#1400=EDGE_CURVE('',#971,#1077,#640,.T.);
#1401=EDGE_CURVE('',#1100,#957,#641,.T.);
#1402=EDGE_CURVE('',#1101,#1102,#642,.T.);
#1403=EDGE_CURVE('',#948,#1101,#643,.T.);
#1404=EDGE_CURVE('',#947,#1102,#644,.T.);
#1405=EDGE_CURVE('',#1102,#973,#645,.T.);
#1406=EDGE_CURVE('',#1103,#1101,#646,.T.);
#1407=EDGE_CURVE('',#949,#1103,#647,.T.);
#1408=EDGE_CURVE('',#942,#1104,#648,.T.);
#1409=EDGE_CURVE('',#1104,#1105,#169,.T.);
#1410=EDGE_CURVE('',#1105,#1106,#649,.T.);
#1411=EDGE_CURVE('',#1106,#1107,#170,.T.);
#1412=EDGE_CURVE('',#1107,#1108,#650,.T.);
#1413=EDGE_CURVE('',#1103,#1108,#651,.T.);
#1414=EDGE_CURVE('',#972,#1076,#652,.T.);
#1415=EDGE_CURVE('',#954,#1104,#653,.T.);
#1416=EDGE_CURVE('',#953,#1105,#654,.T.);
#1417=EDGE_CURVE('',#952,#1106,#655,.T.);
#1418=EDGE_CURVE('',#951,#1107,#656,.T.);
#1419=EDGE_CURVE('',#1108,#950,#657,.T.);
#1420=EDGE_CURVE('',#921,#1079,#658,.T.);
#1421=EDGE_CURVE('',#1041,#1001,#659,.T.);
#1422=EDGE_CURVE('',#1089,#998,#660,.T.);
#1423=EDGE_CURVE('',#1090,#1042,#661,.T.);
#1424=EDGE_CURVE('',#1091,#1044,#662,.T.);
#1425=EDGE_CURVE('',#1092,#1060,#663,.T.);
#1426=EDGE_CURVE('',#1093,#1058,#664,.T.);
#1427=EDGE_CURVE('',#1034,#1056,#665,.T.);
#1428=EDGE_CURVE('',#1035,#1054,#666,.T.);
#1429=ORIENTED_EDGE('',*,*,#1109,.F.);
#1430=ORIENTED_EDGE('',*,*,#1110,.T.);
#1431=ORIENTED_EDGE('',*,*,#1111,.F.);
#1432=ORIENTED_EDGE('',*,*,#1112,.F.);
#1433=ORIENTED_EDGE('',*,*,#1113,.F.);
#1434=ORIENTED_EDGE('',*,*,#1114,.T.);
#1435=ORIENTED_EDGE('',*,*,#1115,.F.);
#1436=ORIENTED_EDGE('',*,*,#1110,.F.);
#1437=ORIENTED_EDGE('',*,*,#1116,.F.);
#1438=ORIENTED_EDGE('',*,*,#1117,.F.);
#1439=ORIENTED_EDGE('',*,*,#1118,.F.);
#1440=ORIENTED_EDGE('',*,*,#1114,.F.);
#1441=ORIENTED_EDGE('',*,*,#1119,.F.);
#1442=ORIENTED_EDGE('',*,*,#1120,.T.);
#1443=ORIENTED_EDGE('',*,*,#1121,.F.);
#1444=ORIENTED_EDGE('',*,*,#1122,.F.);
#1445=ORIENTED_EDGE('',*,*,#1123,.F.);
#1446=ORIENTED_EDGE('',*,*,#1124,.T.);
#1447=ORIENTED_EDGE('',*,*,#1125,.F.);
#1448=ORIENTED_EDGE('',*,*,#1120,.F.);
#1449=ORIENTED_EDGE('',*,*,#1126,.F.);
#1450=ORIENTED_EDGE('',*,*,#1127,.F.);
#1451=ORIENTED_EDGE('',*,*,#1128,.F.);
#1452=ORIENTED_EDGE('',*,*,#1124,.F.);
#1453=ORIENTED_EDGE('',*,*,#1127,.T.);
#1454=ORIENTED_EDGE('',*,*,#1129,.T.);
#1455=ORIENTED_EDGE('',*,*,#1130,.T.);
#1456=ORIENTED_EDGE('',*,*,#1131,.T.);
#1457=ORIENTED_EDGE('',*,*,#1132,.T.);
#1458=ORIENTED_EDGE('',*,*,#1133,.T.);
#1459=ORIENTED_EDGE('',*,*,#1112,.T.);
#1460=ORIENTED_EDGE('',*,*,#1134,.T.);
#1461=ORIENTED_EDGE('',*,*,#1135,.T.);
#1462=ORIENTED_EDGE('',*,*,#1136,.T.);
#1463=ORIENTED_EDGE('',*,*,#1137,.T.);
#1464=ORIENTED_EDGE('',*,*,#1138,.T.);
#1465=ORIENTED_EDGE('',*,*,#1139,.T.);
#1466=ORIENTED_EDGE('',*,*,#1140,.T.);
#1467=ORIENTED_EDGE('',*,*,#1117,.T.);
#1468=ORIENTED_EDGE('',*,*,#1141,.T.);
#1469=ORIENTED_EDGE('',*,*,#1122,.T.);
#1470=ORIENTED_EDGE('',*,*,#1142,.T.);
#1471=ORIENTED_EDGE('',*,*,#1116,.T.);
#1472=ORIENTED_EDGE('',*,*,#1113,.T.);
#1473=ORIENTED_EDGE('',*,*,#1109,.T.);
#1474=ORIENTED_EDGE('',*,*,#1140,.F.);
#1475=ORIENTED_EDGE('',*,*,#1143,.T.);
#1476=ORIENTED_EDGE('',*,*,#1144,.F.);
#1477=ORIENTED_EDGE('',*,*,#1145,.F.);
#1478=ORIENTED_EDGE('',*,*,#1129,.F.);
#1479=ORIENTED_EDGE('',*,*,#1126,.T.);
#1480=ORIENTED_EDGE('',*,*,#1123,.T.);
#1481=ORIENTED_EDGE('',*,*,#1119,.T.);
#1482=ORIENTED_EDGE('',*,*,#1141,.F.);
#1483=ORIENTED_EDGE('',*,*,#1146,.F.);
#1484=ORIENTED_EDGE('',*,*,#1147,.F.);
#1485=ORIENTED_EDGE('',*,*,#1148,.F.);
#1486=ORIENTED_EDGE('',*,*,#1149,.F.);
#1487=ORIENTED_EDGE('',*,*,#1150,.F.);
#1488=ORIENTED_EDGE('',*,*,#1151,.F.);
#1489=ORIENTED_EDGE('',*,*,#1152,.T.);
#1490=ORIENTED_EDGE('',*,*,#1153,.F.);
#1491=ORIENTED_EDGE('',*,*,#1154,.F.);
#1492=ORIENTED_EDGE('',*,*,#1148,.T.);
#1493=ORIENTED_EDGE('',*,*,#1155,.F.);
#1494=ORIENTED_EDGE('',*,*,#1152,.F.);
#1495=ORIENTED_EDGE('',*,*,#1150,.T.);
#1496=ORIENTED_EDGE('',*,*,#1156,.T.);
#1497=ORIENTED_EDGE('',*,*,#1157,.T.);
#1498=ORIENTED_EDGE('',*,*,#1158,.T.);
#1499=ORIENTED_EDGE('',*,*,#1159,.T.);
#1500=ORIENTED_EDGE('',*,*,#1160,.T.);
#1501=ORIENTED_EDGE('',*,*,#1146,.T.);
#1502=ORIENTED_EDGE('',*,*,#1161,.T.);
#1503=ORIENTED_EDGE('',*,*,#1162,.T.);
#1504=ORIENTED_EDGE('',*,*,#1163,.T.);
#1505=ORIENTED_EDGE('',*,*,#1149,.T.);
#1506=ORIENTED_EDGE('',*,*,#1154,.T.);
#1507=ORIENTED_EDGE('',*,*,#1151,.T.);
#1508=ORIENTED_EDGE('',*,*,#1160,.F.);
#1509=ORIENTED_EDGE('',*,*,#1164,.F.);
#1510=ORIENTED_EDGE('',*,*,#1165,.F.);
#1511=ORIENTED_EDGE('',*,*,#1166,.F.);
#1512=ORIENTED_EDGE('',*,*,#1167,.F.);
#1513=ORIENTED_EDGE('',*,*,#1168,.T.);
#1514=ORIENTED_EDGE('',*,*,#1169,.T.);
#1515=ORIENTED_EDGE('',*,*,#1170,.T.);
#1516=ORIENTED_EDGE('',*,*,#1171,.F.);
#1517=ORIENTED_EDGE('',*,*,#1172,.T.);
#1518=ORIENTED_EDGE('',*,*,#1173,.T.);
#1519=ORIENTED_EDGE('',*,*,#1174,.T.);
#1520=ORIENTED_EDGE('',*,*,#1175,.T.);
#1521=ORIENTED_EDGE('',*,*,#1176,.T.);
#1522=ORIENTED_EDGE('',*,*,#1161,.F.);
#1523=ORIENTED_EDGE('',*,*,#1137,.F.);
#1524=ORIENTED_EDGE('',*,*,#1177,.F.);
#1525=ORIENTED_EDGE('',*,*,#1178,.F.);
#1526=ORIENTED_EDGE('',*,*,#1179,.F.);
#1527=ORIENTED_EDGE('',*,*,#1180,.F.);
#1528=ORIENTED_EDGE('',*,*,#1181,.F.);
#1529=ORIENTED_EDGE('',*,*,#1182,.F.);
#1530=ORIENTED_EDGE('',*,*,#1183,.F.);
#1531=ORIENTED_EDGE('',*,*,#1178,.T.);
#1532=ORIENTED_EDGE('',*,*,#1184,.T.);
#1533=ORIENTED_EDGE('',*,*,#1185,.T.);
#1534=ORIENTED_EDGE('',*,*,#1186,.T.);
#1535=ORIENTED_EDGE('',*,*,#1179,.T.);
#1536=ORIENTED_EDGE('',*,*,#1186,.F.);
#1537=ORIENTED_EDGE('',*,*,#1187,.T.);
#1538=ORIENTED_EDGE('',*,*,#1188,.T.);
#1539=ORIENTED_EDGE('',*,*,#1189,.T.);
#1540=ORIENTED_EDGE('',*,*,#1190,.T.);
#1541=ORIENTED_EDGE('',*,*,#1191,.T.);
#1542=ORIENTED_EDGE('',*,*,#1192,.F.);
#1543=ORIENTED_EDGE('',*,*,#1183,.T.);
#1544=ORIENTED_EDGE('',*,*,#1193,.F.);
#1545=ORIENTED_EDGE('',*,*,#1194,.T.);
#1546=ORIENTED_EDGE('',*,*,#1195,.F.);
#1547=ORIENTED_EDGE('',*,*,#1196,.F.);
#1548=ORIENTED_EDGE('',*,*,#1138,.F.);
#1549=ORIENTED_EDGE('',*,*,#1182,.T.);
#1550=ORIENTED_EDGE('',*,*,#1197,.T.);
#1551=ORIENTED_EDGE('',*,*,#1198,.T.);
#1552=ORIENTED_EDGE('',*,*,#1199,.T.);
#1553=ORIENTED_EDGE('',*,*,#1200,.T.);
#1554=ORIENTED_EDGE('',*,*,#1167,.T.);
#1555=ORIENTED_EDGE('',*,*,#1201,.T.);
#1556=ORIENTED_EDGE('',*,*,#1193,.T.);
#1557=ORIENTED_EDGE('',*,*,#1202,.F.);
#1558=ORIENTED_EDGE('',*,*,#1203,.F.);
#1559=ORIENTED_EDGE('',*,*,#1204,.F.);
#1560=ORIENTED_EDGE('',*,*,#1205,.F.);
#1561=ORIENTED_EDGE('',*,*,#1206,.F.);
#1562=ORIENTED_EDGE('',*,*,#1207,.F.);
#1563=ORIENTED_EDGE('',*,*,#1208,.F.);
#1564=ORIENTED_EDGE('',*,*,#1209,.F.);
#1565=ORIENTED_EDGE('',*,*,#1210,.F.);
#1566=ORIENTED_EDGE('',*,*,#1211,.F.);
#1567=ORIENTED_EDGE('',*,*,#1212,.F.);
#1568=ORIENTED_EDGE('',*,*,#1213,.F.);
#1569=ORIENTED_EDGE('',*,*,#1210,.T.);
#1570=ORIENTED_EDGE('',*,*,#1214,.T.);
#1571=ORIENTED_EDGE('',*,*,#1215,.T.);
#1572=ORIENTED_EDGE('',*,*,#1216,.T.);
#1573=ORIENTED_EDGE('',*,*,#1209,.T.);
#1574=ORIENTED_EDGE('',*,*,#1217,.T.);
#1575=ORIENTED_EDGE('',*,*,#1218,.T.);
#1576=ORIENTED_EDGE('',*,*,#1214,.F.);
#1577=ORIENTED_EDGE('',*,*,#1208,.T.);
#1578=ORIENTED_EDGE('',*,*,#1219,.T.);
#1579=ORIENTED_EDGE('',*,*,#1220,.T.);
#1580=ORIENTED_EDGE('',*,*,#1217,.F.);
#1581=ORIENTED_EDGE('',*,*,#1207,.T.);
#1582=ORIENTED_EDGE('',*,*,#1221,.T.);
#1583=ORIENTED_EDGE('',*,*,#1222,.T.);
#1584=ORIENTED_EDGE('',*,*,#1219,.F.);
#1585=ORIENTED_EDGE('',*,*,#1223,.F.);
#1586=ORIENTED_EDGE('',*,*,#1224,.T.);
#1587=ORIENTED_EDGE('',*,*,#1203,.T.);
#1588=ORIENTED_EDGE('',*,*,#1225,.F.);
#1589=ORIENTED_EDGE('',*,*,#1226,.F.);
#1590=ORIENTED_EDGE('',*,*,#1227,.T.);
#1591=ORIENTED_EDGE('',*,*,#1205,.T.);
#1592=ORIENTED_EDGE('',*,*,#1228,.F.);
#1593=ORIENTED_EDGE('',*,*,#1229,.T.);
#1594=ORIENTED_EDGE('',*,*,#1226,.T.);
#1595=ORIENTED_EDGE('',*,*,#1230,.T.);
#1596=ORIENTED_EDGE('',*,*,#1231,.F.);
#1597=ORIENTED_EDGE('',*,*,#1232,.F.);
#1598=ORIENTED_EDGE('',*,*,#1233,.F.);
#1599=ORIENTED_EDGE('',*,*,#1234,.F.);
#1600=ORIENTED_EDGE('',*,*,#1235,.F.);
#1601=ORIENTED_EDGE('',*,*,#1236,.F.);
#1602=ORIENTED_EDGE('',*,*,#1237,.F.);
#1603=ORIENTED_EDGE('',*,*,#1238,.T.);
#1604=ORIENTED_EDGE('',*,*,#1239,.T.);
#1605=ORIENTED_EDGE('',*,*,#1206,.T.);
#1606=ORIENTED_EDGE('',*,*,#1240,.T.);
#1607=ORIENTED_EDGE('',*,*,#1241,.T.);
#1608=ORIENTED_EDGE('',*,*,#1221,.F.);
#1609=ORIENTED_EDGE('',*,*,#1213,.T.);
#1610=ORIENTED_EDGE('',*,*,#1242,.T.);
#1611=ORIENTED_EDGE('',*,*,#1243,.T.);
#1612=ORIENTED_EDGE('',*,*,#1240,.F.);
#1613=ORIENTED_EDGE('',*,*,#1212,.T.);
#1614=ORIENTED_EDGE('',*,*,#1244,.T.);
#1615=ORIENTED_EDGE('',*,*,#1245,.T.);
#1616=ORIENTED_EDGE('',*,*,#1242,.F.);
#1617=ORIENTED_EDGE('',*,*,#1211,.T.);
#1618=ORIENTED_EDGE('',*,*,#1216,.F.);
#1619=ORIENTED_EDGE('',*,*,#1246,.T.);
#1620=ORIENTED_EDGE('',*,*,#1244,.F.);
#1621=ORIENTED_EDGE('',*,*,#1247,.F.);
#1622=ORIENTED_EDGE('',*,*,#1248,.F.);
#1623=ORIENTED_EDGE('',*,*,#1249,.F.);
#1624=ORIENTED_EDGE('',*,*,#1250,.F.);
#1625=ORIENTED_EDGE('',*,*,#1251,.F.);
#1626=ORIENTED_EDGE('',*,*,#1252,.F.);
#1627=ORIENTED_EDGE('',*,*,#1253,.F.);
#1628=ORIENTED_EDGE('',*,*,#1254,.F.);
#1629=ORIENTED_EDGE('',*,*,#1255,.F.);
#1630=ORIENTED_EDGE('',*,*,#1256,.F.);
#1631=ORIENTED_EDGE('',*,*,#1257,.F.);
#1632=ORIENTED_EDGE('',*,*,#1258,.T.);
#1633=ORIENTED_EDGE('',*,*,#1259,.F.);
#1634=ORIENTED_EDGE('',*,*,#1258,.F.);
#1635=ORIENTED_EDGE('',*,*,#1260,.F.);
#1636=ORIENTED_EDGE('',*,*,#1261,.F.);
#1637=ORIENTED_EDGE('',*,*,#1262,.F.);
#1638=ORIENTED_EDGE('',*,*,#1263,.F.);
#1639=ORIENTED_EDGE('',*,*,#1264,.F.);
#1640=ORIENTED_EDGE('',*,*,#1256,.T.);
#1641=ORIENTED_EDGE('',*,*,#1265,.F.);
#1642=ORIENTED_EDGE('',*,*,#1266,.F.);
#1643=ORIENTED_EDGE('',*,*,#1267,.F.);
#1644=ORIENTED_EDGE('',*,*,#1268,.F.);
#1645=ORIENTED_EDGE('',*,*,#1269,.F.);
#1646=ORIENTED_EDGE('',*,*,#1270,.F.);
#1647=ORIENTED_EDGE('',*,*,#1271,.F.);
#1648=ORIENTED_EDGE('',*,*,#1266,.T.);
#1649=ORIENTED_EDGE('',*,*,#1272,.F.);
#1650=ORIENTED_EDGE('',*,*,#1273,.F.);
#1651=ORIENTED_EDGE('',*,*,#1274,.F.);
#1652=ORIENTED_EDGE('',*,*,#1270,.T.);
#1653=ORIENTED_EDGE('',*,*,#1262,.T.);
#1654=ORIENTED_EDGE('',*,*,#1255,.T.);
#1655=ORIENTED_EDGE('',*,*,#1259,.T.);
#1656=ORIENTED_EDGE('',*,*,#1275,.F.);
#1657=ORIENTED_EDGE('',*,*,#1272,.T.);
#1658=ORIENTED_EDGE('',*,*,#1269,.T.);
#1659=ORIENTED_EDGE('',*,*,#1265,.T.);
#1660=ORIENTED_EDGE('',*,*,#1276,.F.);
#1661=ORIENTED_EDGE('',*,*,#1277,.T.);
#1662=ORIENTED_EDGE('',*,*,#1234,.T.);
#1663=ORIENTED_EDGE('',*,*,#1278,.F.);
#1664=ORIENTED_EDGE('',*,*,#1279,.F.);
#1665=ORIENTED_EDGE('',*,*,#1268,.T.);
#1666=ORIENTED_EDGE('',*,*,#1280,.T.);
#1667=ORIENTED_EDGE('',*,*,#1281,.T.);
#1668=ORIENTED_EDGE('',*,*,#1282,.T.);
#1669=ORIENTED_EDGE('',*,*,#1283,.T.);
#1670=ORIENTED_EDGE('',*,*,#1284,.T.);
#1671=ORIENTED_EDGE('',*,*,#1285,.T.);
#1672=ORIENTED_EDGE('',*,*,#1286,.T.);
#1673=ORIENTED_EDGE('',*,*,#1287,.T.);
#1674=ORIENTED_EDGE('',*,*,#1288,.T.);
#1675=ORIENTED_EDGE('',*,*,#1276,.T.);
#1676=ORIENTED_EDGE('',*,*,#1261,.T.);
#1677=ORIENTED_EDGE('',*,*,#1289,.T.);
#1678=ORIENTED_EDGE('',*,*,#1273,.T.);
#1679=ORIENTED_EDGE('',*,*,#1275,.T.);
#1680=ORIENTED_EDGE('',*,*,#1290,.T.);
#1681=ORIENTED_EDGE('',*,*,#1291,.T.);
#1682=ORIENTED_EDGE('',*,*,#1292,.T.);
#1683=ORIENTED_EDGE('',*,*,#1293,.T.);
#1684=ORIENTED_EDGE('',*,*,#1294,.T.);
#1685=ORIENTED_EDGE('',*,*,#1295,.T.);
#1686=ORIENTED_EDGE('',*,*,#1294,.F.);
#1687=ORIENTED_EDGE('',*,*,#1296,.T.);
#1688=ORIENTED_EDGE('',*,*,#1297,.T.);
#1689=ORIENTED_EDGE('',*,*,#1298,.T.);
#1690=ORIENTED_EDGE('',*,*,#1144,.T.);
#1691=ORIENTED_EDGE('',*,*,#1299,.T.);
#1692=ORIENTED_EDGE('',*,*,#1300,.T.);
#1693=ORIENTED_EDGE('',*,*,#1301,.T.);
#1694=ORIENTED_EDGE('',*,*,#1302,.T.);
#1695=ORIENTED_EDGE('',*,*,#1303,.T.);
#1696=ORIENTED_EDGE('',*,*,#1299,.F.);
#1697=ORIENTED_EDGE('',*,*,#1304,.T.);
#1698=ORIENTED_EDGE('',*,*,#1305,.T.);
#1699=ORIENTED_EDGE('',*,*,#1306,.T.);
#1700=ORIENTED_EDGE('',*,*,#1302,.F.);
#1701=ORIENTED_EDGE('',*,*,#1195,.T.);
#1702=ORIENTED_EDGE('',*,*,#1307,.T.);
#1703=ORIENTED_EDGE('',*,*,#1308,.T.);
#1704=ORIENTED_EDGE('',*,*,#1305,.F.);
#1705=ORIENTED_EDGE('',*,*,#1309,.T.);
#1706=ORIENTED_EDGE('',*,*,#1310,.T.);
#1707=ORIENTED_EDGE('',*,*,#1307,.F.);
#1708=ORIENTED_EDGE('',*,*,#1165,.T.);
#1709=ORIENTED_EDGE('',*,*,#1297,.F.);
#1710=ORIENTED_EDGE('',*,*,#1290,.F.);
#1711=ORIENTED_EDGE('',*,*,#1311,.T.);
#1712=ORIENTED_EDGE('',*,*,#1301,.F.);
#1713=ORIENTED_EDGE('',*,*,#1312,.T.);
#1714=ORIENTED_EDGE('',*,*,#1293,.F.);
#1715=ORIENTED_EDGE('',*,*,#1313,.T.);
#1716=ORIENTED_EDGE('',*,*,#1314,.T.);
#1717=ORIENTED_EDGE('',*,*,#1315,.T.);
#1718=ORIENTED_EDGE('',*,*,#1316,.T.);
#1719=ORIENTED_EDGE('',*,*,#1317,.T.);
#1720=ORIENTED_EDGE('',*,*,#1314,.F.);
#1721=ORIENTED_EDGE('',*,*,#1318,.T.);
#1722=ORIENTED_EDGE('',*,*,#1319,.T.);
#1723=ORIENTED_EDGE('',*,*,#1320,.T.);
#1724=ORIENTED_EDGE('',*,*,#1316,.F.);
#1725=ORIENTED_EDGE('',*,*,#1321,.T.);
#1726=ORIENTED_EDGE('',*,*,#1322,.T.);
#1727=ORIENTED_EDGE('',*,*,#1323,.T.);
#1728=ORIENTED_EDGE('',*,*,#1319,.F.);
#1729=ORIENTED_EDGE('',*,*,#1324,.T.);
#1730=ORIENTED_EDGE('',*,*,#1291,.F.);
#1731=ORIENTED_EDGE('',*,*,#1325,.T.);
#1732=ORIENTED_EDGE('',*,*,#1322,.F.);
#1733=ORIENTED_EDGE('',*,*,#1326,.T.);
#1734=ORIENTED_EDGE('',*,*,#1295,.F.);
#1735=ORIENTED_EDGE('',*,*,#1327,.F.);
#1736=ORIENTED_EDGE('',*,*,#1283,.F.);
#1737=ORIENTED_EDGE('',*,*,#1328,.T.);
#1738=ORIENTED_EDGE('',*,*,#1298,.F.);
#1739=ORIENTED_EDGE('',*,*,#1164,.T.);
#1740=ORIENTED_EDGE('',*,*,#1159,.F.);
#1741=ORIENTED_EDGE('',*,*,#1329,.T.);
#1742=ORIENTED_EDGE('',*,*,#1330,.T.);
#1743=ORIENTED_EDGE('',*,*,#1331,.T.);
#1744=ORIENTED_EDGE('',*,*,#1284,.F.);
#1745=ORIENTED_EDGE('',*,*,#1327,.T.);
#1746=ORIENTED_EDGE('',*,*,#1309,.F.);
#1747=ORIENTED_EDGE('',*,*,#1194,.F.);
#1748=ORIENTED_EDGE('',*,*,#1201,.F.);
#1749=ORIENTED_EDGE('',*,*,#1166,.T.);
#1750=ORIENTED_EDGE('',*,*,#1304,.F.);
#1751=ORIENTED_EDGE('',*,*,#1143,.F.);
#1752=ORIENTED_EDGE('',*,*,#1139,.F.);
#1753=ORIENTED_EDGE('',*,*,#1196,.T.);
#1754=ORIENTED_EDGE('',*,*,#1300,.F.);
#1755=ORIENTED_EDGE('',*,*,#1303,.F.);
#1756=ORIENTED_EDGE('',*,*,#1306,.F.);
#1757=ORIENTED_EDGE('',*,*,#1308,.F.);
#1758=ORIENTED_EDGE('',*,*,#1310,.F.);
#1759=ORIENTED_EDGE('',*,*,#1296,.F.);
#1760=ORIENTED_EDGE('',*,*,#1315,.F.);
#1761=ORIENTED_EDGE('',*,*,#1317,.F.);
#1762=ORIENTED_EDGE('',*,*,#1320,.F.);
#1763=ORIENTED_EDGE('',*,*,#1323,.F.);
#1764=ORIENTED_EDGE('',*,*,#1325,.F.);
#1765=ORIENTED_EDGE('',*,*,#1312,.F.);
#1766=ORIENTED_EDGE('',*,*,#1215,.F.);
#1767=ORIENTED_EDGE('',*,*,#1218,.F.);
#1768=ORIENTED_EDGE('',*,*,#1220,.F.);
#1769=ORIENTED_EDGE('',*,*,#1222,.F.);
#1770=ORIENTED_EDGE('',*,*,#1241,.F.);
#1771=ORIENTED_EDGE('',*,*,#1243,.F.);
#1772=ORIENTED_EDGE('',*,*,#1245,.F.);
#1773=ORIENTED_EDGE('',*,*,#1246,.F.);
#1774=ORIENTED_EDGE('',*,*,#1332,.T.);
#1775=ORIENTED_EDGE('',*,*,#1333,.T.);
#1776=ORIENTED_EDGE('',*,*,#1334,.T.);
#1777=ORIENTED_EDGE('',*,*,#1335,.T.);
#1778=ORIENTED_EDGE('',*,*,#1336,.F.);
#1779=ORIENTED_EDGE('',*,*,#1337,.T.);
#1780=ORIENTED_EDGE('',*,*,#1332,.F.);
#1781=ORIENTED_EDGE('',*,*,#1338,.T.);
#1782=ORIENTED_EDGE('',*,*,#1336,.T.);
#1783=ORIENTED_EDGE('',*,*,#1338,.F.);
#1784=ORIENTED_EDGE('',*,*,#1337,.F.);
#1785=ORIENTED_EDGE('',*,*,#1339,.T.);
#1786=ORIENTED_EDGE('',*,*,#1252,.T.);
#1787=ORIENTED_EDGE('',*,*,#1339,.F.);
#1788=ORIENTED_EDGE('',*,*,#1340,.F.);
#1789=ORIENTED_EDGE('',*,*,#1341,.T.);
#1790=ORIENTED_EDGE('',*,*,#1333,.F.);
#1791=ORIENTED_EDGE('',*,*,#1342,.T.);
#1792=ORIENTED_EDGE('',*,*,#1340,.T.);
#1793=ORIENTED_EDGE('',*,*,#1342,.F.);
#1794=ORIENTED_EDGE('',*,*,#1341,.F.);
#1795=ORIENTED_EDGE('',*,*,#1343,.T.);
#1796=ORIENTED_EDGE('',*,*,#1254,.T.);
#1797=ORIENTED_EDGE('',*,*,#1343,.F.);
#1798=ORIENTED_EDGE('',*,*,#1344,.F.);
#1799=ORIENTED_EDGE('',*,*,#1345,.T.);
#1800=ORIENTED_EDGE('',*,*,#1334,.F.);
#1801=ORIENTED_EDGE('',*,*,#1346,.T.);
#1802=ORIENTED_EDGE('',*,*,#1344,.T.);
#1803=ORIENTED_EDGE('',*,*,#1346,.F.);
#1804=ORIENTED_EDGE('',*,*,#1345,.F.);
#1805=ORIENTED_EDGE('',*,*,#1347,.T.);
#1806=ORIENTED_EDGE('',*,*,#1250,.T.);
#1807=ORIENTED_EDGE('',*,*,#1347,.F.);
#1808=ORIENTED_EDGE('',*,*,#1348,.F.);
#1809=ORIENTED_EDGE('',*,*,#1349,.T.);
#1810=ORIENTED_EDGE('',*,*,#1335,.F.);
#1811=ORIENTED_EDGE('',*,*,#1350,.T.);
#1812=ORIENTED_EDGE('',*,*,#1348,.T.);
#1813=ORIENTED_EDGE('',*,*,#1350,.F.);
#1814=ORIENTED_EDGE('',*,*,#1349,.F.);
#1815=ORIENTED_EDGE('',*,*,#1351,.T.);
#1816=ORIENTED_EDGE('',*,*,#1248,.T.);
#1817=ORIENTED_EDGE('',*,*,#1351,.F.);
#1818=ORIENTED_EDGE('',*,*,#1253,.T.);
#1819=ORIENTED_EDGE('',*,*,#1352,.T.);
#1820=ORIENTED_EDGE('',*,*,#1239,.F.);
#1821=ORIENTED_EDGE('',*,*,#1352,.F.);
#1822=ORIENTED_EDGE('',*,*,#1223,.T.);
#1823=ORIENTED_EDGE('',*,*,#1353,.F.);
#1824=ORIENTED_EDGE('',*,*,#1354,.F.);
#1825=ORIENTED_EDGE('',*,*,#1355,.F.);
#1826=ORIENTED_EDGE('',*,*,#1356,.F.);
#1827=ORIENTED_EDGE('',*,*,#1357,.F.);
#1828=ORIENTED_EDGE('',*,*,#1358,.T.);
#1829=ORIENTED_EDGE('',*,*,#1359,.T.);
#1830=ORIENTED_EDGE('',*,*,#1249,.T.);
#1831=ORIENTED_EDGE('',*,*,#1360,.T.);
#1832=ORIENTED_EDGE('',*,*,#1358,.F.);
#1833=ORIENTED_EDGE('',*,*,#1360,.F.);
#1834=ORIENTED_EDGE('',*,*,#1247,.T.);
#1835=ORIENTED_EDGE('',*,*,#1361,.T.);
#1836=ORIENTED_EDGE('',*,*,#1238,.F.);
#1837=ORIENTED_EDGE('',*,*,#1361,.F.);
#1838=ORIENTED_EDGE('',*,*,#1251,.T.);
#1839=ORIENTED_EDGE('',*,*,#1362,.T.);
#1840=ORIENTED_EDGE('',*,*,#1359,.F.);
#1841=ORIENTED_EDGE('',*,*,#1362,.F.);
#1842=ORIENTED_EDGE('',*,*,#1363,.F.);
#1843=ORIENTED_EDGE('',*,*,#1364,.F.);
#1844=ORIENTED_EDGE('',*,*,#1365,.F.);
#1845=ORIENTED_EDGE('',*,*,#1366,.T.);
#1846=ORIENTED_EDGE('',*,*,#1367,.F.);
#1847=ORIENTED_EDGE('',*,*,#1366,.F.);
#1848=ORIENTED_EDGE('',*,*,#1368,.F.);
#1849=ORIENTED_EDGE('',*,*,#1369,.F.);
#1850=ORIENTED_EDGE('',*,*,#1370,.F.);
#1851=ORIENTED_EDGE('',*,*,#1131,.F.);
#1852=ORIENTED_EDGE('',*,*,#1371,.F.);
#1853=ORIENTED_EDGE('',*,*,#1364,.T.);
#1854=ORIENTED_EDGE('',*,*,#1370,.T.);
#1855=ORIENTED_EDGE('',*,*,#1363,.T.);
#1856=ORIENTED_EDGE('',*,*,#1367,.T.);
#1857=ORIENTED_EDGE('',*,*,#1372,.F.);
#1858=ORIENTED_EDGE('',*,*,#1373,.T.);
#1859=ORIENTED_EDGE('',*,*,#1231,.T.);
#1860=ORIENTED_EDGE('',*,*,#1374,.F.);
#1861=ORIENTED_EDGE('',*,*,#1132,.F.);
#1862=ORIENTED_EDGE('',*,*,#1263,.T.);
#1863=ORIENTED_EDGE('',*,*,#1279,.T.);
#1864=ORIENTED_EDGE('',*,*,#1375,.T.);
#1865=ORIENTED_EDGE('',*,*,#1376,.T.);
#1866=ORIENTED_EDGE('',*,*,#1372,.T.);
#1867=ORIENTED_EDGE('',*,*,#1369,.T.);
#1868=ORIENTED_EDGE('',*,*,#1377,.T.);
#1869=ORIENTED_EDGE('',*,*,#1378,.T.);
#1870=ORIENTED_EDGE('',*,*,#1379,.T.);
#1871=ORIENTED_EDGE('',*,*,#1380,.T.);
#1872=ORIENTED_EDGE('',*,*,#1381,.T.);
#1873=ORIENTED_EDGE('',*,*,#1382,.F.);
#1874=ORIENTED_EDGE('',*,*,#1383,.F.);
#1875=ORIENTED_EDGE('',*,*,#1330,.F.);
#1876=ORIENTED_EDGE('',*,*,#1384,.T.);
#1877=ORIENTED_EDGE('',*,*,#1385,.F.);
#1878=ORIENTED_EDGE('',*,*,#1384,.F.);
#1879=ORIENTED_EDGE('',*,*,#1329,.F.);
#1880=ORIENTED_EDGE('',*,*,#1158,.F.);
#1881=ORIENTED_EDGE('',*,*,#1386,.F.);
#1882=ORIENTED_EDGE('',*,*,#1285,.F.);
#1883=ORIENTED_EDGE('',*,*,#1331,.F.);
#1884=ORIENTED_EDGE('',*,*,#1383,.T.);
#1885=ORIENTED_EDGE('',*,*,#1386,.T.);
#1886=ORIENTED_EDGE('',*,*,#1382,.T.);
#1887=ORIENTED_EDGE('',*,*,#1385,.T.);
#1888=ORIENTED_EDGE('',*,*,#1157,.F.);
#1889=ORIENTED_EDGE('',*,*,#1387,.T.);
#1890=ORIENTED_EDGE('',*,*,#1237,.T.);
#1891=ORIENTED_EDGE('',*,*,#1388,.F.);
#1892=ORIENTED_EDGE('',*,*,#1286,.F.);
#1893=ORIENTED_EDGE('',*,*,#1389,.F.);
#1894=ORIENTED_EDGE('',*,*,#1390,.F.);
#1895=ORIENTED_EDGE('',*,*,#1190,.F.);
#1896=ORIENTED_EDGE('',*,*,#1391,.T.);
#1897=ORIENTED_EDGE('',*,*,#1392,.F.);
#1898=ORIENTED_EDGE('',*,*,#1391,.F.);
#1899=ORIENTED_EDGE('',*,*,#1189,.F.);
#1900=ORIENTED_EDGE('',*,*,#1393,.T.);
#1901=ORIENTED_EDGE('',*,*,#1394,.F.);
#1902=ORIENTED_EDGE('',*,*,#1393,.F.);
#1903=ORIENTED_EDGE('',*,*,#1188,.F.);
#1904=ORIENTED_EDGE('',*,*,#1395,.T.);
#1905=ORIENTED_EDGE('',*,*,#1396,.F.);
#1906=ORIENTED_EDGE('',*,*,#1395,.F.);
#1907=ORIENTED_EDGE('',*,*,#1187,.F.);
#1908=ORIENTED_EDGE('',*,*,#1185,.F.);
#1909=ORIENTED_EDGE('',*,*,#1397,.F.);
#1910=ORIENTED_EDGE('',*,*,#1398,.F.);
#1911=ORIENTED_EDGE('',*,*,#1191,.F.);
#1912=ORIENTED_EDGE('',*,*,#1390,.T.);
#1913=ORIENTED_EDGE('',*,*,#1177,.T.);
#1914=ORIENTED_EDGE('',*,*,#1136,.F.);
#1915=ORIENTED_EDGE('',*,*,#1399,.F.);
#1916=ORIENTED_EDGE('',*,*,#1355,.T.);
#1917=ORIENTED_EDGE('',*,*,#1400,.F.);
#1918=ORIENTED_EDGE('',*,*,#1197,.F.);
#1919=ORIENTED_EDGE('',*,*,#1181,.T.);
#1920=ORIENTED_EDGE('',*,*,#1401,.F.);
#1921=ORIENTED_EDGE('',*,*,#1397,.T.);
#1922=ORIENTED_EDGE('',*,*,#1389,.T.);
#1923=ORIENTED_EDGE('',*,*,#1392,.T.);
#1924=ORIENTED_EDGE('',*,*,#1394,.T.);
#1925=ORIENTED_EDGE('',*,*,#1396,.T.);
#1926=ORIENTED_EDGE('',*,*,#1184,.F.);
#1927=ORIENTED_EDGE('',*,*,#1402,.F.);
#1928=ORIENTED_EDGE('',*,*,#1403,.F.);
#1929=ORIENTED_EDGE('',*,*,#1169,.F.);
#1930=ORIENTED_EDGE('',*,*,#1404,.T.);
#1931=ORIENTED_EDGE('',*,*,#1405,.F.);
#1932=ORIENTED_EDGE('',*,*,#1404,.F.);
#1933=ORIENTED_EDGE('',*,*,#1168,.F.);
#1934=ORIENTED_EDGE('',*,*,#1200,.F.);
#1935=ORIENTED_EDGE('',*,*,#1406,.F.);
#1936=ORIENTED_EDGE('',*,*,#1407,.F.);
#1937=ORIENTED_EDGE('',*,*,#1170,.F.);
#1938=ORIENTED_EDGE('',*,*,#1403,.T.);
#1939=ORIENTED_EDGE('',*,*,#1147,.T.);
#1940=ORIENTED_EDGE('',*,*,#1163,.F.);
#1941=ORIENTED_EDGE('',*,*,#1408,.T.);
#1942=ORIENTED_EDGE('',*,*,#1409,.T.);
#1943=ORIENTED_EDGE('',*,*,#1410,.T.);
#1944=ORIENTED_EDGE('',*,*,#1411,.T.);
#1945=ORIENTED_EDGE('',*,*,#1412,.T.);
#1946=ORIENTED_EDGE('',*,*,#1413,.F.);
#1947=ORIENTED_EDGE('',*,*,#1406,.T.);
#1948=ORIENTED_EDGE('',*,*,#1402,.T.);
#1949=ORIENTED_EDGE('',*,*,#1405,.T.);
#1950=ORIENTED_EDGE('',*,*,#1199,.F.);
#1951=ORIENTED_EDGE('',*,*,#1414,.T.);
#1952=ORIENTED_EDGE('',*,*,#1353,.T.);
#1953=ORIENTED_EDGE('',*,*,#1225,.T.);
#1954=ORIENTED_EDGE('',*,*,#1202,.T.);
#1955=ORIENTED_EDGE('',*,*,#1227,.F.);
#1956=ORIENTED_EDGE('',*,*,#1229,.F.);
#1957=ORIENTED_EDGE('',*,*,#1387,.F.);
#1958=ORIENTED_EDGE('',*,*,#1156,.F.);
#1959=ORIENTED_EDGE('',*,*,#1153,.T.);
#1960=ORIENTED_EDGE('',*,*,#1155,.T.);
#1961=ORIENTED_EDGE('',*,*,#1180,.T.);
#1962=ORIENTED_EDGE('',*,*,#1192,.T.);
#1963=ORIENTED_EDGE('',*,*,#1398,.T.);
#1964=ORIENTED_EDGE('',*,*,#1401,.T.);
#1965=ORIENTED_EDGE('',*,*,#1409,.F.);
#1966=ORIENTED_EDGE('',*,*,#1415,.F.);
#1967=ORIENTED_EDGE('',*,*,#1175,.F.);
#1968=ORIENTED_EDGE('',*,*,#1416,.T.);
#1969=ORIENTED_EDGE('',*,*,#1410,.F.);
#1970=ORIENTED_EDGE('',*,*,#1416,.F.);
#1971=ORIENTED_EDGE('',*,*,#1174,.F.);
#1972=ORIENTED_EDGE('',*,*,#1417,.T.);
#1973=ORIENTED_EDGE('',*,*,#1411,.F.);
#1974=ORIENTED_EDGE('',*,*,#1417,.F.);
#1975=ORIENTED_EDGE('',*,*,#1173,.F.);
#1976=ORIENTED_EDGE('',*,*,#1418,.T.);
#1977=ORIENTED_EDGE('',*,*,#1412,.F.);
#1978=ORIENTED_EDGE('',*,*,#1418,.F.);
#1979=ORIENTED_EDGE('',*,*,#1172,.F.);
#1980=ORIENTED_EDGE('',*,*,#1419,.F.);
#1981=ORIENTED_EDGE('',*,*,#1408,.F.);
#1982=ORIENTED_EDGE('',*,*,#1162,.F.);
#1983=ORIENTED_EDGE('',*,*,#1176,.F.);
#1984=ORIENTED_EDGE('',*,*,#1415,.T.);
#1985=ORIENTED_EDGE('',*,*,#1407,.T.);
#1986=ORIENTED_EDGE('',*,*,#1413,.T.);
#1987=ORIENTED_EDGE('',*,*,#1419,.T.);
#1988=ORIENTED_EDGE('',*,*,#1171,.T.);
#1989=ORIENTED_EDGE('',*,*,#1356,.T.);
#1990=ORIENTED_EDGE('',*,*,#1399,.T.);
#1991=ORIENTED_EDGE('',*,*,#1135,.F.);
#1992=ORIENTED_EDGE('',*,*,#1420,.T.);
#1993=ORIENTED_EDGE('',*,*,#1354,.T.);
#1994=ORIENTED_EDGE('',*,*,#1414,.F.);
#1995=ORIENTED_EDGE('',*,*,#1198,.F.);
#1996=ORIENTED_EDGE('',*,*,#1400,.T.);
#1997=ORIENTED_EDGE('',*,*,#1236,.T.);
#1998=ORIENTED_EDGE('',*,*,#1421,.F.);
#1999=ORIENTED_EDGE('',*,*,#1287,.F.);
#2000=ORIENTED_EDGE('',*,*,#1388,.T.);
#2001=ORIENTED_EDGE('',*,*,#1235,.T.);
#2002=ORIENTED_EDGE('',*,*,#1277,.F.);
#2003=ORIENTED_EDGE('',*,*,#1288,.F.);
#2004=ORIENTED_EDGE('',*,*,#1421,.T.);
#2005=ORIENTED_EDGE('',*,*,#1233,.T.);
#2006=ORIENTED_EDGE('',*,*,#1422,.F.);
#2007=ORIENTED_EDGE('',*,*,#1375,.F.);
#2008=ORIENTED_EDGE('',*,*,#1278,.T.);
#2009=ORIENTED_EDGE('',*,*,#1232,.T.);
#2010=ORIENTED_EDGE('',*,*,#1373,.F.);
#2011=ORIENTED_EDGE('',*,*,#1376,.F.);
#2012=ORIENTED_EDGE('',*,*,#1422,.T.);
#2013=ORIENTED_EDGE('',*,*,#1118,.T.);
#2014=ORIENTED_EDGE('',*,*,#1142,.F.);
#2015=ORIENTED_EDGE('',*,*,#1121,.T.);
#2016=ORIENTED_EDGE('',*,*,#1125,.T.);
#2017=ORIENTED_EDGE('',*,*,#1128,.T.);
#2018=ORIENTED_EDGE('',*,*,#1133,.F.);
#2019=ORIENTED_EDGE('',*,*,#1374,.T.);
#2020=ORIENTED_EDGE('',*,*,#1230,.F.);
#2021=ORIENTED_EDGE('',*,*,#1228,.T.);
#2022=ORIENTED_EDGE('',*,*,#1204,.T.);
#2023=ORIENTED_EDGE('',*,*,#1224,.F.);
#2024=ORIENTED_EDGE('',*,*,#1357,.T.);
#2025=ORIENTED_EDGE('',*,*,#1420,.F.);
#2026=ORIENTED_EDGE('',*,*,#1134,.F.);
#2027=ORIENTED_EDGE('',*,*,#1111,.T.);
#2028=ORIENTED_EDGE('',*,*,#1115,.T.);
#2029=ORIENTED_EDGE('',*,*,#1311,.F.);
#2030=ORIENTED_EDGE('',*,*,#1423,.F.);
#2031=ORIENTED_EDGE('',*,*,#1377,.F.);
#2032=ORIENTED_EDGE('',*,*,#1368,.T.);
#2033=ORIENTED_EDGE('',*,*,#1365,.T.);
#2034=ORIENTED_EDGE('',*,*,#1371,.T.);
#2035=ORIENTED_EDGE('',*,*,#1130,.F.);
#2036=ORIENTED_EDGE('',*,*,#1145,.T.);
#2037=ORIENTED_EDGE('',*,*,#1292,.F.);
#2038=ORIENTED_EDGE('',*,*,#1424,.F.);
#2039=ORIENTED_EDGE('',*,*,#1378,.F.);
#2040=ORIENTED_EDGE('',*,*,#1423,.T.);
#2041=ORIENTED_EDGE('',*,*,#1326,.F.);
#2042=ORIENTED_EDGE('',*,*,#1425,.F.);
#2043=ORIENTED_EDGE('',*,*,#1379,.F.);
#2044=ORIENTED_EDGE('',*,*,#1424,.T.);
#2045=ORIENTED_EDGE('',*,*,#1324,.F.);
#2046=ORIENTED_EDGE('',*,*,#1426,.F.);
#2047=ORIENTED_EDGE('',*,*,#1380,.F.);
#2048=ORIENTED_EDGE('',*,*,#1425,.T.);
#2049=ORIENTED_EDGE('',*,*,#1264,.T.);
#2050=ORIENTED_EDGE('',*,*,#1381,.F.);
#2051=ORIENTED_EDGE('',*,*,#1426,.T.);
#2052=ORIENTED_EDGE('',*,*,#1321,.F.);
#2053=ORIENTED_EDGE('',*,*,#1427,.F.);
#2054=ORIENTED_EDGE('',*,*,#1280,.F.);
#2055=ORIENTED_EDGE('',*,*,#1267,.T.);
#2056=ORIENTED_EDGE('',*,*,#1271,.T.);
#2057=ORIENTED_EDGE('',*,*,#1274,.T.);
#2058=ORIENTED_EDGE('',*,*,#1289,.F.);
#2059=ORIENTED_EDGE('',*,*,#1260,.T.);
#2060=ORIENTED_EDGE('',*,*,#1257,.T.);
#2061=ORIENTED_EDGE('',*,*,#1318,.F.);
#2062=ORIENTED_EDGE('',*,*,#1428,.F.);
#2063=ORIENTED_EDGE('',*,*,#1281,.F.);
#2064=ORIENTED_EDGE('',*,*,#1427,.T.);
#2065=ORIENTED_EDGE('',*,*,#1313,.F.);
#2066=ORIENTED_EDGE('',*,*,#1328,.F.);
#2067=ORIENTED_EDGE('',*,*,#1282,.F.);
#2068=ORIENTED_EDGE('',*,*,#1428,.T.);
#2069=PLANE('',#2280);
#2070=PLANE('',#2281);
#2071=PLANE('',#2282);
#2072=PLANE('',#2283);
#2073=PLANE('',#2284);
#2074=PLANE('',#2285);
#2075=PLANE('',#2286);
#2076=PLANE('',#2287);
#2077=PLANE('',#2290);
#2078=PLANE('',#2291);
#2079=PLANE('',#2292);
#2080=PLANE('',#2293);
#2081=PLANE('',#2294);
#2082=PLANE('',#2295);
#2083=PLANE('',#2296);
#2084=PLANE('',#2297);
#2085=PLANE('',#2306);
#2086=PLANE('',#2307);
#2087=PLANE('',#2308);
#2088=PLANE('',#2311);
#2089=PLANE('',#2316);
#2090=PLANE('',#2319);
#2091=PLANE('',#2322);
#2092=PLANE('',#2323);
#2093=PLANE('',#2324);
#2094=PLANE('',#2329);
#2095=PLANE('',#2332);
#2096=PLANE('',#2335);
#2097=PLANE('',#2338);
#2098=PLANE('',#2341);
#2099=PLANE('',#2344);
#2100=PLANE('',#2347);
#2101=PLANE('',#2348);
#2102=PLANE('',#2349);
#2103=PLANE('',#2350);
#2104=PLANE('',#2351);
#2105=PLANE('',#2352);
#2106=PLANE('',#2353);
#2107=PLANE('',#2354);
#2108=PLANE('',#2358);
#2109=PLANE('',#2396);
#2110=PLANE('',#2400);
#2111=PLANE('',#2405);
#2112=PLANE('',#2410);
#2113=PLANE('',#2415);
#2114=PLANE('',#2420);
#2115=PLANE('',#2426);
#2116=PLANE('',#2437);
#2117=PLANE('',#2438);
#2118=PLANE('',#2439);
#2119=PLANE('',#2440);
#2120=PLANE('',#2446);
#2121=PLANE('',#2447);
#2122=PLANE('',#2448);
#2123=PLANE('',#2449);
#2124=PLANE('',#2450);
#2125=PLANE('',#2451);
#2126=PLANE('',#2452);
#2127=PLANE('',#2453);
#2128=PLANE('',#2454);
#2129=PLANE('',#2455);
#2130=PLANE('',#2456);
#2131=PLANE('',#2459);
#2132=PLANE('',#2461);
#2133=PLANE('',#2463);
#2134=PLANE('',#2464);
#2135=PLANE('',#2465);
#2136=PLANE('',#2468);
#2137=PLANE('',#2471);
#2138=PLANE('',#2472);
#2139=PLANE('',#2473);
#2140=PLANE('',#2475);
#2141=PLANE('',#2477);
#2142=PLANE('',#2479);
#2143=ADVANCED_FACE('',(#171),#2069,.F.);
#2144=ADVANCED_FACE('',(#172),#2070,.F.);
#2145=ADVANCED_FACE('',(#173),#2071,.F.);
#2146=ADVANCED_FACE('',(#174),#2072,.F.);
#2147=ADVANCED_FACE('',(#175),#2073,.F.);
#2148=ADVANCED_FACE('',(#176),#2074,.F.);
#2149=ADVANCED_FACE('',(#177),#2075,.F.);
#2150=ADVANCED_FACE('',(#178),#2076,.F.);
#2151=ADVANCED_FACE('',(#179),#2077,.F.);
#2152=ADVANCED_FACE('',(#180),#2078,.T.);
#2153=ADVANCED_FACE('',(#181),#2079,.F.);
#2154=ADVANCED_FACE('',(#182),#2080,.F.);
#2155=ADVANCED_FACE('',(#183),#2081,.F.);
#2156=ADVANCED_FACE('',(#184),#2082,.F.);
#2157=ADVANCED_FACE('',(#185),#2083,.F.);
#2158=ADVANCED_FACE('',(#186),#2084,.T.);
#2159=ADVANCED_FACE('',(#187),#59,.F.);
#2160=ADVANCED_FACE('',(#188),#60,.F.);
#2161=ADVANCED_FACE('',(#189),#2085,.F.);
#2162=ADVANCED_FACE('',(#190),#2086,.T.);
#2163=ADVANCED_FACE('',(#191),#2087,.F.);
#2164=ADVANCED_FACE('',(#192,#37),#2088,.F.);
#2165=ADVANCED_FACE('',(#193),#2089,.T.);
#2166=ADVANCED_FACE('',(#194),#33,.F.);
#2167=ADVANCED_FACE('',(#195),#2090,.T.);
#2168=ADVANCED_FACE('',(#196),#34,.F.);
#2169=ADVANCED_FACE('',(#197),#2091,.F.);
#2170=ADVANCED_FACE('',(#198),#2092,.F.);
#2171=ADVANCED_FACE('',(#199,#38,#39),#2093,.F.);
#2172=ADVANCED_FACE('',(#200),#2094,.T.);
#2173=ADVANCED_FACE('',(#201),#35,.F.);
#2174=ADVANCED_FACE('',(#202),#2095,.T.);
#2175=ADVANCED_FACE('',(#203),#36,.F.);
#2176=ADVANCED_FACE('',(#204,#40),#2096,.T.);
#2177=ADVANCED_FACE('',(#205,#41),#2097,.T.);
#2178=ADVANCED_FACE('',(#206,#42),#2098,.T.);
#2179=ADVANCED_FACE('',(#207,#43),#2099,.T.);
#2180=ADVANCED_FACE('',(#208),#2100,.F.);
#2181=ADVANCED_FACE('',(#209),#2101,.F.);
#2182=ADVANCED_FACE('',(#210),#2102,.F.);
#2183=ADVANCED_FACE('',(#211),#2103,.F.);
#2184=ADVANCED_FACE('',(#212),#2104,.F.);
#2185=ADVANCED_FACE('',(#213),#2105,.F.);
#2186=ADVANCED_FACE('',(#214),#2106,.T.);
#2187=ADVANCED_FACE('',(#215),#2107,.F.);
#2188=ADVANCED_FACE('',(#216),#2108,.F.);
#2189=ADVANCED_FACE('',(#217),#29,.F.);
#2190=ADVANCED_FACE('',(#218),#30,.F.);
#2191=ADVANCED_FACE('',(#219),#61,.T.);
#2192=ADVANCED_FACE('',(#220),#62,.T.);
#2193=ADVANCED_FACE('',(#221),#19,.T.);
#2194=ADVANCED_FACE('',(#222),#63,.T.);
#2195=ADVANCED_FACE('',(#223),#20,.T.);
#2196=ADVANCED_FACE('',(#224),#64,.T.);
#2197=ADVANCED_FACE('',(#225),#65,.T.);
#2198=ADVANCED_FACE('',(#226),#66,.T.);
#2199=ADVANCED_FACE('',(#227),#21,.T.);
#2200=ADVANCED_FACE('',(#228),#67,.T.);
#2201=ADVANCED_FACE('',(#229),#22,.T.);
#2202=ADVANCED_FACE('',(#230),#68,.T.);
#2203=ADVANCED_FACE('',(#231),#69,.T.);
#2204=ADVANCED_FACE('',(#232),#2109,.T.);
#2205=ADVANCED_FACE('',(#233),#70,.T.);
#2206=ADVANCED_FACE('',(#234),#71,.T.);
#2207=ADVANCED_FACE('',(#235,#44,#45,#46,#47,#48),#2110,.T.);
#2208=ADVANCED_FACE('',(#236,#49),#2111,.F.);
#2209=ADVANCED_FACE('',(#237),#72,.F.);
#2210=ADVANCED_FACE('',(#238),#73,.F.);
#2211=ADVANCED_FACE('',(#239,#50),#2112,.F.);
#2212=ADVANCED_FACE('',(#240),#74,.F.);
#2213=ADVANCED_FACE('',(#241),#75,.F.);
#2214=ADVANCED_FACE('',(#242,#51),#2113,.F.);
#2215=ADVANCED_FACE('',(#243),#76,.F.);
#2216=ADVANCED_FACE('',(#244),#77,.F.);
#2217=ADVANCED_FACE('',(#245,#52),#2114,.F.);
#2218=ADVANCED_FACE('',(#246),#78,.F.);
#2219=ADVANCED_FACE('',(#247),#79,.F.);
#2220=ADVANCED_FACE('',(#248),#80,.T.);
#2221=ADVANCED_FACE('',(#249,#53,#54),#2115,.F.);
#2222=ADVANCED_FACE('',(#250),#81,.T.);
#2223=ADVANCED_FACE('',(#251),#82,.T.);
#2224=ADVANCED_FACE('',(#252),#83,.T.);
#2225=ADVANCED_FACE('',(#253),#84,.F.);
#2226=ADVANCED_FACE('',(#254),#2116,.F.);
#2227=ADVANCED_FACE('',(#255),#2117,.F.);
#2228=ADVANCED_FACE('',(#256),#2118,.T.);
#2229=ADVANCED_FACE('',(#257),#2119,.F.);
#2230=ADVANCED_FACE('',(#258),#85,.F.);
#2231=ADVANCED_FACE('',(#259),#2120,.F.);
#2232=ADVANCED_FACE('',(#260),#2121,.F.);
#2233=ADVANCED_FACE('',(#261),#2122,.T.);
#2234=ADVANCED_FACE('',(#262),#31,.F.);
#2235=ADVANCED_FACE('',(#263),#2123,.F.);
#2236=ADVANCED_FACE('',(#264),#32,.F.);
#2237=ADVANCED_FACE('',(#265),#2124,.F.);
#2238=ADVANCED_FACE('',(#266),#2125,.F.);
#2239=ADVANCED_FACE('',(#267),#2126,.T.);
#2240=ADVANCED_FACE('',(#268),#2127,.F.);
#2241=ADVANCED_FACE('',(#269),#2128,.F.);
#2242=ADVANCED_FACE('',(#270),#2129,.F.);
#2243=ADVANCED_FACE('',(#271),#2130,.T.);
#2244=ADVANCED_FACE('',(#272),#2131,.F.);
#2245=ADVANCED_FACE('',(#273),#86,.F.);
#2246=ADVANCED_FACE('',(#274),#2132,.F.);
#2247=ADVANCED_FACE('',(#275),#87,.F.);
#2248=ADVANCED_FACE('',(#276),#2133,.F.);
#2249=ADVANCED_FACE('',(#277),#2134,.F.);
#2250=ADVANCED_FACE('',(#278),#2135,.F.);
#2251=ADVANCED_FACE('',(#279),#88,.F.);
#2252=ADVANCED_FACE('',(#280),#89,.F.);
#2253=ADVANCED_FACE('',(#281),#2136,.T.);
#2254=ADVANCED_FACE('',(#282),#90,.F.);
#2255=ADVANCED_FACE('',(#283),#91,.F.);
#2256=ADVANCED_FACE('',(#284),#2137,.T.);
#2257=ADVANCED_FACE('',(#285),#2138,.T.);
#2258=ADVANCED_FACE('',(#286),#2139,.T.);
#2259=ADVANCED_FACE('',(#287),#92,.T.);
#2260=ADVANCED_FACE('',(#288),#2140,.T.);
#2261=ADVANCED_FACE('',(#289),#93,.T.);
#2262=ADVANCED_FACE('',(#290),#2141,.T.);
#2263=ADVANCED_FACE('',(#291),#94,.T.);
#2264=ADVANCED_FACE('',(#292),#2142,.T.);
#2265=CLOSED_SHELL('',(#2143,#2144,#2145,#2146,#2147,#2148,#2149,#2150,
#2151,#2152,#2153,#2154,#2155,#2156,#2157,#2158,#2159,#2160,#2161,#2162,
#2163,#2164,#2165,#2166,#2167,#2168,#2169,#2170,#2171,#2172,#2173,#2174,
#2175,#2176,#2177,#2178,#2179,#2180,#2181,#2182,#2183,#2184,#2185,#2186,
#2187,#2188,#2189,#2190,#2191,#2192,#2193,#2194,#2195,#2196,#2197,#2198,
#2199,#2200,#2201,#2202,#2203,#2204,#2205,#2206,#2207,#2208,#2209,#2210,
#2211,#2212,#2213,#2214,#2215,#2216,#2217,#2218,#2219,#2220,#2221,#2222,
#2223,#2224,#2225,#2226,#2227,#2228,#2229,#2230,#2231,#2232,#2233,#2234,
#2235,#2236,#2237,#2238,#2239,#2240,#2241,#2242,#2243,#2244,#2245,#2246,
#2247,#2248,#2249,#2250,#2251,#2252,#2253,#2254,#2255,#2256,#2257,#2258,
#2259,#2260,#2261,#2262,#2263,#2264));
#2266=DERIVED_UNIT_ELEMENT(#2268,1.);
#2267=DERIVED_UNIT_ELEMENT(#3889,-3.);
#2268=(
MASS_UNIT()
NAMED_UNIT(*)
SI_UNIT(.KILO.,.GRAM.)
);
#2269=DERIVED_UNIT((#2266,#2267));
#2270=MEASURE_REPRESENTATION_ITEM('density measure',
POSITIVE_RATIO_MEASURE(7850.),#2269);
#2271=PROPERTY_DEFINITION_REPRESENTATION(#2276,#2273);
#2272=PROPERTY_DEFINITION_REPRESENTATION(#2277,#2274);
#2273=REPRESENTATION('material name',(#2275),#3886);
#2274=REPRESENTATION('density',(#2270),#3886);
#2275=DESCRIPTIVE_REPRESENTATION_ITEM('\X2\94A2\X0\','\X2\94A2\X0\');
#2276=PROPERTY_DEFINITION('material property','material name',#3901);
#2277=PROPERTY_DEFINITION('material property','density of part',#3901);
#2278=AXIS2_PLACEMENT_3D('',#3121,#2481,#2482);
#2279=AXIS2_PLACEMENT_3D('',#3122,#2483,#2484);
#2280=AXIS2_PLACEMENT_3D('',#3123,#2485,#2486);
#2281=AXIS2_PLACEMENT_3D('',#3132,#2491,#2492);
#2282=AXIS2_PLACEMENT_3D('',#3138,#2496,#2497);
#2283=AXIS2_PLACEMENT_3D('',#3144,#2501,#2502);
#2284=AXIS2_PLACEMENT_3D('',#3153,#2507,#2508);
#2285=AXIS2_PLACEMENT_3D('',#3159,#2512,#2513);
#2286=AXIS2_PLACEMENT_3D('',#3165,#2517,#2518);
#2287=AXIS2_PLACEMENT_3D('',#3175,#2524,#2525);
#2288=AXIS2_PLACEMENT_3D('',#3179,#2527,#2528);
#2289=AXIS2_PLACEMENT_3D('',#3187,#2532,#2533);
#2290=AXIS2_PLACEMENT_3D('',#3189,#2535,#2536);
#2291=AXIS2_PLACEMENT_3D('',#3192,#2539,#2540);
#2292=AXIS2_PLACEMENT_3D('',#3198,#2544,#2545);
#2293=AXIS2_PLACEMENT_3D('',#3207,#2550,#2551);
#2294=AXIS2_PLACEMENT_3D('',#3216,#2556,#2557);
#2295=AXIS2_PLACEMENT_3D('',#3219,#2560,#2561);
#2296=AXIS2_PLACEMENT_3D('',#3229,#2567,#2568);
#2297=AXIS2_PLACEMENT_3D('',#3235,#2572,#2573);
#2298=AXIS2_PLACEMENT_3D('',#3255,#2583,#2584);
#2299=AXIS2_PLACEMENT_3D('',#3259,#2586,#2587);
#2300=AXIS2_PLACEMENT_3D('',#3261,#2589,#2590);
#2301=AXIS2_PLACEMENT_3D('',#3263,#2591,#2592);
#2302=AXIS2_PLACEMENT_3D('',#3266,#2594,#2595);
#2303=AXIS2_PLACEMENT_3D('',#3267,#2596,#2597);
#2304=AXIS2_PLACEMENT_3D('',#3272,#2599,#2600);
#2305=AXIS2_PLACEMENT_3D('',#3275,#2602,#2603);
#2306=AXIS2_PLACEMENT_3D('',#3276,#2604,#2605);
#2307=AXIS2_PLACEMENT_3D('',#3282,#2609,#2610);
#2308=AXIS2_PLACEMENT_3D('',#3313,#2619,#2620);
#2309=AXIS2_PLACEMENT_3D('',#3317,#2622,#2623);
#2310=AXIS2_PLACEMENT_3D('',#3321,#2626,#2627);
#2311=AXIS2_PLACEMENT_3D('',#3322,#2628,#2629);
#2312=AXIS2_PLACEMENT_3D('',#3335,#2635,#2636);
#2313=AXIS2_PLACEMENT_3D('',#3339,#2638,#2639);
#2314=AXIS2_PLACEMENT_3D('',#3343,#2641,#2642);
#2315=AXIS2_PLACEMENT_3D('',#3346,#2644,#2645);
#2316=AXIS2_PLACEMENT_3D('',#3347,#2646,#2647);
#2317=AXIS2_PLACEMENT_3D('',#3353,#2651,#2652);
#2318=AXIS2_PLACEMENT_3D('',#3356,#2654,#2655);
#2319=AXIS2_PLACEMENT_3D('',#3357,#2656,#2657);
#2320=AXIS2_PLACEMENT_3D('',#3361,#2660,#2661);
#2321=AXIS2_PLACEMENT_3D('',#3364,#2663,#2664);
#2322=AXIS2_PLACEMENT_3D('',#3365,#2665,#2666);
#2323=AXIS2_PLACEMENT_3D('',#3371,#2670,#2671);
#2324=AXIS2_PLACEMENT_3D('',#3377,#2675,#2676);
#2325=AXIS2_PLACEMENT_3D('',#3387,#2681,#2682);
#2326=AXIS2_PLACEMENT_3D('',#3391,#2684,#2685);
#2327=AXIS2_PLACEMENT_3D('',#3396,#2688,#2689);
#2328=AXIS2_PLACEMENT_3D('',#3398,#2690,#2691);
#2329=AXIS2_PLACEMENT_3D('',#3399,#2692,#2693);
#2330=AXIS2_PLACEMENT_3D('',#3403,#2696,#2697);
#2331=AXIS2_PLACEMENT_3D('',#3406,#2699,#2700);
#2332=AXIS2_PLACEMENT_3D('',#3407,#2701,#2702);
#2333=AXIS2_PLACEMENT_3D('',#3411,#2705,#2706);
#2334=AXIS2_PLACEMENT_3D('',#3412,#2707,#2708);
#2335=AXIS2_PLACEMENT_3D('',#3413,#2709,#2710);
#2336=AXIS2_PLACEMENT_3D('',#3415,#2711,#2712);
#2337=AXIS2_PLACEMENT_3D('',#3417,#2713,#2714);
#2338=AXIS2_PLACEMENT_3D('',#3418,#2715,#2716);
#2339=AXIS2_PLACEMENT_3D('',#3420,#2717,#2718);
#2340=AXIS2_PLACEMENT_3D('',#3422,#2719,#2720);
#2341=AXIS2_PLACEMENT_3D('',#3423,#2721,#2722);
#2342=AXIS2_PLACEMENT_3D('',#3425,#2723,#2724);
#2343=AXIS2_PLACEMENT_3D('',#3427,#2725,#2726);
#2344=AXIS2_PLACEMENT_3D('',#3428,#2727,#2728);
#2345=AXIS2_PLACEMENT_3D('',#3430,#2729,#2730);
#2346=AXIS2_PLACEMENT_3D('',#3432,#2731,#2732);
#2347=AXIS2_PLACEMENT_3D('',#3433,#2733,#2734);
#2348=AXIS2_PLACEMENT_3D('',#3442,#2739,#2740);
#2349=AXIS2_PLACEMENT_3D('',#3448,#2744,#2745);
#2350=AXIS2_PLACEMENT_3D('',#3454,#2749,#2750);
#2351=AXIS2_PLACEMENT_3D('',#3463,#2755,#2756);
#2352=AXIS2_PLACEMENT_3D('',#3469,#2760,#2761);
#2353=AXIS2_PLACEMENT_3D('',#3475,#2765,#2766);
#2354=AXIS2_PLACEMENT_3D('',#3483,#2772,#2773);
#2355=AXIS2_PLACEMENT_3D('',#3487,#2775,#2776);
#2356=AXIS2_PLACEMENT_3D('',#3491,#2778,#2779);
#2357=AXIS2_PLACEMENT_3D('',#3500,#2784,#2785);
#2358=AXIS2_PLACEMENT_3D('',#3501,#2786,#2787);
#2359=AXIS2_PLACEMENT_3D('',#3535,#2789,#2790);
#2360=AXIS2_PLACEMENT_3D('',#3537,#2791,#2792);
#2361=AXIS2_PLACEMENT_3D('',#3538,#2793,#2794);
#2362=AXIS2_PLACEMENT_3D('',#3571,#2795,#2796);
#2363=AXIS2_PLACEMENT_3D('',#3573,#2797,#2798);
#2364=AXIS2_PLACEMENT_3D('',#3574,#2799,#2800);
#2365=AXIS2_PLACEMENT_3D('',#3575,#2801,#2802);
#2366=AXIS2_PLACEMENT_3D('',#3578,#2804,#2805);
#2367=AXIS2_PLACEMENT_3D('',#3580,#2807,#2808);
#2368=AXIS2_PLACEMENT_3D('',#3582,#2809,#2810);
#2369=AXIS2_PLACEMENT_3D('',#3585,#2812,#2813);
#2370=AXIS2_PLACEMENT_3D('',#3586,#2814,#2815);
#2371=AXIS2_PLACEMENT_3D('',#3588,#2816,#2817);
#2372=AXIS2_PLACEMENT_3D('',#3589,#2818,#2819);
#2373=AXIS2_PLACEMENT_3D('',#3590,#2820,#2821);
#2374=AXIS2_PLACEMENT_3D('',#3591,#2822,#2823);
#2375=AXIS2_PLACEMENT_3D('',#3593,#2824,#2825);
#2376=AXIS2_PLACEMENT_3D('',#3595,#2827,#2828);
#2377=AXIS2_PLACEMENT_3D('',#3597,#2829,#2830);
#2378=AXIS2_PLACEMENT_3D('',#3598,#2831,#2832);
#2379=AXIS2_PLACEMENT_3D('',#3599,#2833,#2834);
#2380=AXIS2_PLACEMENT_3D('',#3600,#2835,#2836);
#2381=AXIS2_PLACEMENT_3D('',#3602,#2838,#2839);
#2382=AXIS2_PLACEMENT_3D('',#3605,#2842,#2843);
#2383=AXIS2_PLACEMENT_3D('',#3609,#2845,#2846);
#2384=AXIS2_PLACEMENT_3D('',#3611,#2848,#2849);
#2385=AXIS2_PLACEMENT_3D('',#3614,#2850,#2851);
#2386=AXIS2_PLACEMENT_3D('',#3615,#2852,#2853);
#2387=AXIS2_PLACEMENT_3D('',#3616,#2854,#2855);
#2388=AXIS2_PLACEMENT_3D('',#3617,#2856,#2857);
#2389=AXIS2_PLACEMENT_3D('',#3620,#2858,#2859);
#2390=AXIS2_PLACEMENT_3D('',#3623,#2862,#2863);
#2391=AXIS2_PLACEMENT_3D('',#3626,#2864,#2865);
#2392=AXIS2_PLACEMENT_3D('',#3627,#2866,#2867);
#2393=AXIS2_PLACEMENT_3D('',#3628,#2868,#2869);
#2394=AXIS2_PLACEMENT_3D('',#3629,#2870,#2871);
#2395=AXIS2_PLACEMENT_3D('',#3632,#2874,#2875);
#2396=AXIS2_PLACEMENT_3D('',#3635,#2878,#2879);
#2397=AXIS2_PLACEMENT_3D('',#3639,#2881,#2882);
#2398=AXIS2_PLACEMENT_3D('',#3641,#2884,#2885);
#2399=AXIS2_PLACEMENT_3D('',#3642,#2886,#2887);
#2400=AXIS2_PLACEMENT_3D('',#3643,#2888,#2889);
#2401=AXIS2_PLACEMENT_3D('',#3645,#2890,#2891);
#2402=AXIS2_PLACEMENT_3D('',#3647,#2892,#2893);
#2403=AXIS2_PLACEMENT_3D('',#3649,#2894,#2895);
#2404=AXIS2_PLACEMENT_3D('',#3651,#2896,#2897);
#2405=AXIS2_PLACEMENT_3D('',#3652,#2898,#2899);
#2406=AXIS2_PLACEMENT_3D('',#3654,#2900,#2901);
#2407=AXIS2_PLACEMENT_3D('',#3656,#2902,#2903);
#2408=AXIS2_PLACEMENT_3D('',#3657,#2904,#2905);
#2409=AXIS2_PLACEMENT_3D('',#3659,#2907,#2908);
#2410=AXIS2_PLACEMENT_3D('',#3661,#2910,#2911);
#2411=AXIS2_PLACEMENT_3D('',#3663,#2912,#2913);
#2412=AXIS2_PLACEMENT_3D('',#3665,#2914,#2915);
#2413=AXIS2_PLACEMENT_3D('',#3666,#2916,#2917);
#2414=AXIS2_PLACEMENT_3D('',#3668,#2919,#2920);
#2415=AXIS2_PLACEMENT_3D('',#3670,#2922,#2923);
#2416=AXIS2_PLACEMENT_3D('',#3672,#2924,#2925);
#2417=AXIS2_PLACEMENT_3D('',#3674,#2926,#2927);
#2418=AXIS2_PLACEMENT_3D('',#3675,#2928,#2929);
#2419=AXIS2_PLACEMENT_3D('',#3677,#2931,#2932);
#2420=AXIS2_PLACEMENT_3D('',#3679,#2934,#2935);
#2421=AXIS2_PLACEMENT_3D('',#3681,#2936,#2937);
#2422=AXIS2_PLACEMENT_3D('',#3683,#2938,#2939);
#2423=AXIS2_PLACEMENT_3D('',#3684,#2940,#2941);
#2424=AXIS2_PLACEMENT_3D('',#3686,#2943,#2944);
#2425=AXIS2_PLACEMENT_3D('',#3688,#2946,#2947);
#2426=AXIS2_PLACEMENT_3D('',#3690,#2949,#2950);
#2427=AXIS2_PLACEMENT_3D('',#3694,#2952,#2953);
#2428=AXIS2_PLACEMENT_3D('',#3698,#2955,#2956);
#2429=AXIS2_PLACEMENT_3D('',#3701,#2958,#2959);
#2430=AXIS2_PLACEMENT_3D('',#3703,#2960,#2961);
#2431=AXIS2_PLACEMENT_3D('',#3704,#2962,#2963);
#2432=AXIS2_PLACEMENT_3D('',#3706,#2965,#2966);
#2433=AXIS2_PLACEMENT_3D('',#3708,#2968,#2969);
#2434=AXIS2_PLACEMENT_3D('',#3710,#2971,#2972);
#2435=AXIS2_PLACEMENT_3D('',#3713,#2973,#2974);
#2436=AXIS2_PLACEMENT_3D('',#3717,#2976,#2977);
#2437=AXIS2_PLACEMENT_3D('',#3719,#2979,#2980);
#2438=AXIS2_PLACEMENT_3D('',#3725,#2984,#2985);
#2439=AXIS2_PLACEMENT_3D('',#3728,#2988,#2989);
#2440=AXIS2_PLACEMENT_3D('',#3733,#2993,#2994);
#2441=AXIS2_PLACEMENT_3D('',#3735,#2995,#2996);
#2442=AXIS2_PLACEMENT_3D('',#3740,#2999,#3000);
#2443=AXIS2_PLACEMENT_3D('',#3744,#3002,#3003);
#2444=AXIS2_PLACEMENT_3D('',#3746,#3005,#3006);
#2445=AXIS2_PLACEMENT_3D('',#3749,#3007,#3008);
#2446=AXIS2_PLACEMENT_3D('',#3752,#3011,#3012);
#2447=AXIS2_PLACEMENT_3D('',#3754,#3014,#3015);
#2448=AXIS2_PLACEMENT_3D('',#3756,#3017,#3018);
#2449=AXIS2_PLACEMENT_3D('',#3784,#3023,#3024);
#2450=AXIS2_PLACEMENT_3D('',#3811,#3028,#3029);
#2451=AXIS2_PLACEMENT_3D('',#3813,#3031,#3032);
#2452=AXIS2_PLACEMENT_3D('',#3817,#3035,#3036);
#2453=AXIS2_PLACEMENT_3D('',#3821,#3040,#3041);
#2454=AXIS2_PLACEMENT_3D('',#3827,#3045,#3046);
#2455=AXIS2_PLACEMENT_3D('',#3829,#3048,#3049);
#2456=AXIS2_PLACEMENT_3D('',#3833,#3052,#3053);
#2457=AXIS2_PLACEMENT_3D('',#3837,#3055,#3056);
#2458=AXIS2_PLACEMENT_3D('',#3841,#3058,#3059);
#2459=AXIS2_PLACEMENT_3D('',#3846,#3063,#3064);
#2460=AXIS2_PLACEMENT_3D('',#3847,#3065,#3066);
#2461=AXIS2_PLACEMENT_3D('',#3850,#3069,#3070);
#2462=AXIS2_PLACEMENT_3D('',#3852,#3072,#3073);
#2463=AXIS2_PLACEMENT_3D('',#3854,#3075,#3076);
#2464=AXIS2_PLACEMENT_3D('',#3856,#3078,#3079);
#2465=AXIS2_PLACEMENT_3D('',#3857,#3080,#3081);
#2466=AXIS2_PLACEMENT_3D('',#3858,#3082,#3083);
#2467=AXIS2_PLACEMENT_3D('',#3860,#3085,#3086);
#2468=AXIS2_PLACEMENT_3D('',#3861,#3087,#3088);
#2469=AXIS2_PLACEMENT_3D('',#3863,#3090,#3091);
#2470=AXIS2_PLACEMENT_3D('',#3864,#3092,#3093);
#2471=AXIS2_PLACEMENT_3D('',#3866,#3095,#3096);
#2472=AXIS2_PLACEMENT_3D('',#3867,#3097,#3098);
#2473=AXIS2_PLACEMENT_3D('',#3868,#3099,#3100);
#2474=AXIS2_PLACEMENT_3D('',#3870,#3102,#3103);
#2475=AXIS2_PLACEMENT_3D('',#3872,#3105,#3106);
#2476=AXIS2_PLACEMENT_3D('',#3874,#3108,#3109);
#2477=AXIS2_PLACEMENT_3D('',#3876,#3111,#3112);
#2478=AXIS2_PLACEMENT_3D('',#3878,#3114,#3115);
#2479=AXIS2_PLACEMENT_3D('',#3880,#3117,#3118);
#2480=AXIS2_PLACEMENT_3D('',#3881,#3119,#3120);
#2481=DIRECTION('axis',(0.,0.,1.));
#2482=DIRECTION('refdir',(1.,0.,0.));
#2483=DIRECTION('axis',(0.,0.,1.));
#2484=DIRECTION('refdir',(1.,0.,0.));
#2485=DIRECTION('center_axis',(0.,1.,0.));
#2486=DIRECTION('ref_axis',(0.,0.,1.));
#2487=DIRECTION('',(0.,0.,1.));
#2488=DIRECTION('',(1.,0.,0.));
#2489=DIRECTION('',(0.,0.,-1.));
#2490=DIRECTION('',(1.,0.,0.));
#2491=DIRECTION('center_axis',(0.,0.,-1.));
#2492=DIRECTION('ref_axis',(0.,1.,0.));
#2493=DIRECTION('',(-9.757476753076E-16,1.,0.));
#2494=DIRECTION('',(1.,0.,0.));
#2495=DIRECTION('',(9.49674337310935E-16,-1.,0.));
#2496=DIRECTION('center_axis',(0.,-1.,0.));
#2497=DIRECTION('ref_axis',(0.,0.,-1.));
#2498=DIRECTION('',(0.,0.,-1.));
#2499=DIRECTION('',(-1.,0.,0.));
#2500=DIRECTION('',(0.,0.,1.));
#2501=DIRECTION('center_axis',(0.,1.,0.));
#2502=DIRECTION('ref_axis',(0.,0.,1.));
#2503=DIRECTION('',(0.,0.,1.));
#2504=DIRECTION('',(1.,0.,0.));
#2505=DIRECTION('',(0.,0.,-1.));
#2506=DIRECTION('',(1.,0.,0.));
#2507=DIRECTION('center_axis',(0.,0.,-1.));
#2508=DIRECTION('ref_axis',(0.,1.,0.));
#2509=DIRECTION('',(-9.757476753076E-16,1.,0.));
#2510=DIRECTION('',(1.,0.,0.));
#2511=DIRECTION('',(9.49674337310935E-16,-1.,0.));
#2512=DIRECTION('center_axis',(0.,-1.,0.));
#2513=DIRECTION('ref_axis',(0.,0.,-1.));
#2514=DIRECTION('',(0.,0.,-1.));
#2515=DIRECTION('',(-1.,0.,0.));
#2516=DIRECTION('',(0.,0.,1.));
#2517=DIRECTION('center_axis',(0.,0.,-1.));
#2518=DIRECTION('ref_axis',(-1.,0.,0.));
#2519=DIRECTION('',(9.757476753076E-16,-1.,0.));
#2520=DIRECTION('',(-0.999999935994213,-0.000357787045896714,0.));
#2521=DIRECTION('',(0.000357787045646469,-0.999999935994213,0.));
#2522=DIRECTION('',(0.999999935994213,0.000357787045897389,0.));
#2523=DIRECTION('',(-9.49674337310935E-16,1.,0.));
#2524=DIRECTION('center_axis',(0.,0.,-1.));
#2525=DIRECTION('ref_axis',(-1.,0.,0.));
#2526=DIRECTION('',(-9.49674337310935E-16,1.,0.));
#2527=DIRECTION('center_axis',(0.,0.,-1.));
#2528=DIRECTION('ref_axis',(-1.,3.35966076165856E-15,0.));
#2529=DIRECTION('',(0.999999993180132,-0.000116789280897317,0.));
#2530=DIRECTION('',(0.000116789280533899,0.999999993180132,0.));
#2531=DIRECTION('',(-0.999999993180132,0.000116789280190961,0.));
#2532=DIRECTION('center_axis',(0.,0.,1.));
#2533=DIRECTION('ref_axis',(-1.,2.61717352554673E-15,0.));
#2534=DIRECTION('',(9.757476753076E-16,-1.,0.));
#2535=DIRECTION('center_axis',(0.,0.,-1.));
#2536=DIRECTION('ref_axis',(-1.,0.,0.));
#2537=DIRECTION('',(9.757476753076E-16,-1.,0.));
#2538=DIRECTION('',(-9.49674337310935E-16,1.,0.));
#2539=DIRECTION('center_axis',(-1.,-9.757476753076E-16,0.));
#2540=DIRECTION('ref_axis',(-9.757476753076E-16,1.,0.));
#2541=DIRECTION('',(0.,0.,-1.));
#2542=DIRECTION('',(-9.757476753076E-16,1.,0.));
#2543=DIRECTION('',(0.,0.,-1.));
#2544=DIRECTION('center_axis',(0.,1.,0.));
#2545=DIRECTION('ref_axis',(0.,0.,-1.));
#2546=DIRECTION('',(1.,0.,0.));
#2547=DIRECTION('',(0.,0.,1.));
#2548=DIRECTION('',(-1.,0.,0.));
#2549=DIRECTION('',(0.,0.,-1.));
#2550=DIRECTION('center_axis',(0.,-1.,0.));
#2551=DIRECTION('ref_axis',(0.,0.,1.));
#2552=DIRECTION('',(-1.,0.,0.));
#2553=DIRECTION('',(0.,0.,1.));
#2554=DIRECTION('',(-1.,0.,0.));
#2555=DIRECTION('',(0.,0.,-1.));
#2556=DIRECTION('center_axis',(0.,0.,-1.));
#2557=DIRECTION('ref_axis',(0.,-1.,0.));
#2558=DIRECTION('',(1.77953184242038E-14,-1.,0.));
#2559=DIRECTION('',(-1.78440769246378E-14,1.,0.));
#2560=DIRECTION('center_axis',(0.,0.,-1.));
#2561=DIRECTION('ref_axis',(-1.,0.,0.));
#2562=DIRECTION('',(1.78440769246378E-14,-1.,0.));
#2563=DIRECTION('',(0.999999958729993,-0.000287297777666089,0.));
#2564=DIRECTION('',(0.000287297778034379,0.999999958729992,0.));
#2565=DIRECTION('',(-0.999999958729993,0.000287297777666137,0.));
#2566=DIRECTION('',(-1.77953184242038E-14,1.,0.));
#2567=DIRECTION('center_axis',(0.,0.,-1.));
#2568=DIRECTION('ref_axis',(-1.,0.,0.));
#2569=DIRECTION('',(-1.77953184242038E-14,1.,0.));
#2570=DIRECTION('',(-1.,0.,0.));
#2571=DIRECTION('',(1.78440769246378E-14,-1.,0.));
#2572=DIRECTION('center_axis',(1.,1.77953184242038E-14,0.));
#2573=DIRECTION('ref_axis',(1.77953184242038E-14,-1.,0.));
#2574=DIRECTION('',(0.,0.,1.));
#2575=DIRECTION('',(1.77953184242038E-14,-1.,0.));
#2576=DIRECTION('',(0.,0.,-1.));
#2577=DIRECTION('',(-1.77953184242038E-14,1.,0.));
#2578=DIRECTION('',(0.,0.,-1.));
#2579=DIRECTION('',(1.77953184242038E-14,-1.,0.));
#2580=DIRECTION('',(0.,0.,1.));
#2581=DIRECTION('',(-1.77953184242038E-14,1.,0.));
#2582=DIRECTION('',(9.21982715900612E-28,-5.18104084412786E-14,-1.));
#2583=DIRECTION('center_axis',(-1.,-1.77953184242038E-14,0.));
#2584=DIRECTION('ref_axis',(0.,6.9935309282645E-15,-1.));
#2585=DIRECTION('',(1.77953184242038E-14,-1.,-8.35866768543759E-15));
#2586=DIRECTION('center_axis',(-1.,-1.77953184242038E-14,0.));
#2587=DIRECTION('ref_axis',(0.,-1.,-8.74191366033024E-16));
#2588=DIRECTION('',(1.4883435270967E-26,-8.3636802198064E-13,1.));
#2589=DIRECTION('center_axis',(-0.000116789280533899,-0.999999993180132,
0.));
#2590=DIRECTION('ref_axis',(0.,0.,-1.));
#2591=DIRECTION('center_axis',(0.000116789280897317,0.999999993180132,0.));
#2592=DIRECTION('ref_axis',(0.,0.,-1.));
#2593=DIRECTION('',(-0.000116789280533899,-0.999999993180132,0.));
#2594=DIRECTION('center_axis',(-0.000116789280190961,-0.999999993180132,
0.));
#2595=DIRECTION('ref_axis',(0.,0.,-1.));
#2596=DIRECTION('center_axis',(-0.000116789280532418,-0.999999993180132,
0.));
#2597=DIRECTION('ref_axis',(0.,0.,-1.));
#2598=DIRECTION('',(0.000116789280532418,0.999999993180132,0.));
#2599=DIRECTION('center_axis',(0.000116789280897317,0.999999993180132,0.));
#2600=DIRECTION('ref_axis',(0.,0.,-1.));
#2601=DIRECTION('',(-0.000116789280532418,-0.999999993180132,0.));
#2602=DIRECTION('center_axis',(-0.000116789280190961,-0.999999993180132,
0.));
#2603=DIRECTION('ref_axis',(0.,0.,-1.));
#2604=DIRECTION('center_axis',(0.,0.,-1.));
#2605=DIRECTION('ref_axis',(-1.,0.,0.));
#2606=DIRECTION('',(0.999999993180132,-0.000116789280897317,0.));
#2607=DIRECTION('',(0.000116789279318574,0.999999993180132,0.));
#2608=DIRECTION('',(-0.999999993180132,0.000116789280190961,0.));
#2609=DIRECTION('center_axis',(0.000116789280190961,0.999999993180132,0.));
#2610=DIRECTION('ref_axis',(0.999999993180132,-0.000116789280190961,0.));
#2611=DIRECTION('',(-1.3457248877537E-14,1.5716624204767E-18,-1.));
#2612=DIRECTION('',(0.999999993180132,-0.000116789280190961,3.73234922038443E-14));
#2613=DIRECTION('',(6.72862443877632E-15,-7.85831210239264E-19,1.));
#2614=DIRECTION('',(-0.999999993180132,0.000116789280190961,0.));
#2615=DIRECTION('',(-0.999999993180132,0.000116789280190961,0.));
#2616=DIRECTION('',(0.,0.,-1.));
#2617=DIRECTION('',(0.999999993180132,-0.000116789280190961,0.));
#2618=DIRECTION('',(0.,0.,-1.));
#2619=DIRECTION('center_axis',(0.,0.,-1.));
#2620=DIRECTION('ref_axis',(-1.,0.,0.));
#2621=DIRECTION('',(0.999999993180132,-0.000116789280897317,0.));
#2622=DIRECTION('center_axis',(0.,0.,-1.));
#2623=DIRECTION('ref_axis',(3.31329025956235E-6,0.999999999994511,0.));
#2624=DIRECTION('',(1.78440769246378E-14,-1.,0.));
#2625=DIRECTION('',(1.,0.,0.));
#2626=DIRECTION('center_axis',(0.,0.,1.));
#2627=DIRECTION('ref_axis',(1.54863048976087E-5,0.999999999880087,0.));
#2628=DIRECTION('center_axis',(0.,0.,-1.));
#2629=DIRECTION('ref_axis',(-1.,0.,0.));
#2630=DIRECTION('',(6.75810094810237E-15,-1.,0.));
#2631=DIRECTION('',(1.,0.,0.));
#2632=DIRECTION('',(0.,1.,0.));
#2633=DIRECTION('',(-1.,0.,0.));
#2634=DIRECTION('',(1.,0.,0.));
#2635=DIRECTION('center_axis',(0.,0.,1.));
#2636=DIRECTION('ref_axis',(0.,-1.,0.));
#2637=DIRECTION('',(-1.742429900451E-14,-1.,0.));
#2638=DIRECTION('center_axis',(0.,0.,1.));
#2639=DIRECTION('ref_axis',(-1.,0.,0.));
#2640=DIRECTION('',(-1.,2.32323983311852E-14,0.));
#2641=DIRECTION('center_axis',(0.,0.,1.));
#2642=DIRECTION('ref_axis',(3.49675843837337E-14,1.,0.));
#2643=DIRECTION('',(1.73472003363484E-14,1.,0.));
#2644=DIRECTION('center_axis',(0.,0.,1.));
#2645=DIRECTION('ref_axis',(1.,-1.20201071319085E-14,0.));
#2646=DIRECTION('center_axis',(-1.6427786403208E-14,-0.707106781186545,
-0.70710678118655));
#2647=DIRECTION('ref_axis',(-1.,0.,2.3232398331185E-14));
#2648=DIRECTION('',(1.67476528926269E-14,0.70710678118655,-0.707106781186545));
#2649=DIRECTION('',(1.,-2.32323983311852E-14,0.));
#2650=DIRECTION('',(-1.67476528926269E-14,-0.70710678118655,0.707106781186545));
#2651=DIRECTION('center_axis',(0.,0.,-1.));
#2652=DIRECTION('ref_axis',(-1.,0.,0.));
#2653=DIRECTION('',(-0.707106781186546,0.,-0.707106781186549));
#2654=DIRECTION('center_axis',(0.,0.,-1.));
#2655=DIRECTION('ref_axis',(-1.,0.,0.));
#2656=DIRECTION('center_axis',(0.707106781186547,-1.2320839983511E-14,-0.707106781186548));
#2657=DIRECTION('ref_axis',(-0.707106781186548,0.,-0.707106781186547));
#2658=DIRECTION('',(-0.707106781186548,1.18411139592401E-14,-0.707106781186547));
#2659=DIRECTION('',(1.742429900451E-14,1.,0.));
#2660=DIRECTION('center_axis',(0.,0.,-1.));
#2661=DIRECTION('ref_axis',(0.,-1.,0.));
#2662=DIRECTION('',(0.,-0.707106781186547,-0.707106781186548));
#2663=DIRECTION('center_axis',(0.,0.,-1.));
#2664=DIRECTION('ref_axis',(0.,-1.,0.));
#2665=DIRECTION('center_axis',(0.,1.,0.));
#2666=DIRECTION('ref_axis',(1.,0.,0.));
#2667=DIRECTION('',(1.,0.,0.));
#2668=DIRECTION('',(0.,0.,-1.));
#2669=DIRECTION('',(0.,0.,-1.));
#2670=DIRECTION('center_axis',(0.,-1.,0.));
#2671=DIRECTION('ref_axis',(-1.,0.,0.));
#2672=DIRECTION('',(-1.,0.,0.));
#2673=DIRECTION('',(0.,0.,-1.));
#2674=DIRECTION('',(0.,0.,-1.));
#2675=DIRECTION('center_axis',(0.,0.,-1.));
#2676=DIRECTION('ref_axis',(-1.,0.,0.));
#2677=DIRECTION('',(6.75810094810237E-15,-1.,0.));
#2678=DIRECTION('',(0.,1.,0.));
#2679=DIRECTION('',(0.999999935994213,0.000357787045897389,0.));
#2680=DIRECTION('',(-5.67338143830029E-16,1.,0.));
#2681=DIRECTION('center_axis',(0.,0.,-1.));
#2682=DIRECTION('ref_axis',(1.60423801369439E-12,-1.,0.));
#2683=DIRECTION('',(-1.,1.07250899522661E-13,0.));
#2684=DIRECTION('center_axis',(0.,0.,-1.));
#2685=DIRECTION('ref_axis',(1.,-9.32305861360171E-14,0.));
#2686=DIRECTION('',(0.,-1.,0.));
#2687=DIRECTION('',(0.999999958729993,-0.000287297777666089,0.));
#2688=DIRECTION('center_axis',(0.,0.,-1.));
#2689=DIRECTION('ref_axis',(1.,0.,0.));
#2690=DIRECTION('center_axis',(0.,0.,-1.));
#2691=DIRECTION('ref_axis',(1.,0.,0.));
#2692=DIRECTION('center_axis',(0.,0.707106781186547,-0.707106781186548));
#2693=DIRECTION('ref_axis',(-1.,0.,0.));
#2694=DIRECTION('',(0.,-0.707106781186548,-0.707106781186547));
#2695=DIRECTION('',(-1.,0.,0.));
#2696=DIRECTION('center_axis',(0.,0.,-1.));
#2697=DIRECTION('ref_axis',(1.,-1.20201071319085E-14,0.));
#2698=DIRECTION('',(0.707106781186548,-8.50466748453711E-15,-0.707106781186548));
#2699=DIRECTION('center_axis',(0.,0.,-1.));
#2700=DIRECTION('ref_axis',(1.,-1.20201071319085E-14,0.));
#2701=DIRECTION('center_axis',(-0.707106781186547,1.22663229924335E-14,
-0.707106781186548));
#2702=DIRECTION('ref_axis',(-0.707106781186548,0.,0.707106781186547));
#2703=DIRECTION('',(0.707106781186548,-1.25607396694702E-14,-0.707106781186547));
#2704=DIRECTION('',(-1.73472003363484E-14,-1.,0.));
#2705=DIRECTION('center_axis',(0.,0.,-1.));
#2706=DIRECTION('ref_axis',(3.49675843837337E-14,1.,0.));
#2707=DIRECTION('center_axis',(0.,0.,-1.));
#2708=DIRECTION('ref_axis',(3.49675843837337E-14,1.,0.));
#2709=DIRECTION('center_axis',(0.,0.,1.));
#2710=DIRECTION('ref_axis',(1.,0.,0.));
#2711=DIRECTION('center_axis',(0.,0.,-1.));
#2712=DIRECTION('ref_axis',(1.,0.,0.));
#2713=DIRECTION('center_axis',(0.,0.,1.));
#2714=DIRECTION('ref_axis',(-1.,0.,0.));
#2715=DIRECTION('center_axis',(0.,0.,1.));
#2716=DIRECTION('ref_axis',(1.,0.,0.));
#2717=DIRECTION('center_axis',(0.,0.,-1.));
#2718=DIRECTION('ref_axis',(1.,0.,0.));
#2719=DIRECTION('center_axis',(0.,0.,1.));
#2720=DIRECTION('ref_axis',(-1.,0.,0.));
#2721=DIRECTION('center_axis',(0.,0.,1.));
#2722=DIRECTION('ref_axis',(1.,0.,0.));
#2723=DIRECTION('center_axis',(0.,0.,-1.));
#2724=DIRECTION('ref_axis',(1.,0.,0.));
#2725=DIRECTION('center_axis',(0.,0.,1.));
#2726=DIRECTION('ref_axis',(-1.,0.,0.));
#2727=DIRECTION('center_axis',(0.,0.,1.));
#2728=DIRECTION('ref_axis',(1.,0.,0.));
#2729=DIRECTION('center_axis',(0.,0.,-1.));
#2730=DIRECTION('ref_axis',(1.,0.,0.));
#2731=DIRECTION('center_axis',(0.,0.,1.));
#2732=DIRECTION('ref_axis',(-1.,0.,0.));
#2733=DIRECTION('center_axis',(-8.98819418306739E-18,0.,-1.));
#2734=DIRECTION('ref_axis',(-1.,0.,8.98819418306739E-18));
#2735=DIRECTION('',(1.,-1.07250899522661E-13,-8.98819418306739E-18));
#2736=DIRECTION('',(0.,1.,0.));
#2737=DIRECTION('',(-1.,1.07280666633269E-13,8.98819418306739E-18));
#2738=DIRECTION('',(0.,1.,0.));
#2739=DIRECTION('center_axis',(1.,0.,0.));
#2740=DIRECTION('ref_axis',(0.,0.,-1.));
#2741=DIRECTION('',(0.,0.,1.));
#2742=DIRECTION('',(0.,0.,-1.));
#2743=DIRECTION('',(0.,-1.,0.));
#2744=DIRECTION('center_axis',(-1.,0.,0.));
#2745=DIRECTION('ref_axis',(0.,0.,1.));
#2746=DIRECTION('',(0.,0.,-1.));
#2747=DIRECTION('',(0.,1.,0.));
#2748=DIRECTION('',(0.,0.,1.));
#2749=DIRECTION('center_axis',(1.,0.,0.));
#2750=DIRECTION('ref_axis',(0.,0.,-1.));
#2751=DIRECTION('',(0.,0.,1.));
#2752=DIRECTION('',(0.,1.,0.));
#2753=DIRECTION('',(0.,0.,-1.));
#2754=DIRECTION('',(0.,-1.,0.));
#2755=DIRECTION('center_axis',(-8.98819418306739E-18,0.,-1.));
#2756=DIRECTION('ref_axis',(-1.,0.,8.98819418306739E-18));
#2757=DIRECTION('',(1.,-1.07250899522661E-13,-8.98819418306739E-18));
#2758=DIRECTION('',(0.,1.,0.));
#2759=DIRECTION('',(-1.,1.07280666633269E-13,8.98819418306739E-18));
#2760=DIRECTION('center_axis',(-1.,0.,0.));
#2761=DIRECTION('ref_axis',(0.,0.,1.));
#2762=DIRECTION('',(0.,0.,-1.));
#2763=DIRECTION('',(0.,1.,0.));
#2764=DIRECTION('',(0.,0.,1.));
#2765=DIRECTION('center_axis',(1.07250899522661E-13,1.,0.));
#2766=DIRECTION('ref_axis',(1.,-1.07250899522661E-13,0.));
#2767=DIRECTION('',(-1.,1.07250899522661E-13,0.));
#2768=DIRECTION('',(-1.,1.07250899522661E-13,0.));
#2769=DIRECTION('',(0.,0.,-1.));
#2770=DIRECTION('',(0.,0.,-1.));
#2771=DIRECTION('',(-1.,1.07250899522661E-13,0.));
#2772=DIRECTION('center_axis',(0.,0.,-1.));
#2773=DIRECTION('ref_axis',(-1.,0.,0.));
#2774=DIRECTION('',(1.,-1.07280666633269E-13,0.));
#2775=DIRECTION('center_axis',(0.,0.,1.));
#2776=DIRECTION('ref_axis',(1.,-6.85372317002504E-14,0.));
#2777=DIRECTION('',(1.41780056547745E-16,1.,0.));
#2778=DIRECTION('center_axis',(0.,0.,1.));
#2779=DIRECTION('ref_axis',(0.000287297777667264,0.999999958729993,0.));
#2780=DIRECTION('',(-0.999999958729993,0.000287297777666137,0.));
#2781=DIRECTION('',(-0.000287297778034379,-0.999999958729992,0.));
#2782=DIRECTION('',(0.999999958729993,-0.000287297777666089,0.));
#2783=DIRECTION('',(0.,-1.,0.));
#2784=DIRECTION('center_axis',(0.,0.,-1.));
#2785=DIRECTION('ref_axis',(1.,-9.32305861360171E-14,0.));
#2786=DIRECTION('center_axis',(0.,0.,-1.));
#2787=DIRECTION('ref_axis',(-1.,0.,0.));
#2788=DIRECTION('',(1.,-1.07280666633269E-13,0.));
#2789=DIRECTION('center_axis',(-0.97007610240974,-0.242801061640036,1.4825983096991E-15));
#2790=DIRECTION('ref_axis',(-0.242801061640036,0.97007610240974,0.));
#2791=DIRECTION('center_axis',(0.242453965436391,0.970162911393839,0.));
#2792=DIRECTION('ref_axis',(-0.970162911393839,0.242453965436391,0.));
#2793=DIRECTION('center_axis',(0.,0.,-1.));
#2794=DIRECTION('ref_axis',(-1.,-7.40148683083436E-16,0.));
#2795=DIRECTION('center_axis',(-0.242470051666682,0.970158891133178,-5.38546369240432E-16));
#2796=DIRECTION('ref_axis',(0.970158891133178,0.242470051666682,0.));
#2797=DIRECTION('center_axis',(0.970089189987718,-0.242748766153348,-1.07701535466433E-15));
#2798=DIRECTION('ref_axis',(0.242748766153348,0.970089189987718,0.));
#2799=DIRECTION('center_axis',(-3.7007434154172E-16,-3.69968035274405E-16,
-1.));
#2800=DIRECTION('ref_axis',(0.000287297777665784,0.999999958729993,-3.70074341541718E-16));
#2801=DIRECTION('center_axis',(0.999999958729993,-0.000287297777666137,
0.));
#2802=DIRECTION('ref_axis',(0.000203150206807301,0.707106752004246,-0.707106781186547));
#2803=DIRECTION('',(-0.999999958729993,0.000287297777666137,0.));
#2804=DIRECTION('center_axis',(0.707005198786527,-0.707208348995417,1.96346133575306E-16));
#2805=DIRECTION('ref_axis',(-0.707208348995417,-0.707005198786527,1.96402551488674E-16));
#2806=DIRECTION('',(0.999999958729993,-0.000287297777666137,0.));
#2807=DIRECTION('center_axis',(-9.757476753076E-16,1.,0.));
#2808=DIRECTION('ref_axis',(-0.707106781186549,0.,-0.707106781186546));
#2809=DIRECTION('center_axis',(0.,-1.,0.));
#2810=DIRECTION('ref_axis',(-1.,0.,0.));
#2811=DIRECTION('',(9.757476753076E-16,-1.,0.));
#2812=DIRECTION('center_axis',(0.706980273046605,0.707233266697027,0.));
#2813=DIRECTION('ref_axis',(0.707233266697027,-0.706980273046605,0.));
#2814=DIRECTION('center_axis',(0.,0.,-1.));
#2815=DIRECTION('ref_axis',(-1.,0.,0.));
#2816=DIRECTION('center_axis',(-0.999999999880087,1.54863046120113E-5,0.));
#2817=DIRECTION('ref_axis',(1.54863046120113E-5,0.999999999880087,0.));
#2818=DIRECTION('center_axis',(0.,0.,1.));
#2819=DIRECTION('ref_axis',(-0.707101305929846,0.707112256400854,0.));
#2820=DIRECTION('center_axis',(0.,0.,-1.));
#2821=DIRECTION('ref_axis',(-0.707101305929846,0.707112256400854,0.));
#2822=DIRECTION('center_axis',(0.999999993180132,-0.000116789280190961,
0.));
#2823=DIRECTION('ref_axis',(8.25824919915298E-5,0.707106776364174,-0.707106781186546));
#2824=DIRECTION('center_axis',(-0.999999993180132,0.000116789280191765,
0.));
#2825=DIRECTION('ref_axis',(0.000116789280191765,0.999999993180132,0.));
#2826=DIRECTION('',(-0.999999993180132,0.000116789280190961,0.));
#2827=DIRECTION('center_axis',(0.,0.,-1.));
#2828=DIRECTION('ref_axis',(-1.,0.,0.));
#2829=DIRECTION('center_axis',(-1.77635683940025E-14,1.,0.));
#2830=DIRECTION('ref_axis',(1.,1.77635683940025E-14,0.));
#2831=DIRECTION('center_axis',(0.,0.,1.));
#2832=DIRECTION('ref_axis',(0.707112256400947,0.707101305929752,0.));
#2833=DIRECTION('center_axis',(0.,0.,-1.));
#2834=DIRECTION('ref_axis',(0.707112256400947,0.707101305929752,0.));
#2835=DIRECTION('center_axis',(1.77953184242038E-14,-1.,0.));
#2836=DIRECTION('ref_axis',(0.707106781186547,1.25607396694702E-14,-0.707106781186548));
#2837=DIRECTION('',(-1.77953184242038E-14,1.,0.));
#2838=DIRECTION('center_axis',(0.999999935994213,0.000357787045896714,0.));
#2839=DIRECTION('ref_axis',(-0.000252993646371375,0.707106735927622,-0.707106781186547));
#2840=DIRECTION('',(0.999999935994213,0.000357787045896714,0.));
#2841=DIRECTION('',(-0.999999935994213,-0.000357787045896714,0.));
#2842=DIRECTION('center_axis',(-1.41780056547745E-16,-1.,0.));
#2843=DIRECTION('ref_axis',(0.707106781186548,0.,-0.707106781186547));
#2844=DIRECTION('',(-1.41780056547745E-16,-1.,0.));
#2845=DIRECTION('center_axis',(0.,1.,0.));
#2846=DIRECTION('ref_axis',(1.,0.,0.));
#2847=DIRECTION('',(1.41780056547745E-16,1.,0.));
#2848=DIRECTION('center_axis',(0.,0.,-1.));
#2849=DIRECTION('ref_axis',(-1.,0.,0.));
#2850=DIRECTION('center_axis',(1.,-1.06581410364015E-13,0.));
#2851=DIRECTION('ref_axis',(-1.06581410364015E-13,-1.,0.));
#2852=DIRECTION('center_axis',(0.,0.,1.));
#2853=DIRECTION('ref_axis',(0.707106781186486,-0.707106781186609,0.));
#2854=DIRECTION('center_axis',(0.,0.,-1.));
#2855=DIRECTION('ref_axis',(0.707106781186486,-0.707106781186609,0.));
#2856=DIRECTION('center_axis',(-1.,1.07280666633269E-13,0.));
#2857=DIRECTION('ref_axis',(-7.61494842461631E-14,-0.707106781186548,-0.707106781186547));
#2858=DIRECTION('center_axis',(1.,-1.06581410364015E-13,0.));
#2859=DIRECTION('ref_axis',(-1.06581410364015E-13,-1.,0.));
#2860=DIRECTION('',(1.,-1.07280666633269E-13,0.));
#2861=DIRECTION('',(-1.,1.07280666633269E-13,0.));
#2862=DIRECTION('center_axis',(0.,0.,-1.));
#2863=DIRECTION('ref_axis',(-1.,0.,0.));
#2864=DIRECTION('center_axis',(0.,-1.,0.));
#2865=DIRECTION('ref_axis',(-1.,0.,0.));
#2866=DIRECTION('center_axis',(0.,0.,1.));
#2867=DIRECTION('ref_axis',(-0.70710678118614,-0.707106781186955,0.));
#2868=DIRECTION('center_axis',(0.,0.,-1.));
#2869=DIRECTION('ref_axis',(-0.70710678118614,-0.707106781186955,0.));
#2870=DIRECTION('center_axis',(-5.67338143830029E-16,1.,0.));
#2871=DIRECTION('ref_axis',(-0.707106781186546,-7.85046229341889E-16,-0.707106781186549));
#2872=DIRECTION('',(5.67338143830029E-16,-1.,0.));
#2873=DIRECTION('',(-5.67338143830029E-16,1.,0.));
#2874=DIRECTION('center_axis',(0.,0.,-1.));
#2875=DIRECTION('ref_axis',(0.000287297777667264,0.999999958729993,0.));
#2876=DIRECTION('',(0.,0.,-1.));
#2877=DIRECTION('',(0.,0.,-1.));
#2878=DIRECTION('center_axis',(0.000287297777666137,0.999999958729993,0.));
#2879=DIRECTION('ref_axis',(0.999999958729993,-0.000287297777666137,0.));
#2880=DIRECTION('',(8.13759293958196E-29,-2.33791246357921E-32,-1.));
#2881=DIRECTION('center_axis',(-0.000287297777666137,-0.999999958729993,
0.));
#2882=DIRECTION('ref_axis',(0.,0.,-1.));
#2883=DIRECTION('',(0.,0.,1.));
#2884=DIRECTION('center_axis',(0.,0.,-1.));
#2885=DIRECTION('ref_axis',(1.54863048976087E-5,0.999999999880087,0.));
#2886=DIRECTION('center_axis',(0.,0.,-1.));
#2887=DIRECTION('ref_axis',(-1.,2.61717352554673E-15,0.));
#2888=DIRECTION('center_axis',(0.,0.,-1.));
#2889=DIRECTION('ref_axis',(-1.,0.,0.));
#2890=DIRECTION('center_axis',(0.,0.,1.));
#2891=DIRECTION('ref_axis',(-1.,0.,0.));
#2892=DIRECTION('center_axis',(0.,0.,1.));
#2893=DIRECTION('ref_axis',(-1.,0.,0.));
#2894=DIRECTION('center_axis',(0.,0.,1.));
#2895=DIRECTION('ref_axis',(-1.,0.,0.));
#2896=DIRECTION('center_axis',(0.,0.,1.));
#2897=DIRECTION('ref_axis',(-1.,0.,0.));
#2898=DIRECTION('center_axis',(0.,0.,1.));
#2899=DIRECTION('ref_axis',(-1.,0.,0.));
#2900=DIRECTION('center_axis',(0.,0.,1.));
#2901=DIRECTION('ref_axis',(-1.,0.,0.));
#2902=DIRECTION('center_axis',(0.,0.,1.));
#2903=DIRECTION('ref_axis',(-1.,0.,0.));
#2904=DIRECTION('center_axis',(0.,0.,1.));
#2905=DIRECTION('ref_axis',(-1.,0.,0.));
#2906=DIRECTION('',(0.,0.,1.));
#2907=DIRECTION('center_axis',(0.,0.,1.));
#2908=DIRECTION('ref_axis',(-1.,0.,0.));
#2909=DIRECTION('',(0.,0.,1.));
#2910=DIRECTION('center_axis',(0.,0.,1.));
#2911=DIRECTION('ref_axis',(-1.,0.,0.));
#2912=DIRECTION('center_axis',(0.,0.,1.));
#2913=DIRECTION('ref_axis',(-1.,0.,0.));
#2914=DIRECTION('center_axis',(0.,0.,1.));
#2915=DIRECTION('ref_axis',(-1.,0.,0.));
#2916=DIRECTION('center_axis',(0.,0.,1.));
#2917=DIRECTION('ref_axis',(-1.,0.,0.));
#2918=DIRECTION('',(0.,0.,1.));
#2919=DIRECTION('center_axis',(0.,0.,1.));
#2920=DIRECTION('ref_axis',(-1.,0.,0.));
#2921=DIRECTION('',(0.,0.,1.));
#2922=DIRECTION('center_axis',(0.,0.,1.));
#2923=DIRECTION('ref_axis',(-1.,0.,0.));
#2924=DIRECTION('center_axis',(0.,0.,1.));
#2925=DIRECTION('ref_axis',(-1.,0.,0.));
#2926=DIRECTION('center_axis',(0.,0.,1.));
#2927=DIRECTION('ref_axis',(-1.,0.,0.));
#2928=DIRECTION('center_axis',(0.,0.,1.));
#2929=DIRECTION('ref_axis',(-1.,0.,0.));
#2930=DIRECTION('',(0.,0.,1.));
#2931=DIRECTION('center_axis',(0.,0.,1.));
#2932=DIRECTION('ref_axis',(-1.,0.,0.));
#2933=DIRECTION('',(0.,0.,1.));
#2934=DIRECTION('center_axis',(0.,0.,1.));
#2935=DIRECTION('ref_axis',(-1.,0.,0.));
#2936=DIRECTION('center_axis',(0.,0.,1.));
#2937=DIRECTION('ref_axis',(-1.,0.,0.));
#2938=DIRECTION('center_axis',(0.,0.,1.));
#2939=DIRECTION('ref_axis',(-1.,0.,0.));
#2940=DIRECTION('center_axis',(0.,0.,1.));
#2941=DIRECTION('ref_axis',(-1.,0.,0.));
#2942=DIRECTION('',(0.,0.,1.));
#2943=DIRECTION('center_axis',(0.,0.,1.));
#2944=DIRECTION('ref_axis',(-1.,0.,0.));
#2945=DIRECTION('',(0.,0.,1.));
#2946=DIRECTION('center_axis',(0.,0.,1.));
#2947=DIRECTION('ref_axis',(1.,0.,0.));
#2948=DIRECTION('',(0.,0.,-1.));
#2949=DIRECTION('center_axis',(0.,0.,-1.));
#2950=DIRECTION('ref_axis',(-1.,0.,0.));
#2951=DIRECTION('',(1.78440769246378E-14,-1.,0.));
#2952=DIRECTION('center_axis',(0.,0.,-1.));
#2953=DIRECTION('ref_axis',(3.31329025956235E-6,0.999999999994511,0.));
#2954=DIRECTION('',(0.999999993180132,-0.000116789280897317,0.));
#2955=DIRECTION('center_axis',(0.,0.,-1.));
#2956=DIRECTION('ref_axis',(-1.,3.35966076165856E-15,0.));
#2957=DIRECTION('',(-9.49674337310935E-16,1.,0.));
#2958=DIRECTION('center_axis',(0.,0.,-1.));
#2959=DIRECTION('ref_axis',(1.,0.,0.));
#2960=DIRECTION('center_axis',(0.,0.,-1.));
#2961=DIRECTION('ref_axis',(1.,0.,0.));
#2962=DIRECTION('center_axis',(0.,0.,1.));
#2963=DIRECTION('ref_axis',(1.,0.,0.));
#2964=DIRECTION('',(0.,0.,-1.));
#2965=DIRECTION('center_axis',(0.,0.,1.));
#2966=DIRECTION('ref_axis',(1.,0.,0.));
#2967=DIRECTION('',(0.,0.,-1.));
#2968=DIRECTION('center_axis',(0.,0.,1.));
#2969=DIRECTION('ref_axis',(1.,0.,0.));
#2970=DIRECTION('',(0.,0.,-1.));
#2971=DIRECTION('center_axis',(0.000357787045646469,-0.999999935994213,
0.));
#2972=DIRECTION('ref_axis',(-1.22464672076287E-16,-4.38162760227336E-20,
-1.));
#2973=DIRECTION('center_axis',(-0.000357787045897389,0.999999935994213,
0.));
#2974=DIRECTION('ref_axis',(0.,0.,1.));
#2975=DIRECTION('',(0.000357787045646469,-0.999999935994213,0.));
#2976=DIRECTION('center_axis',(0.000357787045896714,-0.999999935994213,
0.));
#2977=DIRECTION('ref_axis',(0.,0.,1.));
#2978=DIRECTION('',(0.000357787045646469,-0.999999935994213,0.));
#2979=DIRECTION('center_axis',(-0.999999935994213,-0.000357787045646469,
0.));
#2980=DIRECTION('ref_axis',(0.,0.,-1.));
#2981=DIRECTION('',(0.,0.,1.));
#2982=DIRECTION('',(0.,0.,-1.));
#2983=DIRECTION('',(-0.000357787045646469,0.999999935994213,0.));
#2984=DIRECTION('center_axis',(0.999999935994213,0.000357787045646469,1.03656322946041E-27));
#2985=DIRECTION('ref_axis',(1.55259401266441E-15,-4.33943579618746E-12,
1.));
#2986=DIRECTION('',(1.03656316311436E-27,3.70868895754497E-31,-1.));
#2987=DIRECTION('',(-1.03656316311436E-27,-3.70868895753798E-31,1.));
#2988=DIRECTION('center_axis',(0.000357787045897389,-0.999999935994213,
0.));
#2989=DIRECTION('ref_axis',(-0.999999935994213,-0.000357787045897389,0.));
#2990=DIRECTION('',(0.999999935994213,0.000357787045897389,0.));
#2991=DIRECTION('',(0.,0.,-1.));
#2992=DIRECTION('',(0.,0.,-1.));
#2993=DIRECTION('center_axis',(0.,0.,-1.));
#2994=DIRECTION('ref_axis',(-1.,0.,0.));
#2995=DIRECTION('center_axis',(0.,0.,-1.));
#2996=DIRECTION('ref_axis',(1.60423801369439E-12,-1.,0.));
#2997=DIRECTION('',(-5.67338143830029E-16,1.,0.));
#2998=DIRECTION('',(-0.999999935994213,-0.000357787045896714,0.));
#2999=DIRECTION('center_axis',(0.,0.,1.));
#3000=DIRECTION('ref_axis',(-1.,0.,0.));
#3001=DIRECTION('',(5.67338143830029E-16,-1.,0.));
#3002=DIRECTION('center_axis',(0.,0.,1.));
#3003=DIRECTION('ref_axis',(1.15024776447914E-12,-1.,0.));
#3004=DIRECTION('',(1.,-1.07280666633269E-13,0.));
#3005=DIRECTION('center_axis',(-0.000287297778034379,-0.999999958729993,
0.));
#3006=DIRECTION('ref_axis',(0.,0.,-1.));
#3007=DIRECTION('center_axis',(0.000287297777666089,0.999999958729993,0.));
#3008=DIRECTION('ref_axis',(0.,0.,-1.));
#3009=DIRECTION('',(-0.000287297778034379,-0.999999958729992,0.));
#3010=DIRECTION('',(-0.000287297778034379,-0.999999958729992,0.));
#3011=DIRECTION('center_axis',(-0.999999958729993,0.000287297778034379,
-8.1375932754205E-29));
#3012=DIRECTION('ref_axis',(-1.93824942240591E-16,-6.74648218888494E-13,
-1.));
#3013=DIRECTION('',(-8.13759293958196E-29,2.33791246357882E-32,1.));
#3014=DIRECTION('center_axis',(0.999999958729993,-0.000287297778034379,
0.));
#3015=DIRECTION('ref_axis',(0.,0.,1.));
#3016=DIRECTION('',(0.,0.,-1.));
#3017=DIRECTION('center_axis',(-0.000287297777666089,-0.999999958729993,
0.));
#3018=DIRECTION('ref_axis',(-0.999999958729993,0.000287297777666089,0.));
#3019=DIRECTION('',(0.,0.,-1.));
#3020=DIRECTION('',(0.,0.,-1.));
#3021=DIRECTION('',(-0.000116789279318574,-0.999999993180132,9.90985071780415E-13));
#3022=DIRECTION('',(-0.000116789279318574,-0.999999993180132,9.90985071780415E-13));
#3023=DIRECTION('center_axis',(3.72077555160897E-14,-9.90989424005784E-13,
-1.));
#3024=DIRECTION('ref_axis',(0.999999993180132,-0.000116789280190961,3.73234922038443E-14));
#3025=DIRECTION('',(-0.999999993180132,0.000116789280897317,-3.73234922045443E-14));
#3026=DIRECTION('',(-0.000116789279318574,-0.999999993180132,9.90985071780415E-13));
#3027=DIRECTION('',(-0.000116789279318574,-0.999999993180132,9.90985071780415E-13));
#3028=DIRECTION('center_axis',(-0.999999993180132,0.000116789279318574,
1.34572489693136E-14));
#3029=DIRECTION('ref_axis',(-1.34556114378602E-14,1.4022033772539E-14,-1.));
#3030=DIRECTION('',(1.3457248877537E-14,-1.5716624299823E-18,1.));
#3031=DIRECTION('center_axis',(0.999999993180132,-0.000116789279318574,
-6.72862448466465E-15));
#3032=DIRECTION('ref_axis',(6.72855866150834E-15,-5.63999063772516E-16,
1.));
#3033=DIRECTION('',(-6.72862443877632E-15,7.85831214992065E-19,-1.));
#3034=DIRECTION('',(-0.000116789279318574,-0.999999993180132,0.));
#3035=DIRECTION('center_axis',(-0.000116789280897317,-0.999999993180132,
0.));
#3036=DIRECTION('ref_axis',(-0.999999993180132,0.000116789280897317,0.));
#3037=DIRECTION('',(0.,0.,1.));
#3038=DIRECTION('',(0.,0.,-1.));
#3039=DIRECTION('',(0.999999993180132,-0.000116789280897317,0.));
#3040=DIRECTION('center_axis',(0.,0.,-1.));
#3041=DIRECTION('ref_axis',(0.,-1.,0.));
#3042=DIRECTION('',(-1.78440769246378E-14,1.,0.));
#3043=DIRECTION('',(-1.,0.,0.));
#3044=DIRECTION('',(-1.,0.,0.));
#3045=DIRECTION('center_axis',(0.,1.,0.));
#3046=DIRECTION('ref_axis',(0.,0.,-1.));
#3047=DIRECTION('',(0.,0.,1.));
#3048=DIRECTION('center_axis',(0.,-1.,0.));
#3049=DIRECTION('ref_axis',(0.,0.,1.));
#3050=DIRECTION('',(0.,0.,-1.));
#3051=DIRECTION('',(-1.,0.,0.));
#3052=DIRECTION('center_axis',(-1.,-1.78440769246378E-14,0.));
#3053=DIRECTION('ref_axis',(-1.78440769246378E-14,1.,0.));
#3054=DIRECTION('',(-1.49242153215297E-26,8.3636802198064E-13,-1.));
#3055=DIRECTION('center_axis',(1.,1.78440769246378E-14,0.));
#3056=DIRECTION('ref_axis',(0.,-1.,-8.74191366033024E-16));
#3057=DIRECTION('',(-1.78440769246378E-14,1.,8.35866768543759E-15));
#3058=DIRECTION('center_axis',(1.,1.78440769246378E-14,0.));
#3059=DIRECTION('ref_axis',(0.,6.9935309282645E-15,-1.));
#3060=DIRECTION('',(-9.2450891372308E-28,5.18104084412786E-14,1.));
#3061=DIRECTION('',(1.78440769246378E-14,-1.,0.));
#3062=DIRECTION('',(0.,0.,-1.));
#3063=DIRECTION('center_axis',(0.,0.,-1.));
#3064=DIRECTION('ref_axis',(-1.,0.,0.));
#3065=DIRECTION('center_axis',(-1.,0.,0.));
#3066=DIRECTION('ref_axis',(0.,-1.,-8.74191366033024E-16));
#3067=DIRECTION('',(-1.,0.,0.));
#3068=DIRECTION('',(-1.,0.,0.));
#3069=DIRECTION('center_axis',(0.,8.35866768543759E-15,-1.));
#3070=DIRECTION('ref_axis',(0.,-1.,-8.35866768543759E-15));
#3071=DIRECTION('',(-1.,0.,0.));
#3072=DIRECTION('center_axis',(-1.,0.,0.));
#3073=DIRECTION('ref_axis',(0.,6.9935309282645E-15,-1.));
#3074=DIRECTION('',(-1.,0.,0.));
#3075=DIRECTION('center_axis',(0.,1.,-5.18104084412786E-14));
#3076=DIRECTION('ref_axis',(0.,-5.18104084412786E-14,-1.));
#3077=DIRECTION('',(1.,0.,0.));
#3078=DIRECTION('center_axis',(0.,-1.,-8.3636802198064E-13));
#3079=DIRECTION('ref_axis',(0.,-8.3636802198064E-13,1.));
#3080=DIRECTION('center_axis',(0.,0.,-1.));
#3081=DIRECTION('ref_axis',(-1.,0.,0.));
#3082=DIRECTION('center_axis',(0.,0.,-1.));
#3083=DIRECTION('ref_axis',(-1.,3.35966076165856E-15,0.));
#3084=DIRECTION('',(0.,0.,-1.));
#3085=DIRECTION('center_axis',(0.,0.,-1.));
#3086=DIRECTION('ref_axis',(3.31329025956235E-6,0.999999999994511,0.));
#3087=DIRECTION('center_axis',(-1.,0.,0.));
#3088=DIRECTION('ref_axis',(0.,1.,0.));
#3089=DIRECTION('',(0.,0.,-1.));
#3090=DIRECTION('center_axis',(0.,0.,-1.));
#3091=DIRECTION('ref_axis',(1.,-9.32305861360171E-14,0.));
#3092=DIRECTION('center_axis',(0.,0.,-1.));
#3093=DIRECTION('ref_axis',(1.60423801369439E-12,-1.,0.));
#3094=DIRECTION('',(0.,0.,-1.));
#3095=DIRECTION('center_axis',(1.,5.67338143830029E-16,0.));
#3096=DIRECTION('ref_axis',(5.67338143830029E-16,-1.,0.));
#3097=DIRECTION('center_axis',(1.,9.49674337310935E-16,0.));
#3098=DIRECTION('ref_axis',(9.49674337310935E-16,-1.,0.));
#3099=DIRECTION('center_axis',(-0.000357787045896714,0.999999935994213,
0.));
#3100=DIRECTION('ref_axis',(0.999999935994213,0.000357787045896714,0.));
#3101=DIRECTION('',(0.,0.,-1.));
#3102=DIRECTION('center_axis',(0.,0.,-1.));
#3103=DIRECTION('ref_axis',(-1.,0.,0.));
#3104=DIRECTION('',(0.,0.,-1.));
#3105=DIRECTION('center_axis',(-1.,-5.67338143830029E-16,0.));
#3106=DIRECTION('ref_axis',(-5.67338143830029E-16,1.,0.));
#3107=DIRECTION('',(0.,0.,-1.));
#3108=DIRECTION('center_axis',(0.,0.,-1.));
#3109=DIRECTION('ref_axis',(1.15024776447914E-12,-1.,0.));
#3110=DIRECTION('',(0.,0.,-1.));
#3111=DIRECTION('center_axis',(-1.07280666633269E-13,-1.,0.));
#3112=DIRECTION('ref_axis',(-1.,1.07280666633269E-13,0.));
#3113=DIRECTION('',(0.,0.,-1.));
#3114=DIRECTION('center_axis',(0.,0.,-1.));
#3115=DIRECTION('ref_axis',(1.,-6.85372317002504E-14,0.));
#3116=DIRECTION('',(0.,0.,-1.));
#3117=DIRECTION('center_axis',(1.,-1.41780056547745E-16,0.));
#3118=DIRECTION('ref_axis',(-1.41780056547745E-16,-1.,0.));
#3119=DIRECTION('',(0.,0.,1.));
#3120=DIRECTION('',(1.,0.,0.));
#3121=CARTESIAN_POINT('',(0.,0.,0.));
#3122=CARTESIAN_POINT('',(0.,0.,0.));
#3123=CARTESIAN_POINT('Origin',(-55.59970789941,48.37107436855,2.2));
#3124=CARTESIAN_POINT('',(-55.59970789941,48.37107436855,2.2));
#3125=CARTESIAN_POINT('',(-55.59970789941,48.37107436855,3.2));
#3126=CARTESIAN_POINT('',(-55.59970789941,48.37107436855,1.1));
#3127=CARTESIAN_POINT('',(-54.09970789941,48.37107436855,2.2));
#3128=CARTESIAN_POINT('',(-55.59970789941,48.37107436855,2.2));
#3129=CARTESIAN_POINT('',(-54.09970789941,48.37107436855,3.2));
#3130=CARTESIAN_POINT('',(-54.09970789941,48.37107436855,1.1));
#3131=CARTESIAN_POINT('',(-41.9409842519652,48.37107436855,3.2));
#3132=CARTESIAN_POINT('Origin',(-55.59970789941,47.37107436855,2.2));
#3133=CARTESIAN_POINT('',(-55.59970789941,47.37107436855,2.2));
#3134=CARTESIAN_POINT('',(-55.59970789941,27.9523968298292,2.2));
#3135=CARTESIAN_POINT('',(-54.09970789941,47.37107436855,2.2));
#3136=CARTESIAN_POINT('',(-55.59970789941,47.37107436855,2.2));
#3137=CARTESIAN_POINT('',(-54.09970789941,55.2600228332465,2.2));
#3138=CARTESIAN_POINT('Origin',(-55.59970789941,47.37107436855,3.2));
#3139=CARTESIAN_POINT('',(-55.59970789941,47.37107436855,3.2));
#3140=CARTESIAN_POINT('',(-55.59970789941,47.37107436855,1.6));
#3141=CARTESIAN_POINT('',(-54.09970789941,47.37107436855,3.2));
#3142=CARTESIAN_POINT('',(-41.9409842519652,47.37107436855,3.2));
#3143=CARTESIAN_POINT('',(-54.09970789941,47.37107436855,1.6));
#3144=CARTESIAN_POINT('Origin',(-55.59970789941,21.591074475748,2.2));
#3145=CARTESIAN_POINT('',(-55.59970789941,21.591074475748,2.2));
#3146=CARTESIAN_POINT('',(-55.59970789941,21.591074475748,3.2));
#3147=CARTESIAN_POINT('',(-55.59970789941,21.591074475748,1.1));
#3148=CARTESIAN_POINT('',(-54.09970789941,21.591074475748,2.2));
#3149=CARTESIAN_POINT('',(-55.59970789941,21.591074475748,2.2));
#3150=CARTESIAN_POINT('',(-54.09970789941,21.591074475748,3.2));
#3151=CARTESIAN_POINT('',(-54.09970789941,21.591074475748,1.1));
#3152=CARTESIAN_POINT('',(-41.9409842519652,21.591074475748,3.2));
#3153=CARTESIAN_POINT('Origin',(-55.59970789941,19.591074475748,2.2));
#3154=CARTESIAN_POINT('',(-55.59970789941,19.591074475748,2.2));
#3155=CARTESIAN_POINT('',(-55.59970789941,14.0623968834282,2.2));
#3156=CARTESIAN_POINT('',(-54.09970789941,19.591074475748,2.2));
#3157=CARTESIAN_POINT('',(-55.59970789941,19.591074475748,2.2));
#3158=CARTESIAN_POINT('',(-54.09970789941,41.3700228868455,2.2));
#3159=CARTESIAN_POINT('Origin',(-55.59970789941,19.591074475748,3.2));
#3160=CARTESIAN_POINT('',(-55.59970789941,19.591074475748,3.2));
#3161=CARTESIAN_POINT('',(-55.59970789941,19.591074475748,1.6));
#3162=CARTESIAN_POINT('',(-54.09970789941,19.591074475748,3.2));
#3163=CARTESIAN_POINT('',(-41.9409842519652,19.591074475748,3.2));
#3164=CARTESIAN_POINT('',(-54.09970789941,19.591074475748,1.6));
#3165=CARTESIAN_POINT('Origin',(-28.2822606045205,27.2610210820425,3.2));
#3166=CARTESIAN_POINT('',(-55.5997078994099,8.53371929110845,3.2));
#3167=CARTESIAN_POINT('',(-55.59970789941,63.148971297943,3.2));
#3168=CARTESIAN_POINT('',(-63.0330274581821,8.53105974549204,3.2));
#3169=CARTESIAN_POINT('',(-55.5997078994099,8.53371929110845,3.2));
#3170=CARTESIAN_POINT('',(-63.0324907776137,7.03105984150077,3.2));
#3171=CARTESIAN_POINT('',(-63.0363759024834,17.8898225282439,3.2));
#3172=CARTESIAN_POINT('',(-54.09970789941,7.03425587570297,3.2));
#3173=CARTESIAN_POINT('',(-54.09970789941,7.03425587570297,3.2));
#3174=CARTESIAN_POINT('',(-54.09970789941,63.148971297943,3.2));
#3175=CARTESIAN_POINT('Origin',(-28.2822606045205,27.2610210820425,3.2));
#3176=CARTESIAN_POINT('',(-54.09970789941,63.148971297943,3.2));
#3177=CARTESIAN_POINT('',(-54.09970789941,63.148971297943,3.2));
#3178=CARTESIAN_POINT('',(-48.8123802463979,68.436281432534,3.2));
#3179=CARTESIAN_POINT('Origin',(-48.81239776479,63.148971297943,3.2));
#3180=CARTESIAN_POINT('',(-43.056435847118,68.4356091999511,3.2));
#3181=CARTESIAN_POINT('',(-7.70749835663994,68.431480822933,3.2));
#3182=CARTESIAN_POINT('',(-43.0562606631973,69.9356091889115,3.2));
#3183=CARTESIAN_POINT('',(-43.0562606631973,69.9356091889125,3.2));
#3184=CARTESIAN_POINT('',(-48.8122926544378,69.9362814317491,3.2));
#3185=CARTESIAN_POINT('',(-7.70741076467892,69.9314808221481,3.2));
#3186=CARTESIAN_POINT('',(-55.59970789941,63.148971297943,3.2));
#3187=CARTESIAN_POINT('Origin',(-48.81239776479,63.148971297943,3.2));
#3188=CARTESIAN_POINT('',(-55.59970789941,63.148971297943,3.2));
#3189=CARTESIAN_POINT('Origin',(-28.2822606045205,27.2610210820425,3.2));
#3190=CARTESIAN_POINT('',(-55.59970789941,63.148971297943,3.2));
#3191=CARTESIAN_POINT('',(-54.09970789941,63.148971297943,3.2));
#3192=CARTESIAN_POINT('Origin',(-55.5997078994099,8.53371929110845,0.));
#3193=CARTESIAN_POINT('',(-55.59970789941,63.148971297943,-3.4));
#3194=CARTESIAN_POINT('',(-55.59970789941,63.148971297943,0.));
#3195=CARTESIAN_POINT('',(-55.5997078994099,8.53371929110845,-3.4));
#3196=CARTESIAN_POINT('',(-55.59970789941,17.8973701865755,-3.4));
#3197=CARTESIAN_POINT('',(-55.5997078994099,8.53371929110845,0.));
#3198=CARTESIAN_POINT('Origin',(-0.920205740411518,31.8590744221491,3.800050786521));
#3199=CARTESIAN_POINT('',(-2.42020574041152,31.8590744221491,3.2));
#3200=CARTESIAN_POINT('',(-0.920205740411447,31.8590744221491,3.2));
#3201=CARTESIAN_POINT('',(-14.601233172466,31.8590744221491,3.2));
#3202=CARTESIAN_POINT('',(-2.42020574041152,31.8590744221491,1.330050812717));
#3203=CARTESIAN_POINT('',(-2.42020574041144,31.8590744221491,1.9000253932605));
#3204=CARTESIAN_POINT('',(-0.920205740411518,31.8590744221491,1.330050812717));
#3205=CARTESIAN_POINT('',(-0.920205740411518,31.8590744221491,1.330050812717));
#3206=CARTESIAN_POINT('',(-0.920205740411447,31.8590744221491,1.9000253932605));
#3207=CARTESIAN_POINT('Origin',(-0.920205740411518,16.1280744221491,1.330050812717));
#3208=CARTESIAN_POINT('',(-0.920205740411167,16.1280744221491,3.2));
#3209=CARTESIAN_POINT('',(-2.42020574041152,16.1280744221491,3.2));
#3210=CARTESIAN_POINT('',(-14.601233172466,16.1280744221491,3.2));
#3211=CARTESIAN_POINT('',(-0.920205740411518,16.1280744221491,1.330050812717));
#3212=CARTESIAN_POINT('',(-0.920205740411167,16.1280744221491,0.6650254063585));
#3213=CARTESIAN_POINT('',(-2.42020574041152,16.1280744221491,1.330050812717));
#3214=CARTESIAN_POINT('',(-0.920205740411518,16.1280744221491,1.330050812717));
#3215=CARTESIAN_POINT('',(-2.42020574041116,16.1280744221491,0.6650254063585));
#3216=CARTESIAN_POINT('Origin',(-0.920205740411518,31.8590744221491,1.330050812717));
#3217=CARTESIAN_POINT('',(-0.920205740411725,47.501622555245,1.330050812717));
#3218=CARTESIAN_POINT('',(-2.42020574041122,19.4490755761007,1.330050812717));
#3219=CARTESIAN_POINT('Origin',(-28.2822606045205,27.2610210820425,3.2));
#3220=CARTESIAN_POINT('',(-2.420205740411,7.03907673005232,3.2));
#3221=CARTESIAN_POINT('',(-2.420205740411,7.03907673005232,3.2));
#3222=CARTESIAN_POINT('',(6.46235780843472,7.03652478917944,3.2));
#3223=CARTESIAN_POINT('',(14.302019304039,7.03427247176115,3.2));
#3224=CARTESIAN_POINT('',(6.46278875510177,8.53652472727451,3.2));
#3225=CARTESIAN_POINT('',(6.46547707416112,17.893781044365,3.2));
#3226=CARTESIAN_POINT('',(-0.920205740411033,8.53864584527305,3.2));
#3227=CARTESIAN_POINT('',(14.3024502507055,8.53427240985613,3.2));
#3228=CARTESIAN_POINT('',(-0.920205740411032,8.53864584527305,3.2));
#3229=CARTESIAN_POINT('Origin',(-28.2822606045205,27.2610210820425,3.2));
#3230=CARTESIAN_POINT('',(-0.920205740411518,32.8910744757476,3.2));
#3231=CARTESIAN_POINT('',(-0.920205740411032,8.53864584527305,3.2));
#3232=CARTESIAN_POINT('',(-2.42020574041146,32.8910744757476,3.2));
#3233=CARTESIAN_POINT('',(-14.601233172466,32.8910744757476,3.2));
#3234=CARTESIAN_POINT('',(-2.420205740411,7.03907673005232,3.2));
#3235=CARTESIAN_POINT('Origin',(-0.920205740412003,63.144170688341,0.));
#3236=CARTESIAN_POINT('',(-0.920205740411031,8.53864584527305,-3.4));
#3237=CARTESIAN_POINT('',(-0.920205740411031,8.53864584527305,0.));
#3238=CARTESIAN_POINT('',(-0.920205740412003,63.144170688341,-3.4));
#3239=CARTESIAN_POINT('',(-0.920205740411684,45.202595885192,-3.4));
#3240=CARTESIAN_POINT('',(-0.920205740412001,63.144170688341,3.2));
#3241=CARTESIAN_POINT('',(-0.920205740412003,63.144170688341,0.));
#3242=CARTESIAN_POINT('',(-0.920205740411518,59.1341805328914,3.2));
#3243=CARTESIAN_POINT('',(-0.920205740411032,8.53864584527305,3.2));
#3244=CARTESIAN_POINT('',(-0.920205740411518,59.1341805328914,1.53534568943151));
#3245=CARTESIAN_POINT('',(-0.920205740411932,59.1341805328913,1.95104745820291));
#3246=CARTESIAN_POINT('',(-0.920205740411518,43.4027741357541,1.53534568943151));
#3247=CARTESIAN_POINT('',(-0.920205740411968,61.1391756106162,1.53534568943151));
#3248=CARTESIAN_POINT('',(-0.920205740411518,43.4027741357541,3.2));
#3249=CARTESIAN_POINT('',(-0.920205740411652,43.4027741357541,0.767672844715753));
#3250=CARTESIAN_POINT('',(-0.920205740411518,42.37107436855,3.2));
#3251=CARTESIAN_POINT('',(-0.920205740411032,8.53864584527305,3.2));
#3252=CARTESIAN_POINT('',(-0.920205740411518,42.37107436855,2.600050801007));
#3253=CARTESIAN_POINT('',(-0.920205740411634,42.37107436855,1.90002539326104));
#3254=CARTESIAN_POINT('',(-0.920205740411518,41.1010743802601,1.33005081271706));
#3255=CARTESIAN_POINT('Origin',(-0.920205740412003,41.1010743802601,2.600050801007));
#3256=CARTESIAN_POINT('',(-0.920205740411518,34.1610744640381,1.330050812717));
#3257=CARTESIAN_POINT('',(-0.920205740411807,52.1226225343005,1.33005081271715));
#3258=CARTESIAN_POINT('',(-0.920205740411518,32.8910744757481,2.600050801007));
#3259=CARTESIAN_POINT('Origin',(-0.920205740412003,34.1610744640381,2.600050801007));
#3260=CARTESIAN_POINT('',(-0.920205740411465,32.8910744757491,1.30002540049085));
#3261=CARTESIAN_POINT('Origin',(-40.2854041274779,69.935285582569,2.050063500127));
#3262=CARTESIAN_POINT('',(-37.5147227756792,68.4349619872622,3.2));
#3263=CARTESIAN_POINT('Origin',(-40.2855793113986,68.4352855935948,2.050063500127));
#3264=CARTESIAN_POINT('',(-37.5145475917585,69.9349619762265,3.2));
#3265=CARTESIAN_POINT('',(-37.5145475917585,69.9349619762255,3.2));
#3266=CARTESIAN_POINT('Origin',(-40.2854041274779,69.9352855825661,2.050063500127));
#3267=CARTESIAN_POINT('Origin',(-16.2853587347422,69.9324826345239,2.050063500127));
#3268=CARTESIAN_POINT('',(-19.0563904543823,68.4328062518891,3.2));
#3269=CARTESIAN_POINT('',(-19.0562152704616,69.9328062408664,3.2));
#3270=CARTESIAN_POINT('',(-19.0562152704616,69.9328062408674,3.2));
#3271=CARTESIAN_POINT('',(-13.5146773829435,68.4321590392001,3.2));
#3272=CARTESIAN_POINT('Origin',(-16.2855339186629,68.4324826455415,2.050063500127));
#3273=CARTESIAN_POINT('',(-13.5145021990228,69.9321590281814,3.2));
#3274=CARTESIAN_POINT('',(-13.5145021990228,69.9321590281804,3.2));
#3275=CARTESIAN_POINT('Origin',(-16.2853587347422,69.9324826345128,2.050063500127));
#3276=CARTESIAN_POINT('Origin',(-28.2822606045205,27.2610210820425,3.2));
#3277=CARTESIAN_POINT('',(-33.0553123941051,68.4344411759269,3.2));
#3278=CARTESIAN_POINT('',(-7.70749835663994,68.431480822933,3.2));
#3279=CARTESIAN_POINT('',(-33.0551372101862,69.9344411648945,3.2));
#3280=CARTESIAN_POINT('',(-33.0576290766076,48.5980101249032,3.2));
#3281=CARTESIAN_POINT('',(-7.70741076467892,69.9314808221481,3.2));
#3282=CARTESIAN_POINT('Origin',(-48.8122926544377,69.9362814317491,0.));
#3283=CARTESIAN_POINT('',(-33.0551372101862,69.9344411648945,2.950050728991));
#3284=CARTESIAN_POINT('',(-33.0551372101862,69.9344411648944,1.80502535993439));
#3285=CARTESIAN_POINT('',(-31.5051372465588,69.9342601415131,1.400050746268));
#3286=CARTESIAN_POINT('Ctrl Pts',(-33.0551372101862,69.9344411648945,2.950050728991));
#3287=CARTESIAN_POINT('Ctrl Pts',(-33.0551372101862,69.9344411648945,2.76313765372222));
#3288=CARTESIAN_POINT('Ctrl Pts',(-33.0209637668896,69.9344371738026,2.57627760553532));
#3289=CARTESIAN_POINT('Ctrl Pts',(-32.9548100635588,69.9344294477591,2.40146288888558));
#3290=CARTESIAN_POINT('Ctrl Pts',(-32.7337238493252,69.9344036272591,1.81723068493564));
#3291=CARTESIAN_POINT('Ctrl Pts',(-32.1298022573033,69.9343330956906,1.400050746268));
#3292=CARTESIAN_POINT('Ctrl Pts',(-31.5051372465588,69.9342601415131,1.400050746268));
#3293=CARTESIAN_POINT('',(-25.0651374234087,69.9335080185642,1.400050746268));
#3294=CARTESIAN_POINT('',(-40.1587149504983,69.9352707866311,1.40005074626744));
#3295=CARTESIAN_POINT('',(-23.5151374597814,69.9333269951828,2.950050728991));
#3296=CARTESIAN_POINT('Ctrl Pts',(-25.0651374234087,69.9335080185642,1.400050746268));
#3297=CARTESIAN_POINT('Ctrl Pts',(-24.8782243499492,69.9334861891207,1.400050746268));
#3298=CARTESIAN_POINT('Ctrl Pts',(-24.6913643035791,69.9334643658702,1.43422419018136));
#3299=CARTESIAN_POINT('Ctrl Pts',(-24.5165495887949,69.9334439493854,1.50037789461083));
#3300=CARTESIAN_POINT('Ctrl Pts',(-23.9323173910799,69.933375717327,1.72146411251615));
#3301=CARTESIAN_POINT('Ctrl Pts',(-23.5151374597814,69.9333269951828,2.32538571219989));
#3302=CARTESIAN_POINT('Ctrl Pts',(-23.5151374597814,69.9333269951828,2.950050728991));
#3303=CARTESIAN_POINT('',(-23.5151374597814,69.9333269951828,3.2));
#3304=CARTESIAN_POINT('',(-23.5151374597814,69.9333269951829,1.47502536449541));
#3305=CARTESIAN_POINT('',(-7.70741076467892,69.9314808221481,3.2));
#3306=CARTESIAN_POINT('',(-7.70741076467893,69.9314808221481,3.2));
#3307=CARTESIAN_POINT('',(-7.70741076467892,69.9314808221481,3.2));
#3308=CARTESIAN_POINT('',(-7.70741076467892,69.9314808221481,-3.4));
#3309=CARTESIAN_POINT('',(-7.70741076467892,69.9314808221481,0.));
#3310=CARTESIAN_POINT('',(-48.8122926544378,69.9362814317491,-3.4));
#3311=CARTESIAN_POINT('',(-38.5447847630391,69.9350822968849,-3.4));
#3312=CARTESIAN_POINT('',(-48.8122926544378,69.9362814317491,0.));
#3313=CARTESIAN_POINT('Origin',(-28.2822606045205,27.2610210820425,3.2));
#3314=CARTESIAN_POINT('',(-7.70749835663993,68.431480822933,3.2));
#3315=CARTESIAN_POINT('',(-7.70749835663994,68.431480822933,3.2));
#3316=CARTESIAN_POINT('',(-2.420205740412,63.144170688341,3.2));
#3317=CARTESIAN_POINT('Origin',(-7.7075158750331,63.1441706883409,3.2));
#3318=CARTESIAN_POINT('',(-2.42020574041193,59.1341805328914,3.2));
#3319=CARTESIAN_POINT('',(-2.420205740411,7.03907673005232,3.2));
#3320=CARTESIAN_POINT('',(-14.601233172466,59.1341805328914,3.2));
#3321=CARTESIAN_POINT('Origin',(-7.7075158750331,63.1441706883409,3.2));
#3322=CARTESIAN_POINT('Origin',(-28.2599568199107,26.2925758125059,-4.4));
#3323=CARTESIAN_POINT('',(-2.42020574041198,62.0851517665729,-4.4));
#3324=CARTESIAN_POINT('',(-2.4202057404115,-9.50000014156103,-4.4));
#3325=CARTESIAN_POINT('',(-2.4202057404115,-9.50000014156103,-4.4));
#3326=CARTESIAN_POINT('',(-54.0997078994099,62.0851517665729,-4.4));
#3327=CARTESIAN_POINT('',(-2.42020574041198,62.0851517665729,-4.4));
#3328=CARTESIAN_POINT('',(-54.0997078994099,-9.50000014156103,-4.4));
#3329=CARTESIAN_POINT('',(-54.0997078994099,62.0851517665729,-4.4));
#3330=CARTESIAN_POINT('',(-54.0997078994099,-9.50000014156103,-4.4));
#3331=CARTESIAN_POINT('',(-49.8954000508,0.359001778004,-4.4));
#3332=CARTESIAN_POINT('',(-6.695313690627,0.359001778003999,-4.4));
#3333=CARTESIAN_POINT('',(-33.6743935737855,0.359001778003998,-4.4));
#3334=CARTESIAN_POINT('',(-50.522400304801,0.986002032004008,-4.4));
#3335=CARTESIAN_POINT('Origin',(-49.8954000508,0.986002032004,-4.4));
#3336=CARTESIAN_POINT('',(-50.5224003048,58.586116332233,-4.4));
#3337=CARTESIAN_POINT('',(-50.5224003048004,34.6080722598221,-4.4));
#3338=CARTESIAN_POINT('',(-49.8954000508,59.213116586234,-4.4));
#3339=CARTESIAN_POINT('Origin',(-49.8954000508,58.586116332233,-4.4));
#3340=CARTESIAN_POINT('',(-6.69531369062698,59.213116586233,-4.4));
#3341=CARTESIAN_POINT('',(-22.8743719837417,59.2131165862334,-4.4));
#3342=CARTESIAN_POINT('',(-6.068313436626,58.586116332233,-4.4));
#3343=CARTESIAN_POINT('Origin',(-6.695313690627,58.586116332233,-4.4));
#3344=CARTESIAN_POINT('',(-6.068313436627,0.986002032003993,-4.4));
#3345=CARTESIAN_POINT('',(-6.06831343662666,20.2080436847643,-4.4));
#3346=CARTESIAN_POINT('Origin',(-6.695313690627,0.986002032004,-4.4));
#3347=CARTESIAN_POINT('Origin',(-17.4887871475734,59.4631165862333,-4.65));
#3348=CARTESIAN_POINT('',(-49.8954000508,60.213116586234,-5.4));
#3349=CARTESIAN_POINT('',(-49.8954000508,58.713116586234,-3.9));
#3350=CARTESIAN_POINT('',(-6.69531369062696,60.213116586233,-5.4));
#3351=CARTESIAN_POINT('',(-17.4887871475733,60.2131165862333,-5.4));
#3352=CARTESIAN_POINT('',(-6.69531369062696,60.213116586233,-5.4));
#3353=CARTESIAN_POINT('Origin',(-49.8954000508,58.586116332233,-4.65));
#3354=CARTESIAN_POINT('',(-51.5224003048,58.586116332233,-5.4));
#3355=CARTESIAN_POINT('',(-50.0224003048,58.586116332233,-3.9));
#3356=CARTESIAN_POINT('Origin',(-49.8954000508,58.586116332233,-5.4));
#3357=CARTESIAN_POINT('Origin',(-50.7724003048003,42.923568707138,-4.65));
#3358=CARTESIAN_POINT('',(-51.522400304801,0.986002032004025,-5.4));
#3359=CARTESIAN_POINT('',(-50.022400304801,0.986002032004,-3.9));
#3360=CARTESIAN_POINT('',(-51.5224003048003,42.923568707138,-5.4));
#3361=CARTESIAN_POINT('Origin',(-49.8954000508,0.986002032004,-4.65));
#3362=CARTESIAN_POINT('',(-49.8954000508,-0.640998221995999,-5.4));
#3363=CARTESIAN_POINT('',(-49.8954000508,0.859001778004,-3.9));
#3364=CARTESIAN_POINT('Origin',(-49.8954000508,0.986002032004,-5.4));
#3365=CARTESIAN_POINT('Origin',(-54.0997078994099,62.0851517665729,-3.9));
#3366=CARTESIAN_POINT('',(-54.0997078994099,62.0851517665729,-3.9));
#3367=CARTESIAN_POINT('',(-2.42020574041198,62.0851517665729,-3.9));
#3368=CARTESIAN_POINT('',(-41.1909842519652,62.0851517665729,-3.9));
#3369=CARTESIAN_POINT('',(-54.0997078994099,62.0851517665729,-3.9));
#3370=CARTESIAN_POINT('',(-2.42020574041198,62.0851517665729,-3.9));
#3371=CARTESIAN_POINT('Origin',(-2.4202057404115,-9.50000014156103,-3.9));
#3372=CARTESIAN_POINT('',(-2.4202057404115,-9.50000014156103,-3.9));
#3373=CARTESIAN_POINT('',(-54.0997078994099,-9.50000014156103,-3.9));
#3374=CARTESIAN_POINT('',(-15.351233172466,-9.50000014156103,-3.9));
#3375=CARTESIAN_POINT('',(-2.4202057404115,-9.50000014156103,-3.9));
#3376=CARTESIAN_POINT('',(-54.0997078994099,-9.50000014156103,-3.9));
#3377=CARTESIAN_POINT('Origin',(-28.2822606045205,27.2610210820425,-3.9));
#3378=CARTESIAN_POINT('',(-2.420205740411,7.03907673005232,-3.9));
#3379=CARTESIAN_POINT('',(-2.42020574041186,44.6730864243078,-3.9));
#3380=CARTESIAN_POINT('',(-54.09970789941,7.03425587570297,-3.9));
#3381=CARTESIAN_POINT('',(-54.0997078994099,8.88051047024073,-3.9));
#3382=CARTESIAN_POINT('',(-70.86654051308,7.0282569198091,-3.9));
#3383=CARTESIAN_POINT('',(-41.1873674673772,7.03887574413747,-3.9));
#3384=CARTESIAN_POINT('',(-70.86654051308,-8.626929133858,-3.9));
#3385=CARTESIAN_POINT('',(-70.86654051308,17.1446390009258,-3.9));
#3386=CARTESIAN_POINT('',(-65.5792303784595,-13.91423926847,-3.9));
#3387=CARTESIAN_POINT('Origin',(-65.579230378468,-8.626929133858,-3.9));
#3388=CARTESIAN_POINT('',(9.01470916941797,-13.914239268478,-3.9));
#3389=CARTESIAN_POINT('',(-46.9307454914922,-13.914239268472,-3.9));
#3390=CARTESIAN_POINT('',(14.302019304039,-8.62692913385803,-3.9));
#3391=CARTESIAN_POINT('Origin',(9.01470916941854,-8.62692913385754,-3.9));
#3392=CARTESIAN_POINT('',(14.302019304039,7.03427247176115,-3.9));
#3393=CARTESIAN_POINT('',(14.302019304039,9.31704597409223,-3.9));
#3394=CARTESIAN_POINT('',(-6.9930244426299,7.04039049075736,-3.9));
#3395=CARTESIAN_POINT('',(5.258514097028,-10.15162052324,-3.9));
#3396=CARTESIAN_POINT('Origin',(7.508514097028,-10.15162052324,-3.9));
#3397=CARTESIAN_POINT('',(-66.35462788925,-10.15162052324,-3.9));
#3398=CARTESIAN_POINT('Origin',(-64.10462788925,-10.15162052324,-3.9));
#3399=CARTESIAN_POINT('Origin',(-39.0888303276602,0.109001778004,-4.65));
#3400=CARTESIAN_POINT('',(-6.695313690627,-0.640998221996001,-5.4));
#3401=CARTESIAN_POINT('',(-6.695313690627,0.859001778004,-3.9));
#3402=CARTESIAN_POINT('',(-39.0888303276602,-0.640998221996001,-5.4));
#3403=CARTESIAN_POINT('Origin',(-6.695313690627,0.986002032004,-4.65));
#3404=CARTESIAN_POINT('',(-5.068313436627,0.986002032003981,-5.4));
#3405=CARTESIAN_POINT('',(-6.568313436627,0.986002032003999,-3.9));
#3406=CARTESIAN_POINT('Origin',(-6.695313690627,0.986002032004,-5.4));
#3407=CARTESIAN_POINT('Origin',(-5.81831343662677,14.123511557023,-4.65));
#3408=CARTESIAN_POINT('',(-5.068313436626,58.586116332233,-5.4));
#3409=CARTESIAN_POINT('',(-6.568313436626,58.586116332233,-3.9));
#3410=CARTESIAN_POINT('',(-5.06831343662677,14.123511557023,-5.4));
#3411=CARTESIAN_POINT('Origin',(-6.695313690627,58.586116332233,-4.65));
#3412=CARTESIAN_POINT('Origin',(-6.695313690627,58.586116332233,-5.4));
#3413=CARTESIAN_POINT('Origin',(7.508514097028,-10.15162052324,-0.1));
#3414=CARTESIAN_POINT('',(5.258514097028,-10.15162052324,-0.1));
#3415=CARTESIAN_POINT('Origin',(7.508514097028,-10.15162052324,-0.1));
#3416=CARTESIAN_POINT('',(8.508514097028,-10.15162052324,-0.1));
#3417=CARTESIAN_POINT('Origin',(7.508514097028,-10.15162052324,-0.1));
#3418=CARTESIAN_POINT('Origin',(-50.3124003048,64.661927863856,-0.1));
#3419=CARTESIAN_POINT('',(-52.5624003048,64.661927863856,-0.1));
#3420=CARTESIAN_POINT('Origin',(-50.3124003048,64.661927863856,-0.1));
#3421=CARTESIAN_POINT('',(-49.3124003048,64.661927863856,-0.1));
#3422=CARTESIAN_POINT('Origin',(-50.3124003048,64.661927863856,-0.1));
#3423=CARTESIAN_POINT('Origin',(-6.182113284227,64.636527813056,-0.1));
#3424=CARTESIAN_POINT('',(-8.432113284227,64.636527813056,-0.1));
#3425=CARTESIAN_POINT('Origin',(-6.182113284227,64.636527813056,-0.1));
#3426=CARTESIAN_POINT('',(-5.182113284227,64.636527813056,-0.1));
#3427=CARTESIAN_POINT('Origin',(-6.182113284227,64.636527813056,-0.1));
#3428=CARTESIAN_POINT('Origin',(-64.10462788925,-10.15162052324,-0.1));
#3429=CARTESIAN_POINT('',(-66.35462788925,-10.15162052324,-0.1));
#3430=CARTESIAN_POINT('Origin',(-64.10462788925,-10.15162052324,-0.1));
#3431=CARTESIAN_POINT('',(-63.10462788925,-10.15162052324,-0.1));
#3432=CARTESIAN_POINT('Origin',(-64.10462788925,-10.15162052324,-0.1));
#3433=CARTESIAN_POINT('Origin',(-32.9653925472363,-15.414239268474,0.55));
#3434=CARTESIAN_POINT('',(-59.1653923143183,-13.9142392684707,0.55));
#3435=CARTESIAN_POINT('',(-32.9653925472363,-13.9142392684735,0.55));
#3436=CARTESIAN_POINT('',(-49.2723114628478,-13.9142392684717,0.55));
#3437=CARTESIAN_POINT('',(-59.1653923143183,-15.414239268474,0.55));
#3438=CARTESIAN_POINT('',(-59.1653923143183,-15.414239268474,0.55));
#3439=CARTESIAN_POINT('',(-32.9653925472363,-15.414239268474,0.55));
#3440=CARTESIAN_POINT('',(-11.9753416889092,-15.4142392684758,0.55));
#3441=CARTESIAN_POINT('',(-32.9653925472363,-15.414239268474,0.55));
#3442=CARTESIAN_POINT('Origin',(-32.9653925472363,-15.414239268474,3.69));
#3443=CARTESIAN_POINT('',(-32.9653925472363,-13.9142392684735,3.2));
#3444=CARTESIAN_POINT('',(-32.9653925472363,-13.9142392684735,1.845));
#3445=CARTESIAN_POINT('',(-32.9653925472363,-15.414239268474,3.2));
#3446=CARTESIAN_POINT('',(-32.9653925472363,-15.4142392684735,1.845));
#3447=CARTESIAN_POINT('',(-32.9653925472363,5.92339090678425,3.2));
#3448=CARTESIAN_POINT('Origin',(-59.1653923143183,-15.414239268474,0.55));
#3449=CARTESIAN_POINT('',(-59.1653923143183,-13.9142392684707,3.2));
#3450=CARTESIAN_POINT('',(-59.1653923143183,-13.9142392684707,0.275));
#3451=CARTESIAN_POINT('',(-59.1653923143183,-15.414239268474,3.2));
#3452=CARTESIAN_POINT('',(-59.1653923143183,5.92339090678425,3.2));
#3453=CARTESIAN_POINT('',(-59.1653923143183,-15.4142392684707,0.275));
#3454=CARTESIAN_POINT('Origin',(2.59467884194774,-15.414239268474,3.69));
#3455=CARTESIAN_POINT('',(2.59467884194774,-13.9142392684773,0.55));
#3456=CARTESIAN_POINT('',(2.59467884194774,-13.9142392684773,3.2));
#3457=CARTESIAN_POINT('',(2.59467884194774,-13.9142392684773,1.845));
#3458=CARTESIAN_POINT('',(2.59467884194774,-15.414239268474,0.55));
#3459=CARTESIAN_POINT('',(2.59467884194774,-15.414239268474,0.55));
#3460=CARTESIAN_POINT('',(2.59467884194774,-15.414239268474,3.2));
#3461=CARTESIAN_POINT('',(2.59467884194774,-15.4142392684773,1.845));
#3462=CARTESIAN_POINT('',(2.59467884194774,5.92339090678425,3.2));
#3463=CARTESIAN_POINT('Origin',(2.59467884194774,-15.414239268474,0.55));
#3464=CARTESIAN_POINT('',(-18.5253113032003,-13.914239268475,0.55));
#3465=CARTESIAN_POINT('',(-31.4922757682558,-13.9142392684737,0.55));
#3466=CARTESIAN_POINT('',(-18.5253113032003,-15.414239268474,0.55));
#3467=CARTESIAN_POINT('',(-18.5253113032003,-15.414239268474,0.55));
#3468=CARTESIAN_POINT('',(5.80469400568278,-15.4142392684777,0.55));
#3469=CARTESIAN_POINT('Origin',(-18.5253113032003,-15.414239268474,0.55));
#3470=CARTESIAN_POINT('',(-18.5253113032003,-13.914239268475,3.2));
#3471=CARTESIAN_POINT('',(-18.5253113032003,-13.914239268475,0.275));
#3472=CARTESIAN_POINT('',(-18.5253113032003,-15.414239268474,3.2));
#3473=CARTESIAN_POINT('',(-18.5253113032003,5.92339090678425,3.2));
#3474=CARTESIAN_POINT('',(-18.5253113032003,-15.414239268475,0.275));
#3475=CARTESIAN_POINT('Origin',(-65.5792303784595,-13.91423926847,0.));
#3476=CARTESIAN_POINT('',(-65.5792303784595,-13.91423926847,3.2));
#3477=CARTESIAN_POINT('',(9.01470916941797,-13.914239268478,3.2));
#3478=CARTESIAN_POINT('',(-65.5792303784595,-13.91423926847,3.2));
#3479=CARTESIAN_POINT('',(9.01470916941797,-13.914239268478,0.));
#3480=CARTESIAN_POINT('',(-65.5792303784595,-13.91423926847,3.2));
#3481=CARTESIAN_POINT('',(-65.5792303784595,-13.91423926847,0.));
#3482=CARTESIAN_POINT('',(-65.5792303784595,-13.91423926847,3.2));
#3483=CARTESIAN_POINT('Origin',(-28.2822606045205,27.2610210820425,3.2));
#3484=CARTESIAN_POINT('',(9.01470916941781,-15.414239268478,3.2));
#3485=CARTESIAN_POINT('',(-65.5792303784602,-15.41423926847,3.2));
#3486=CARTESIAN_POINT('',(15.802019304039,-8.626929133858,3.2));
#3487=CARTESIAN_POINT('Origin',(9.01470916941854,-8.62692913385754,3.2));
#3488=CARTESIAN_POINT('',(15.802019304039,7.03427247176115,3.2));
#3489=CARTESIAN_POINT('',(15.802019304039,-8.626929133858,3.2));
#3490=CARTESIAN_POINT('',(14.3024502507055,8.53427240985614,3.2));
#3491=CARTESIAN_POINT('Origin',(14.302019304039,7.03427247176114,3.2));
#3492=CARTESIAN_POINT('',(11.9627885281167,8.53494458949286,3.2));
#3493=CARTESIAN_POINT('',(14.3024502507055,8.53427240985613,3.2));
#3494=CARTESIAN_POINT('',(11.9623575814497,7.03494465140228,3.2));
#3495=CARTESIAN_POINT('',(11.9654768471761,17.8922009065846,3.2));
#3496=CARTESIAN_POINT('',(14.302019304039,7.03427247176115,3.2));
#3497=CARTESIAN_POINT('',(14.302019304039,7.03427247176115,3.2));
#3498=CARTESIAN_POINT('',(14.302019304039,-8.62692913385803,3.2));
#3499=CARTESIAN_POINT('',(14.302019304039,-8.62692913385803,3.2));
#3500=CARTESIAN_POINT('Origin',(9.01470916941854,-8.62692913385754,3.2));
#3501=CARTESIAN_POINT('Origin',(-28.2822606045205,27.2610210820425,3.2));
#3502=CARTESIAN_POINT('',(-65.5792303784602,-15.41423926847,3.2));
#3503=CARTESIAN_POINT('Ctrl Pts',(-70.8670771936488,8.52825682380042,-3.39999999999996));
#3504=CARTESIAN_POINT('Ctrl Pts',(-70.8670771936488,8.52825682380043,-3.69919930034184));
#3505=CARTESIAN_POINT('Ctrl Pts',(-70.8328282719198,8.39142027012894,-4.29654361475607));
#3506=CARTESIAN_POINT('Ctrl Pts',(-70.6653801363728,7.72240575433554,-5.13776625824535));
#3507=CARTESIAN_POINT('Ctrl Pts',(-70.4788606815462,6.97719457387528,-5.40000000000001));
#3508=CARTESIAN_POINT('Ctrl Pts',(-70.36654051308,6.52843578134055,-5.4));
#3509=CARTESIAN_POINT('Ctrl Pts',(-71.31577389057,8.52809628592446,-3.39999999999996));
#3510=CARTESIAN_POINT('Ctrl Pts',(-71.31577389057,8.52809628592446,-3.76732849793394));
#3511=CARTESIAN_POINT('Ctrl Pts',(-71.2021670932358,8.31552667551297,-4.48212537572131));
#3512=CARTESIAN_POINT('Ctrl Pts',(-70.8348131856462,7.55318904427256,-5.22745466516114));
#3513=CARTESIAN_POINT('Ctrl Pts',(-70.5429518781265,6.91308044219141,-5.40000000000001));
#3514=CARTESIAN_POINT('Ctrl Pts',(-70.36654051308,6.52843578134055,-5.4));
#3515=CARTESIAN_POINT('Ctrl Pts',(-72.0925548460988,8.15151259712264,-3.39999999999997));
#3516=CARTESIAN_POINT('Ctrl Pts',(-72.0925548460988,8.15151259712265,-3.82586316888372));
#3517=CARTESIAN_POINT('Ctrl Pts',(-71.8463081540469,7.91925277088317,-4.63811453339123));
#3518=CARTESIAN_POINT('Ctrl Pts',(-71.1355173070863,7.2538464075213,-5.29342030797021));
#3519=CARTESIAN_POINT('Ctrl Pts',(-70.655111472142,6.80088071174463,-5.4));
#3520=CARTESIAN_POINT('Ctrl Pts',(-70.36654051308,6.52843578134055,-5.4));
#3521=CARTESIAN_POINT('Ctrl Pts',(-72.36654051308,7.3647794640394,-3.39999999999999));
#3522=CARTESIAN_POINT('Ctrl Pts',(-72.36654051308,7.3647794640394,-3.74957198501127));
#3523=CARTESIAN_POINT('Ctrl Pts',(-72.173233019204,7.27142691909678,-4.43444372393145));
#3524=CARTESIAN_POINT('Ctrl Pts',(-71.4351082990611,6.95523398201694,-5.20536920223819));
#3525=CARTESIAN_POINT('Ctrl Pts',(-70.7672710661576,6.68868098129786,-5.4));
#3526=CARTESIAN_POINT('Ctrl Pts',(-70.36654051308,6.52843578134055,-5.4));
#3527=CARTESIAN_POINT('Ctrl Pts',(-72.36654051308,7.0282569198091,-3.4));
#3528=CARTESIAN_POINT('Ctrl Pts',(-72.36654051308,7.0282569198091,-3.69919930034188));
#3529=CARTESIAN_POINT('Ctrl Pts',(-72.2296917143463,6.99405695861854,-4.29654361475609));
#3530=CARTESIAN_POINT('Ctrl Pts',(-71.5606173306,6.82684819851643,-5.13776625824536));
#3531=CARTESIAN_POINT('Ctrl Pts',(-70.8153394635928,6.64059538253495,-5.4));
#3532=CARTESIAN_POINT('Ctrl Pts',(-70.36654051308,6.52843578134055,-5.4));
#3533=CARTESIAN_POINT('',(-70.8670771936488,8.52825682380042,-3.4));
#3534=CARTESIAN_POINT('',(-70.36654051308,6.5284357813406,-5.4));
#3535=CARTESIAN_POINT('Origin',(-70.36654051308,6.5284357813406,-3.4));
#3536=CARTESIAN_POINT('',(-72.36654051308,7.0282569198091,-3.4));
#3537=CARTESIAN_POINT('Origin',(-70.36654051308,6.5284357813406,-3.4));
#3538=CARTESIAN_POINT('Origin',(-70.86654051308,7.0282569198091,-3.4));
#3539=CARTESIAN_POINT('Ctrl Pts',(15.802019304039,7.03427247176114,-3.4));
#3540=CARTESIAN_POINT('Ctrl Pts',(15.802019304039,7.03427247176114,-3.69919930034188));
#3541=CARTESIAN_POINT('Ctrl Pts',(15.6984400002028,7.00838508425967,-4.14601564467526));
#3542=CARTESIAN_POINT('Ctrl Pts',(15.1401465536306,6.8688518159747,-5.04310076808229));
#3543=CARTESIAN_POINT('Ctrl Pts',(14.4004179047228,6.68397277671701,-5.4));
#3544=CARTESIAN_POINT('Ctrl Pts',(13.802019304039,6.5344161000209,-5.4));
#3545=CARTESIAN_POINT('Ctrl Pts',(15.802019304039,7.4829893371935,-3.4));
#3546=CARTESIAN_POINT('Ctrl Pts',(15.802019304039,7.4829893371935,-3.76733645417803));
#3547=CARTESIAN_POINT('Ctrl Pts',(15.6478434210999,7.40096878942381,-4.30392344154521));
#3548=CARTESIAN_POINT('Ctrl Pts',(14.9690783812092,7.06794992534052,-5.17324380363105));
#3549=CARTESIAN_POINT('Ctrl Pts',(14.3149569501377,6.76945828757242,-5.4));
#3550=CARTESIAN_POINT('Ctrl Pts',(13.802019304039,6.5344161000209,-5.4));
#3551=CARTESIAN_POINT('Ctrl Pts',(15.4260334628473,8.26023459400799,-3.4));
#3552=CARTESIAN_POINT('Ctrl Pts',(15.4260334628473,8.26023459400799,-3.82587866995303));
#3553=CARTESIAN_POINT('Ctrl Pts',(15.2588617669831,8.08331320280341,-4.43969508570953));
#3554=CARTESIAN_POINT('Ctrl Pts',(14.6379785071578,7.42095700063249,-5.2738842830431));
#3555=CARTESIAN_POINT('Ctrl Pts',(14.1654002796138,6.91905793156939,-5.4));
#3556=CARTESIAN_POINT('Ctrl Pts',(13.802019304039,6.5344161000209,-5.4));
#3557=CARTESIAN_POINT('Ctrl Pts',(14.6389878858909,8.53417572333744,-3.4));
#3558=CARTESIAN_POINT('Ctrl Pts',(14.6389878858909,8.53417572333744,-3.74957779865965));
#3559=CARTESIAN_POINT('Ctrl Pts',(14.5708603030345,8.39255705271778,-4.26356501902263));
#3560=CARTESIAN_POINT('Ctrl Pts',(14.2874156501234,7.74548450939805,-5.14094752255449));
#3561=CARTESIAN_POINT('Ctrl Pts',(14.0158436090899,7.06865757556636,-5.4));
#3562=CARTESIAN_POINT('Ctrl Pts',(13.802019304039,6.5344161000209,-5.4));
#3563=CARTESIAN_POINT('Ctrl Pts',(14.3024502507055,8.53427240985612,-3.4));
#3564=CARTESIAN_POINT('Ctrl Pts',(14.3024502507055,8.53427240985612,-3.69919930034188));
#3565=CARTESIAN_POINT('Ctrl Pts',(14.2765331061686,8.43070054768354,-4.14601564467528));
#3566=CARTESIAN_POINT('Ctrl Pts',(14.1368394471757,7.87244721175,-5.04310076808229));
#3567=CARTESIAN_POINT('Ctrl Pts',(13.9517478931511,7.13277170870791,-5.4));
#3568=CARTESIAN_POINT('Ctrl Pts',(13.802019304039,6.5344161000209,-5.4));
#3569=CARTESIAN_POINT('',(15.802019304039,7.03427247176114,-3.4));
#3570=CARTESIAN_POINT('',(13.802019304039,6.53441610002091,-5.4));
#3571=CARTESIAN_POINT('Origin',(13.802019304039,6.5344161000209,-3.4));
#3572=CARTESIAN_POINT('',(14.3024502507055,8.53427240985613,-3.4));
#3573=CARTESIAN_POINT('Origin',(13.802019304039,6.5344161000209,-3.4));
#3574=CARTESIAN_POINT('Origin',(14.302019304039,7.03427247176114,-3.4));
#3575=CARTESIAN_POINT('Origin',(-14.604496087077,6.54257722910082,-3.4));
#3576=CARTESIAN_POINT('',(-2.920205740411,6.53922035831207,-5.4));
#3577=CARTESIAN_POINT('',(-14.604496087077,6.54257722910082,-5.4));
#3578=CARTESIAN_POINT('Origin',(-2.92020574041099,6.53922035831208,-3.4));
#3579=CARTESIAN_POINT('',(-14.6039214915217,8.5425771465608,-3.4));
#3580=CARTESIAN_POINT('Origin',(-53.59970789941,17.8973701865755,-3.4));
#3581=CARTESIAN_POINT('',(-53.59970789941,63.148971297943,-5.4));
#3582=CARTESIAN_POINT('Origin',(-53.59970789941,63.148971297943,-3.4));
#3583=CARTESIAN_POINT('',(-53.5997078994099,6.53443473723446,-5.4));
#3584=CARTESIAN_POINT('',(-53.59970789941,17.8973701865755,-5.4));
#3585=CARTESIAN_POINT('Origin',(-53.5997078994099,6.53443473723446,-3.4));
#3586=CARTESIAN_POINT('Origin',(-48.81239776479,63.148971297943,-3.4));
#3587=CARTESIAN_POINT('',(-48.812323627047,67.9362814319889,-5.4));
#3588=CARTESIAN_POINT('Origin',(-48.812323627047,67.9362814319889,-3.4));
#3589=CARTESIAN_POINT('Origin',(-48.81239776479,63.148971297943,-5.4));
#3590=CARTESIAN_POINT('Origin',(-48.81239776479,63.148971297943,-3.4));
#3591=CARTESIAN_POINT('Origin',(-38.5450183415995,67.9350823105247,-3.4));
#3592=CARTESIAN_POINT('',(-7.70764434323931,67.9314808357879,-5.4));
#3593=CARTESIAN_POINT('Origin',(-7.70764434323931,67.9314808357879,-3.4));
#3594=CARTESIAN_POINT('',(-38.5450183415995,67.9350823105247,-5.4));
#3595=CARTESIAN_POINT('Origin',(-7.7075158750331,63.1441706883409,-3.4));
#3596=CARTESIAN_POINT('',(-2.920205740412,63.144170688341,-5.4));
#3597=CARTESIAN_POINT('Origin',(-2.920205740412,63.144170688341,-3.4));
#3598=CARTESIAN_POINT('Origin',(-7.7075158750331,63.1441706883409,-5.4));
#3599=CARTESIAN_POINT('Origin',(-7.7075158750331,63.1441706883409,-3.4));
#3600=CARTESIAN_POINT('Origin',(-2.92020574041168,45.202595885192,-3.4));
#3601=CARTESIAN_POINT('',(-2.92020574041168,45.202595885192,-5.4));
#3602=CARTESIAN_POINT('Origin',(-49.5706048806893,6.53587629819341,-3.4));
#3603=CARTESIAN_POINT('',(-49.5713204547811,8.53587617018184,-3.4));
#3604=CARTESIAN_POINT('',(-49.5706048806893,6.53587629819341,-5.4));
#3605=CARTESIAN_POINT('Origin',(13.802019304039,17.1476467769018,-3.4));
#3606=CARTESIAN_POINT('',(15.802019304039,-8.626929133858,-3.4));
#3607=CARTESIAN_POINT('',(15.802019304039,17.1476467769018,-3.4));
#3608=CARTESIAN_POINT('',(13.802019304039,-8.626929133858,-5.4));
#3609=CARTESIAN_POINT('Origin',(13.802019304039,-8.626929133858,-3.4));
#3610=CARTESIAN_POINT('',(13.802019304039,17.1476467769018,-5.4));
#3611=CARTESIAN_POINT('Origin',(9.01470916941854,-8.62692913385754,-3.4));
#3612=CARTESIAN_POINT('',(9.01470916941781,-15.414239268478,-3.4));
#3613=CARTESIAN_POINT('',(9.01470916941802,-13.414239268478,-5.4));
#3614=CARTESIAN_POINT('Origin',(9.01470916941802,-13.414239268478,-3.4));
#3615=CARTESIAN_POINT('Origin',(9.01470916941854,-8.62692913385754,-5.4));
#3616=CARTESIAN_POINT('Origin',(9.01470916941854,-8.62692913385754,-3.4));
#3617=CARTESIAN_POINT('Origin',(-9.63377571755342,-13.414239268476,-3.4));
#3618=CARTESIAN_POINT('',(-65.5792303784602,-15.41423926847,-3.4));
#3619=CARTESIAN_POINT('',(-65.57923037846,-13.41423926847,-5.4));
#3620=CARTESIAN_POINT('Origin',(-65.57923037846,-13.41423926847,-3.4));
#3621=CARTESIAN_POINT('',(-9.63377571755342,-13.414239268476,-5.4));
#3622=CARTESIAN_POINT('',(-9.63377571755363,-15.414239268476,-3.4));
#3623=CARTESIAN_POINT('Origin',(-65.579230378468,-8.626929133858,-3.4));
#3624=CARTESIAN_POINT('',(-72.36654051308,-8.626929133858,-3.4));
#3625=CARTESIAN_POINT('',(-70.36654051308,-8.626929133858,-5.4));
#3626=CARTESIAN_POINT('Origin',(-70.36654051308,-8.626929133858,-3.4));
#3627=CARTESIAN_POINT('Origin',(-65.579230378468,-8.626929133858,-5.4));
#3628=CARTESIAN_POINT('Origin',(-65.579230378468,-8.626929133858,-3.4));
#3629=CARTESIAN_POINT('Origin',(-70.36654051308,9.31704597409223,-3.4));
#3630=CARTESIAN_POINT('',(-70.36654051308,9.31704597409223,-5.4));
#3631=CARTESIAN_POINT('',(-72.36654051308,9.31704597409223,-3.4));
#3632=CARTESIAN_POINT('Origin',(14.302019304039,7.03427247176114,0.));
#3633=CARTESIAN_POINT('',(14.3024502507055,8.53427240985613,0.));
#3634=CARTESIAN_POINT('',(15.802019304039,7.03427247176115,0.));
#3635=CARTESIAN_POINT('Origin',(-0.920205740411031,8.53864584527305,0.));
#3636=CARTESIAN_POINT('',(6.46278875510177,8.53652472727205,-0.450012700025));
#3637=CARTESIAN_POINT('',(6.46278875510177,8.53652472727443,1.6));
#3638=CARTESIAN_POINT('',(11.9627885281167,8.53494458949286,-0.450012700025));
#3639=CARTESIAN_POINT('Origin',(9.21278864160925,8.53573465838212,-0.450012700025));
#3640=CARTESIAN_POINT('',(11.9627885281167,8.53494458949726,-0.2250063500125));
#3641=CARTESIAN_POINT('Origin',(-7.7075158750331,63.1441706883409,0.));
#3642=CARTESIAN_POINT('Origin',(-48.81239776479,63.148971297943,0.));
#3643=CARTESIAN_POINT('Origin',(-28.2822606045205,27.2610210820425,-5.4));
#3644=CARTESIAN_POINT('',(-4.582113284227,64.636527813056,-5.4));
#3645=CARTESIAN_POINT('Origin',(-6.182113284227,64.636527813056,-5.4));
#3646=CARTESIAN_POINT('',(-62.50462788925,-10.15162052324,-5.4));
#3647=CARTESIAN_POINT('Origin',(-64.10462788925,-10.15162052324,-5.4));
#3648=CARTESIAN_POINT('',(-48.7124003048,64.661927863856,-5.4));
#3649=CARTESIAN_POINT('Origin',(-50.3124003048,64.661927863856,-5.4));
#3650=CARTESIAN_POINT('',(9.108514097028,-10.15162052324,-5.4));
#3651=CARTESIAN_POINT('Origin',(7.508514097028,-10.15162052324,-5.4));
#3652=CARTESIAN_POINT('Origin',(-6.182113284227,64.636527813056,-4.4));
#3653=CARTESIAN_POINT('',(-4.582113284227,64.636527813056,-4.4));
#3654=CARTESIAN_POINT('Origin',(-6.182113284227,64.636527813056,-4.4));
#3655=CARTESIAN_POINT('',(-5.182113284227,64.636527813056,-4.4));
#3656=CARTESIAN_POINT('Origin',(-6.182113284227,64.636527813056,-4.4));
#3657=CARTESIAN_POINT('Origin',(-6.182113284227,64.636527813056,-4.9));
#3658=CARTESIAN_POINT('',(-4.582113284227,64.636527813056,-4.9));
#3659=CARTESIAN_POINT('Origin',(-6.182113284227,64.636527813056,-2.4));
#3660=CARTESIAN_POINT('',(-5.182113284227,64.636527813056,-2.4));
#3661=CARTESIAN_POINT('Origin',(-64.10462788925,-10.15162052324,-4.4));
#3662=CARTESIAN_POINT('',(-62.50462788925,-10.15162052324,-4.4));
#3663=CARTESIAN_POINT('Origin',(-64.10462788925,-10.15162052324,-4.4));
#3664=CARTESIAN_POINT('',(-63.10462788925,-10.15162052324,-4.4));
#3665=CARTESIAN_POINT('Origin',(-64.10462788925,-10.15162052324,-4.4));
#3666=CARTESIAN_POINT('Origin',(-64.10462788925,-10.15162052324,-4.9));
#3667=CARTESIAN_POINT('',(-62.50462788925,-10.15162052324,-4.9));
#3668=CARTESIAN_POINT('Origin',(-64.10462788925,-10.15162052324,-2.4));
#3669=CARTESIAN_POINT('',(-63.10462788925,-10.15162052324,-2.4));
#3670=CARTESIAN_POINT('Origin',(-50.3124003048,64.661927863856,-4.4));
#3671=CARTESIAN_POINT('',(-48.7124003048,64.661927863856,-4.4));
#3672=CARTESIAN_POINT('Origin',(-50.3124003048,64.661927863856,-4.4));
#3673=CARTESIAN_POINT('',(-49.3124003048,64.661927863856,-4.4));
#3674=CARTESIAN_POINT('Origin',(-50.3124003048,64.661927863856,-4.4));
#3675=CARTESIAN_POINT('Origin',(-50.3124003048,64.661927863856,-4.9));
#3676=CARTESIAN_POINT('',(-48.7124003048,64.661927863856,-4.9));
#3677=CARTESIAN_POINT('Origin',(-50.3124003048,64.661927863856,-2.4));
#3678=CARTESIAN_POINT('',(-49.3124003048,64.661927863856,-2.4));
#3679=CARTESIAN_POINT('Origin',(7.508514097028,-10.15162052324,-4.4));
#3680=CARTESIAN_POINT('',(9.108514097028,-10.15162052324,-4.4));
#3681=CARTESIAN_POINT('Origin',(7.508514097028,-10.15162052324,-4.4));
#3682=CARTESIAN_POINT('',(8.508514097028,-10.15162052324,-4.4));
#3683=CARTESIAN_POINT('Origin',(7.508514097028,-10.15162052324,-4.4));
#3684=CARTESIAN_POINT('Origin',(7.508514097028,-10.15162052324,-4.9));
#3685=CARTESIAN_POINT('',(9.108514097028,-10.15162052324,-4.9));
#3686=CARTESIAN_POINT('Origin',(7.508514097028,-10.15162052324,-2.4));
#3687=CARTESIAN_POINT('',(8.508514097028,-10.15162052324,-2.4));
#3688=CARTESIAN_POINT('Origin',(-64.10462788925,-10.15162052324,-3.9));
#3689=CARTESIAN_POINT('',(-66.35462788925,-10.15162052324,-3.9));
#3690=CARTESIAN_POINT('Origin',(-28.2822606045205,27.2610210820425,-3.9));
#3691=CARTESIAN_POINT('',(-2.420205740412,63.144170688341,-3.9));
#3692=CARTESIAN_POINT('',(-2.42020574041118,17.1500489060476,-3.9));
#3693=CARTESIAN_POINT('',(-7.70749835663994,68.431480822933,-3.9));
#3694=CARTESIAN_POINT('Origin',(-7.7075158750331,63.1441706883409,-3.9));
#3695=CARTESIAN_POINT('',(-48.8123802463979,68.436281432534,-3.9));
#3696=CARTESIAN_POINT('',(-17.9924752060858,68.4326819979915,-3.9));
#3697=CARTESIAN_POINT('',(-54.09970789941,63.148971297943,-3.9));
#3698=CARTESIAN_POINT('Origin',(-48.81239776479,63.148971297943,-3.9));
#3699=CARTESIAN_POINT('',(-54.09970789941,45.2049961899927,-3.9));
#3700=CARTESIAN_POINT('',(-52.5624003048,64.661927863856,-3.9));
#3701=CARTESIAN_POINT('Origin',(-50.3124003048,64.661927863856,-3.9));
#3702=CARTESIAN_POINT('',(-8.432113284227,64.636527813056,-3.9));
#3703=CARTESIAN_POINT('Origin',(-6.182113284227,64.636527813056,-3.9));
#3704=CARTESIAN_POINT('Origin',(-50.3124003048,64.661927863856,-3.9));
#3705=CARTESIAN_POINT('',(-52.5624003048,64.661927863856,-3.9));
#3706=CARTESIAN_POINT('Origin',(7.508514097028,-10.15162052324,-3.9));
#3707=CARTESIAN_POINT('',(5.258514097028,-10.15162052324,-3.9));
#3708=CARTESIAN_POINT('Origin',(-6.182113284227,64.636527813056,-3.9));
#3709=CARTESIAN_POINT('',(-8.432113284227,64.636527813056,-3.9));
#3710=CARTESIAN_POINT('Origin',(-65.7830272821662,8.53007583111587,-0.450012700025));
#3711=CARTESIAN_POINT('',(-63.0324907776137,7.03105984150077,-0.450012700025));
#3712=CARTESIAN_POINT('',(-68.5324904255819,7.02909201274833,-0.450012700025));
#3713=CARTESIAN_POINT('Origin',(-65.7824906015978,7.03007592712748,-0.450012700025));
#3714=CARTESIAN_POINT('',(-63.0330274581821,8.53105974550787,-0.450012700025));
#3715=CARTESIAN_POINT('',(-63.0330274581821,8.53105974550787,-0.450012700025));
#3716=CARTESIAN_POINT('',(-68.5330271061503,8.52909191674098,-0.450012700025));
#3717=CARTESIAN_POINT('Origin',(-65.7830272821662,8.5300758311146,-0.450012700025));
#3718=CARTESIAN_POINT('',(-68.5330271061503,8.52909191674098,-0.450012700025));
#3719=CARTESIAN_POINT('Origin',(-68.5330271061503,8.52909191674098,3.2));
#3720=CARTESIAN_POINT('',(-68.5324904255818,7.02909201274833,3.2));
#3721=CARTESIAN_POINT('',(-68.5324904255819,7.02909201274833,1.6));
#3722=CARTESIAN_POINT('',(-68.5330271061503,8.52909191674098,3.2));
#3723=CARTESIAN_POINT('',(-68.5330271061503,8.52909191673965,1.6));
#3724=CARTESIAN_POINT('',(-68.5363755504516,17.887854699485,3.2));
#3725=CARTESIAN_POINT('Origin',(-63.0330274581821,8.53105974550787,-0.450012700025));
#3726=CARTESIAN_POINT('',(-63.0324907776137,7.03105984150077,-0.2250063500125));
#3727=CARTESIAN_POINT('',(-63.0330274581821,8.53105974549208,-0.2250063500125));
#3728=CARTESIAN_POINT('Origin',(-54.09970789941,7.03425587570297,0.));
#3729=CARTESIAN_POINT('',(-70.86654051308,7.0282569198091,3.2));
#3730=CARTESIAN_POINT('',(-54.09970789941,7.03425587570297,3.2));
#3731=CARTESIAN_POINT('',(-70.86654051308,7.0282569198091,0.));
#3732=CARTESIAN_POINT('',(-54.09970789941,7.03425587570297,0.));
#3733=CARTESIAN_POINT('Origin',(-28.2822606045205,27.2610210820425,3.2));
#3734=CARTESIAN_POINT('',(-70.86654051308,-8.626929133858,3.2));
#3735=CARTESIAN_POINT('Origin',(-65.579230378468,-8.626929133858,3.2));
#3736=CARTESIAN_POINT('',(-70.86654051308,7.0282569198091,3.2));
#3737=CARTESIAN_POINT('',(-70.8670771936489,8.52825682380042,3.2));
#3738=CARTESIAN_POINT('',(-55.5997078994099,8.53371929110845,3.2));
#3739=CARTESIAN_POINT('',(-72.36654051308,7.0282569198091,3.2));
#3740=CARTESIAN_POINT('Origin',(-70.86654051308,7.0282569198091,3.2));
#3741=CARTESIAN_POINT('',(-72.36654051308,-8.626929133858,3.2));
#3742=CARTESIAN_POINT('',(-72.36654051308,7.0282569198091,3.2));
#3743=CARTESIAN_POINT('',(-65.5792303784602,-15.41423926847,3.2));
#3744=CARTESIAN_POINT('Origin',(-65.579230378468,-8.626929133858,3.2));
#3745=CARTESIAN_POINT('',(-65.5792303784602,-15.41423926847,3.2));
#3746=CARTESIAN_POINT('Origin',(9.21278864160925,8.53573465838585,-0.450012700025));
#3747=CARTESIAN_POINT('',(11.9623575814497,7.03494465140228,-0.450012700025));
#3748=CARTESIAN_POINT('',(6.46235780843472,7.03652478917944,-0.450012700025));
#3749=CARTESIAN_POINT('Origin',(9.2123576949422,7.03573472029273,-0.450012700025));
#3750=CARTESIAN_POINT('',(11.9627885281167,8.53494458949286,-0.450012700025));
#3751=CARTESIAN_POINT('',(6.46278875510177,8.53652472727205,-0.450012700025));
#3752=CARTESIAN_POINT('Origin',(6.46278875510177,8.53652472727451,3.2));
#3753=CARTESIAN_POINT('',(6.46235780843472,7.03652478917944,1.6));
#3754=CARTESIAN_POINT('Origin',(11.9627885281167,8.53494458949286,-0.450012700025));
#3755=CARTESIAN_POINT('',(11.9623575814497,7.03494465140228,-0.2250063500125));
#3756=CARTESIAN_POINT('Origin',(14.302019304039,7.03427247176115,0.));
#3757=CARTESIAN_POINT('',(-2.420205740411,7.03907673005232,0.));
#3758=CARTESIAN_POINT('',(14.302019304039,7.03427247176115,0.));
#3759=CARTESIAN_POINT('Ctrl Pts',(-25.0651374234087,69.9335080185642,1.400050746268));
#3760=CARTESIAN_POINT('Ctrl Pts',(-25.0668892625985,54.9335081208622,1.40005074628286));
#3761=CARTESIAN_POINT('Ctrl Pts',(-24.8782243499492,69.9334861891207,1.400050746268));
#3762=CARTESIAN_POINT('Ctrl Pts',(-24.879976189139,54.9334862914187,1.40005074628286));
#3763=CARTESIAN_POINT('Ctrl Pts',(-24.6913643035791,69.9334643658702,1.43422419018136));
#3764=CARTESIAN_POINT('Ctrl Pts',(-24.6931161427688,54.9334644681683,1.43422419019623));
#3765=CARTESIAN_POINT('Ctrl Pts',(-24.5165495887949,69.9334439493854,1.50037789461083));
#3766=CARTESIAN_POINT('Ctrl Pts',(-24.5183014279847,54.9334440516834,1.50037789462569));
#3767=CARTESIAN_POINT('Ctrl Pts',(-23.9323173910799,69.933375717327,1.72146411251615));
#3768=CARTESIAN_POINT('Ctrl Pts',(-23.9340692302696,54.9333758196251,1.72146411253101));
#3769=CARTESIAN_POINT('Ctrl Pts',(-23.5151374597814,69.9333269951828,2.32538571219989));
#3770=CARTESIAN_POINT('Ctrl Pts',(-23.5168892989711,54.9333270974808,2.32538571221476));
#3771=CARTESIAN_POINT('Ctrl Pts',(-23.5151374597814,69.9333269951828,2.950050728991));
#3772=CARTESIAN_POINT('Ctrl Pts',(-23.5168892989711,54.9333270974808,2.95005072900587));
#3773=CARTESIAN_POINT('',(-23.5153126437002,68.4333270062087,2.95005072899249));
#3774=CARTESIAN_POINT('',(-25.0653126073276,68.4335080295911,1.40005074626949));
#3775=CARTESIAN_POINT('Ctrl Pts',(-23.5153126437002,68.4333270062087,2.95005072899249));
#3776=CARTESIAN_POINT('Ctrl Pts',(-23.5153126437002,68.4333270062087,2.32538571220138));
#3777=CARTESIAN_POINT('Ctrl Pts',(-23.9324925749988,68.433375728353,1.72146411251764));
#3778=CARTESIAN_POINT('Ctrl Pts',(-24.5167247727138,68.4334439604113,1.50037789461232));
#3779=CARTESIAN_POINT('Ctrl Pts',(-24.691539487498,68.4334643768962,1.43422419018285));
#3780=CARTESIAN_POINT('Ctrl Pts',(-24.8783995338681,68.4334862001466,1.40005074626949));
#3781=CARTESIAN_POINT('Ctrl Pts',(-25.0653126073276,68.4335080295901,1.40005074626949));
#3782=CARTESIAN_POINT('',(-23.5151374597814,69.9333269951828,2.950050728991));
#3783=CARTESIAN_POINT('',(-25.0651374234087,69.9335080185642,1.400050746268));
#3784=CARTESIAN_POINT('Origin',(-31.5051372465588,69.9342601415131,1.40005074626776));
#3785=CARTESIAN_POINT('',(-31.5053124304777,68.4342601525446,1.40005074626949));
#3786=CARTESIAN_POINT('',(-19.60640539356,68.4328704877388,1.40005074626969));
#3787=CARTESIAN_POINT('',(-31.5051372465588,69.9342601415131,1.400050746268));
#3788=CARTESIAN_POINT('Ctrl Pts',(-33.0551372101862,69.9344411648945,2.950050728991));
#3789=CARTESIAN_POINT('Ctrl Pts',(-33.056889049376,54.9344412671925,2.95005072900586));
#3790=CARTESIAN_POINT('Ctrl Pts',(-33.0551372101862,69.9344411648945,2.76313765372222));
#3791=CARTESIAN_POINT('Ctrl Pts',(-33.056889049376,54.9344412671925,2.76313765373709));
#3792=CARTESIAN_POINT('Ctrl Pts',(-33.0209637668896,69.9344371738026,2.57627760553532));
#3793=CARTESIAN_POINT('Ctrl Pts',(-33.0227156060794,54.9344372761006,2.57627760555018));
#3794=CARTESIAN_POINT('Ctrl Pts',(-32.9548100635588,69.9344294477591,2.40146288888558));
#3795=CARTESIAN_POINT('Ctrl Pts',(-32.9565619027486,54.9344295500572,2.40146288890045));
#3796=CARTESIAN_POINT('Ctrl Pts',(-32.7337238493252,69.9344036272591,1.81723068493564));
#3797=CARTESIAN_POINT('Ctrl Pts',(-32.7354756885149,54.9344037295571,1.81723068495051));
#3798=CARTESIAN_POINT('Ctrl Pts',(-32.1298022573033,69.9343330956906,1.400050746268));
#3799=CARTESIAN_POINT('Ctrl Pts',(-32.1315540964931,54.9343331979886,1.40005074628286));
#3800=CARTESIAN_POINT('Ctrl Pts',(-31.5051372465588,69.9342601415131,1.400050746268));
#3801=CARTESIAN_POINT('Ctrl Pts',(-31.5068890857486,54.9342602438111,1.40005074628286));
#3802=CARTESIAN_POINT('',(-33.0553123941051,68.4344411759269,2.95005072899249));
#3803=CARTESIAN_POINT('Ctrl Pts',(-31.5053124304777,68.4342601525446,1.40005074626949));
#3804=CARTESIAN_POINT('Ctrl Pts',(-32.1299774412222,68.4343331067221,1.40005074626949));
#3805=CARTESIAN_POINT('Ctrl Pts',(-32.733899033244,68.4344036382906,1.81723068493713));
#3806=CARTESIAN_POINT('Ctrl Pts',(-32.9549852474777,68.4344294587906,2.40146288888707));
#3807=CARTESIAN_POINT('Ctrl Pts',(-33.0211389508085,68.4344371848341,2.5762776055368));
#3808=CARTESIAN_POINT('Ctrl Pts',(-33.0553123941051,68.4344411759259,2.76313765372371));
#3809=CARTESIAN_POINT('Ctrl Pts',(-33.0553123941051,68.4344411759259,2.95005072899249));
#3810=CARTESIAN_POINT('',(-33.0551372101862,69.9344411648945,2.950050728991));
#3811=CARTESIAN_POINT('Origin',(-33.0551372101862,69.9344411648945,3.610050719869));
#3812=CARTESIAN_POINT('',(-33.0553123941051,68.4344411759269,1.80502535993467));
#3813=CARTESIAN_POINT('Origin',(-23.5151374597814,69.9333269951828,2.950050728991));
#3814=CARTESIAN_POINT('',(-23.5153126437002,68.4333270062087,3.2));
#3815=CARTESIAN_POINT('',(-23.5153126437002,68.4333270062087,1.47502536449555));
#3816=CARTESIAN_POINT('',(-23.5176293262027,48.5968959551958,3.2));
#3817=CARTESIAN_POINT('Origin',(-7.70749835663994,68.431480822933,0.));
#3818=CARTESIAN_POINT('',(-48.8123802463979,68.436281432534,0.));
#3819=CARTESIAN_POINT('',(-7.70749835663994,68.431480822933,0.));
#3820=CARTESIAN_POINT('',(-7.70749835663994,68.431480822933,3.2));
#3821=CARTESIAN_POINT('Origin',(-0.920205740411518,59.1341805328914,1.53534568943151));
#3822=CARTESIAN_POINT('',(-2.42020574041165,43.4027741357541,1.53534568943151));
#3823=CARTESIAN_POINT('',(-2.42020574041193,59.1341805328914,1.53534568943151));
#3824=CARTESIAN_POINT('',(-2.42020574041146,33.0866286314718,1.53534568943151));
#3825=CARTESIAN_POINT('',(-0.920205740411518,43.4027741357541,1.53534568943151));
#3826=CARTESIAN_POINT('',(-0.920205740411518,59.1341805328914,1.53534568943151));
#3827=CARTESIAN_POINT('Origin',(-0.920205740411518,59.1341805328914,3.90209491640583));
#3828=CARTESIAN_POINT('',(-2.42020574041193,59.1341805328914,1.95104745820291));
#3829=CARTESIAN_POINT('Origin',(-0.920205740411518,43.4027741357541,1.53534568943151));
#3830=CARTESIAN_POINT('',(-2.42020574041165,43.4027741357541,3.2));
#3831=CARTESIAN_POINT('',(-2.42020574041165,43.4027741357541,0.767672844715753));
#3832=CARTESIAN_POINT('',(-14.601233172466,43.4027741357541,3.2));
#3833=CARTESIAN_POINT('Origin',(-2.420205740411,7.03907673005232,0.));
#3834=CARTESIAN_POINT('',(-2.42020574041146,32.8910744757481,2.600050801007));
#3835=CARTESIAN_POINT('',(-2.42020574041146,32.8910744757491,1.30002540051431));
#3836=CARTESIAN_POINT('',(-2.42020574041148,34.1610744640381,1.330050812717));
#3837=CARTESIAN_POINT('Origin',(-2.420205740411,34.1610744640381,2.600050801007));
#3838=CARTESIAN_POINT('',(-2.42020574041161,41.1010743802601,1.33005081271706));
#3839=CARTESIAN_POINT('',(-2.4202057404113,24.0700755551562,1.33005081271692));
#3840=CARTESIAN_POINT('',(-2.42020574041163,42.37107436855,2.600050801007));
#3841=CARTESIAN_POINT('Origin',(-2.420205740411,41.1010743802601,2.600050801007));
#3842=CARTESIAN_POINT('',(-2.42020574041163,42.37107436855,3.2));
#3843=CARTESIAN_POINT('',(-2.42020574041163,42.37107436855,1.90002539325958));
#3844=CARTESIAN_POINT('',(-2.420205740411,7.03907673005232,3.2));
#3845=CARTESIAN_POINT('',(-2.42020574041201,63.144170688341,0.));
#3846=CARTESIAN_POINT('Origin',(-28.2822606045205,27.2610210820425,3.2));
#3847=CARTESIAN_POINT('Origin',(-0.920205740411518,34.1610744640381,2.600050801007));
#3848=CARTESIAN_POINT('',(-0.920205740411518,32.8910744757481,2.600050801007));
#3849=CARTESIAN_POINT('',(-0.920205740411518,34.1610744640381,1.330050812717));
#3850=CARTESIAN_POINT('Origin',(-0.920205740411518,41.1010743802601,1.33005081271706));
#3851=CARTESIAN_POINT('',(-0.920205740411518,41.1010743802601,1.33005081271706));
#3852=CARTESIAN_POINT('Origin',(-0.920205740411518,41.1010743802601,2.600050801007));
#3853=CARTESIAN_POINT('',(-0.920205740411518,42.37107436855,2.600050801007));
#3854=CARTESIAN_POINT('Origin',(-0.920205740411518,42.3710743685501,3.800050786521));
#3855=CARTESIAN_POINT('',(-14.601233172466,42.37107436855,3.2));
#3856=CARTESIAN_POINT('Origin',(-0.920205740411518,32.8910744757481,2.600050801007));
#3857=CARTESIAN_POINT('Origin',(-28.2822606045205,27.2610210820425,3.2));
#3858=CARTESIAN_POINT('Origin',(-48.81239776479,63.148971297943,0.));
#3859=CARTESIAN_POINT('',(-54.09970789941,63.148971297943,0.));
#3860=CARTESIAN_POINT('Origin',(-7.7075158750331,63.1441706883409,0.));
#3861=CARTESIAN_POINT('Origin',(14.302019304039,-8.62692913385803,0.));
#3862=CARTESIAN_POINT('',(14.302019304039,-8.62692913385803,0.));
#3863=CARTESIAN_POINT('Origin',(9.01470916941854,-8.62692913385754,0.));
#3864=CARTESIAN_POINT('Origin',(-65.579230378468,-8.626929133858,0.));
#3865=CARTESIAN_POINT('',(-70.86654051308,-8.626929133858,0.));
#3866=CARTESIAN_POINT('Origin',(-70.86654051308,7.0282569198091,0.));
#3867=CARTESIAN_POINT('Origin',(-54.09970789941,63.148971297943,0.));
#3868=CARTESIAN_POINT('Origin',(-70.8670771936489,8.52825682380042,0.));
#3869=CARTESIAN_POINT('',(-70.8670771936489,8.52825682380042,0.));
#3870=CARTESIAN_POINT('Origin',(-70.86654051308,7.0282569198091,0.));
#3871=CARTESIAN_POINT('',(-72.36654051308,7.0282569198091,0.));
#3872=CARTESIAN_POINT('Origin',(-72.36654051308,-8.626929133858,0.));
#3873=CARTESIAN_POINT('',(-72.36654051308,-8.626929133858,0.));
#3874=CARTESIAN_POINT('Origin',(-65.579230378468,-8.626929133858,0.));
#3875=CARTESIAN_POINT('',(-65.5792303784602,-15.41423926847,0.));
#3876=CARTESIAN_POINT('Origin',(9.01470916941781,-15.414239268478,0.));
#3877=CARTESIAN_POINT('',(9.01470916941781,-15.414239268478,0.));
#3878=CARTESIAN_POINT('Origin',(9.01470916941854,-8.62692913385754,0.));
#3879=CARTESIAN_POINT('',(15.802019304039,-8.626929133858,0.));
#3880=CARTESIAN_POINT('Origin',(15.802019304039,7.03427247176115,0.));
#3881=CARTESIAN_POINT('',(0.,0.,0.));
#3882=UNCERTAINTY_MEASURE_WITH_UNIT(LENGTH_MEASURE(0.01),#3888,
'DISTANCE_ACCURACY_VALUE',
'Maximum model space distance between geometric entities at asserted c
onnectivities');
#3883=UNCERTAINTY_MEASURE_WITH_UNIT(LENGTH_MEASURE(0.01),#3888,
'DISTANCE_ACCURACY_VALUE',
'Maximum model space distance between geometric entities at asserted c
onnectivities');
#3884=UNCERTAINTY_MEASURE_WITH_UNIT(LENGTH_MEASURE(0.01),#3888,
'DISTANCE_ACCURACY_VALUE',
'Maximum model space distance between geometric entities at asserted c
onnectivities');
#3885=(
GEOMETRIC_REPRESENTATION_CONTEXT(3)
GLOBAL_UNCERTAINTY_ASSIGNED_CONTEXT((#3882))
GLOBAL_UNIT_ASSIGNED_CONTEXT((#3888,#3890,#3891))
REPRESENTATION_CONTEXT('','3D')
);
#3886=(
GEOMETRIC_REPRESENTATION_CONTEXT(3)
GLOBAL_UNCERTAINTY_ASSIGNED_CONTEXT((#3883))
GLOBAL_UNIT_ASSIGNED_CONTEXT((#3888,#3890,#3891))
REPRESENTATION_CONTEXT('','3D')
);
#3887=(
GEOMETRIC_REPRESENTATION_CONTEXT(3)
GLOBAL_UNCERTAINTY_ASSIGNED_CONTEXT((#3884))
GLOBAL_UNIT_ASSIGNED_CONTEXT((#3888,#3890,#3891))
REPRESENTATION_CONTEXT('','3D')
);
#3888=(
LENGTH_UNIT()
NAMED_UNIT(*)
SI_UNIT(.MILLI.,.METRE.)
);
#3889=(
LENGTH_UNIT()
NAMED_UNIT(*)
SI_UNIT($,.METRE.)
);
#3890=(
NAMED_UNIT(*)
PLANE_ANGLE_UNIT()
SI_UNIT($,.RADIAN.)
);
#3891=(
NAMED_UNIT(*)
SI_UNIT($,.STERADIAN.)
SOLID_ANGLE_UNIT()
);
#3892=SHAPE_DEFINITION_REPRESENTATION(#3894,#3897);
#3893=SHAPE_DEFINITION_REPRESENTATION(#3895,#3898);
#3894=PRODUCT_DEFINITION_SHAPE('',$,#3900);
#3895=PRODUCT_DEFINITION_SHAPE('',$,#3901);
#3896=PRODUCT_DEFINITION_SHAPE($,$,#14);
#3897=SHAPE_REPRESENTATION('',(#2278,#2480),#3885);
#3898=SHAPE_REPRESENTATION('',(#2279),#3886);
#3899=PRODUCT_DEFINITION_CONTEXT('part definition',#3907,'design');
#3900=PRODUCT_DEFINITION('hWa2-PCBModel','\X2\63A0593A800553CC98917387\X0\ 
v9',#3902,#3899);
#3901=PRODUCT_DEFINITION('\X2\987658F3\X0\','\X2\987658F3\X0\',#3903,#3899);
#3902=PRODUCT_DEFINITION_FORMATION('',$,#3909);
#3903=PRODUCT_DEFINITION_FORMATION('',$,#3910);
#3904=PRODUCT_RELATED_PRODUCT_CATEGORY('\X2\63A0593A800553CC98917387\X0\ 
v9','\X2\63A0593A800553CC98917387\X0\ v9',(#3909));
#3905=PRODUCT_RELATED_PRODUCT_CATEGORY('\X2\987658F3\X0\','\X2\987658F3\X0\',
(#3910));
#3906=APPLICATION_PROTOCOL_DEFINITION('international standard',
'automotive_design',2009,#3907);
#3907=APPLICATION_CONTEXT(
'Core Data for Automotive Mechanical Design Process');
#3908=PRODUCT_CONTEXT('part definition',#3907,'mechanical');
#3909=PRODUCT('hWa2-PCBModel','\X2\63A0593A800553CC98917387\X0\ v9',
'Designed by EasyEDA Pro',(#3908));
#3910=PRODUCT('\X2\987658F3\X0\','\X2\987658F3\X0\',$,(#3908));
#3911=PRESENTATION_STYLE_ASSIGNMENT((#3912));
#3912=SURFACE_STYLE_USAGE(.BOTH.,#3913);
#3913=SURFACE_SIDE_STYLE('',(#3914));
#3914=SURFACE_STYLE_FILL_AREA(#3915);
#3915=FILL_AREA_STYLE('\X2\94A2\X0\ - \X2\7F0E5149\X0\',(#3916));
#3916=FILL_AREA_STYLE_COLOUR('\X2\94A2\X0\ - \X2\7F0E5149\X0\',#3917);
#3917=COLOUR_RGB('\X2\94A2\X0\ - \X2\7F0E5149\X0\',0.627450980392157,0.627450980392157,
0.627450980392157);
ENDSEC;
END-ISO-10303-21;
