ISO-10303-21;
HEADER;
/* Generated by software containing ST-Developer
 * from STEP Tools, Inc. (www.steptools.com) 
 */

FILE_DESCRIPTION(
/* description */ ('Designed by EasyEDA Pro'),
/* implementation_level */ '2;1');

FILE_NAME(
/* name */ '',
/* time_stamp */ '2026-01-13T23:25:41+08:00',
/* author */ (''),
/* organization */ (''),
/* preprocessor_version */ 'ST-DEVELOPER v20.1',
/* originating_system */ 'Autodesk Translation Framework v14.21.0.0',
/* authorisation */ '');

FILE_SCHEMA (('AUTOMOTIVE_DESIGN { 1 0 10303 214 3 1 1 }'));
ENDSEC;

DATA;
#10=MECHANICAL_DESIGN_GEOMETRIC_PRESENTATION_REPRESENTATION('',(#17),#5089);
#11=ITEM_DEFINED_TRANSFORMATION($,$,#2661,#2839);
#12=(
REPRESENTATION_RELATIONSHIP($,$,#5100,#5099)
REPRESENTATION_RELATIONSHIP_WITH_TRANSFORMATION(#11)
SHAPE_REPRESENTATION_RELATIONSHIP()
);
#13=CONTEXT_DEPENDENT_SHAPE_REPRESENTATION(#12,#5098);
#14=NEXT_ASSEMBLY_USAGE_OCCURRENCE('\X2\65367EB358F3\X0\:1',
'\X2\65367EB358F3\X0\:1','\X2\65367EB358F3\X0\:1',#5102,#5103,
'\X2\65367EB358F3\X0\:1');
#15=SHAPE_REPRESENTATION_RELATIONSHIP('SRR','None',#5100,#16);
#16=ADVANCED_BREP_SHAPE_REPRESENTATION('',(#18),#5088);
#17=STYLED_ITEM('',(#5113),#18);
#18=MANIFOLD_SOLID_BREP('\X2\5B9E4F53\X0\1',#2647);
#19=(
BOUNDED_SURFACE()
B_SPLINE_SURFACE(2,2,((#4599,#4600,#4601),(#4602,#4603,#4604),(#4605,#4606,
#4607)),.UNSPECIFIED.,.F.,.F.,.F.)
B_SPLINE_SURFACE_WITH_KNOTS((3,3),(3,3),(0.,1.5707963267949),(-1.5707963267949,
-1.04719755119643),.UNSPECIFIED.)
GEOMETRIC_REPRESENTATION_ITEM()
RATIONAL_B_SPLINE_SURFACE(((1.,0.965925826289047,1.),(0.707106781186549,
0.683012701892206,0.707106781186549),(1.,0.965925826289047,1.)))
REPRESENTATION_ITEM('')
SURFACE()
);
#20=(
BOUNDED_SURFACE()
B_SPLINE_SURFACE(2,2,((#4619,#4620,#4621),(#4622,#4623,#4624),(#4625,#4626,
#4627)),.UNSPECIFIED.,.F.,.F.,.F.)
B_SPLINE_SURFACE_WITH_KNOTS((3,3),(3,3),(-2.61071388731629E-17,1.5707963267949),
(-2.09439510239328,-1.57079632679489),.UNSPECIFIED.)
GEOMETRIC_REPRESENTATION_ITEM()
RATIONAL_B_SPLINE_SURFACE(((1.,0.965925826289057,1.),(0.707106781186544,
0.683012701892208,0.707106781186544),(1.,0.965925826289057,1.)))
REPRESENTATION_ITEM('')
SURFACE()
);
#21=(
BOUNDED_SURFACE()
B_SPLINE_SURFACE(2,2,((#4870,#4871,#4872),(#4873,#4874,#4875),(#4876,#4877,
#4878)),.UNSPECIFIED.,.F.,.F.,.F.)
B_SPLINE_SURFACE_WITH_KNOTS((3,3),(3,3),(-2.59379964503819E-13,1.5707963267949),
(-1.5707963267949,-1.04719755119627),.UNSPECIFIED.)
GEOMETRIC_REPRESENTATION_ITEM()
RATIONAL_B_SPLINE_SURFACE(((1.,0.965925826289026,1.),(0.707106781186456,
0.683012701892101,0.707106781186456),(1.,0.965925826289026,1.)))
REPRESENTATION_ITEM('')
SURFACE()
);
#22=(
BOUNDED_SURFACE()
B_SPLINE_SURFACE(2,2,((#4890,#4891,#4892),(#4893,#4894,#4895),(#4896,#4897,
#4898)),.UNSPECIFIED.,.F.,.F.,.F.)
B_SPLINE_SURFACE_WITH_KNOTS((3,3),(3,3),(0.,1.5707963267949),(-2.09439510239311,
-1.5707963267949),.UNSPECIFIED.)
GEOMETRIC_REPRESENTATION_ITEM()
RATIONAL_B_SPLINE_SURFACE(((1.,0.96592582628908,1.),(0.707106781186548,
0.683012701892227,0.707106781186548),(1.,0.96592582628908,1.)))
REPRESENTATION_ITEM('')
SURFACE()
);
#23=TOROIDAL_SURFACE('',#2760,2.,0.7);
#24=TOROIDAL_SURFACE('',#2766,2.,0.7);
#25=TOROIDAL_SURFACE('',#2773,2.,0.7);
#26=TOROIDAL_SURFACE('',#2778,2.,0.7);
#27=B_SPLINE_CURVE_WITH_KNOTS('',3,(#3985,#3986,#3987,#3988),
 .UNSPECIFIED.,.F.,.F.,(4,4),(0.,1.),.UNSPECIFIED.);
#28=B_SPLINE_CURVE_WITH_KNOTS('',3,(#3989,#3990,#3991,#3992,#3993,#3994),
 .UNSPECIFIED.,.F.,.F.,(4,2,4),(-0.000719617398333561,0.,0.16741708884547),
 .UNSPECIFIED.);
#29=B_SPLINE_CURVE_WITH_KNOTS('',3,(#3995,#3996,#3997,#3998,#3999,#4000),
 .UNSPECIFIED.,.F.,.F.,(4,2,4),(-0.16741708884547,0.,0.000719617398333561),
 .UNSPECIFIED.);
#30=B_SPLINE_CURVE_WITH_KNOTS('',3,(#4024,#4025,#4026,#4027),
 .UNSPECIFIED.,.F.,.F.,(4,4),(3.92660452881849E-12,0.0666289084747919),
 .UNSPECIFIED.);
#31=B_SPLINE_CURVE_WITH_KNOTS('',3,(#4028,#4029,#4030,#4031),
 .UNSPECIFIED.,.F.,.F.,(4,4),(-0.0666289084747919,-3.92660452881849E-12),
 .UNSPECIFIED.);
#32=B_SPLINE_CURVE_WITH_KNOTS('',3,(#4048,#4049,#4050,#4051),
 .UNSPECIFIED.,.F.,.F.,(4,4),(0.805558247762203,0.839930603449378),
 .UNSPECIFIED.);
#33=B_SPLINE_CURVE_WITH_KNOTS('',3,(#4054,#4055,#4056,#4057),
 .UNSPECIFIED.,.F.,.F.,(4,4),(0.771185892075029,0.805558247762205),
 .UNSPECIFIED.);
#34=B_SPLINE_CURVE_WITH_KNOTS('',3,(#4086,#4087,#4088,#4089,#4090),
 .UNSPECIFIED.,.F.,.F.,(4,1,4),(0.,0.571428571428571,1.),.UNSPECIFIED.);
#35=B_SPLINE_CURVE_WITH_KNOTS('',3,(#4091,#4092,#4093,#4094),
 .UNSPECIFIED.,.F.,.F.,(4,4),(0.,0.0666288002035259),.UNSPECIFIED.);
#36=B_SPLINE_CURVE_WITH_KNOTS('',3,(#4095,#4096,#4097,#4098),
 .UNSPECIFIED.,.F.,.F.,(4,4),(-0.0666288002035259,0.),.UNSPECIFIED.);
#37=B_SPLINE_CURVE_WITH_KNOTS('',3,(#4129,#4130,#4131,#4132,#4133,#4134),
 .UNSPECIFIED.,.F.,.F.,(4,2,4),(1.47357296015082E-13,0.16741709760396,0.168136705286436),
 .UNSPECIFIED.);
#38=B_SPLINE_CURVE_WITH_KNOTS('',3,(#4135,#4136,#4137,#4138,#4139,#4140),
 .UNSPECIFIED.,.F.,.F.,(4,2,4),(-0.168136705286436,-0.16741709760396,-1.47357296015082E-13),
 .UNSPECIFIED.);
#39=B_SPLINE_CURVE_WITH_KNOTS('',3,(#4158,#4159,#4160,#4161,#4162,#4163,
#4164),.UNSPECIFIED.,.F.,.F.,(4,3,4),(2.7570147569922,3.13205326086568,
3.17707833644375),.UNSPECIFIED.);
#40=B_SPLINE_CURVE_WITH_KNOTS('',3,(#4186,#4187,#4188,#4189,#4190,#4191,
#4192,#4193,#4194,#4195,#4196,#4197,#4198,#4199,#4200,#4201,#4202,#4203,
#4204,#4205,#4206,#4207,#4208,#4209,#4210,#4211,#4212,#4213,#4214,#4215,
#4216,#4217,#4218,#4219,#4220,#4221,#4222,#4223,#4224,#4225),
 .UNSPECIFIED.,.F.,.F.,(4,3,3,3,3,3,3,3,3,3,3,3,3,4),(2.33695117754064,
2.537555821627,2.57663267500308,2.60741965718523,2.61760229727685,2.63026582480202,
2.64308275687451,2.65634193601763,2.67101731068832,2.68753478333444,2.71118064906278,
2.72921160776255,2.74419985318781,2.75701475699219),.UNSPECIFIED.);
#41=B_SPLINE_CURVE_WITH_KNOTS('',3,(#4254,#4255,#4256,#4257),
 .UNSPECIFIED.,.F.,.F.,(4,4),(0.,1.),.UNSPECIFIED.);
#42=B_SPLINE_CURVE_WITH_KNOTS('',3,(#4258,#4259,#4260,#4261,#4262,#4263),
 .UNSPECIFIED.,.F.,.F.,(4,2,4),(-0.000727499253222304,0.,0.167409958268801),
 .UNSPECIFIED.);
#43=B_SPLINE_CURVE_WITH_KNOTS('',3,(#4264,#4265,#4266,#4267,#4268,#4269),
 .UNSPECIFIED.,.F.,.F.,(4,2,4),(-0.167409958268801,0.,0.000727499253222304),
 .UNSPECIFIED.);
#44=B_SPLINE_CURVE_WITH_KNOTS('',3,(#4292,#4293,#4294,#4295),
 .UNSPECIFIED.,.F.,.F.,(4,4),(5.0612661993172E-12,0.0666289084756689),
 .UNSPECIFIED.);
#45=B_SPLINE_CURVE_WITH_KNOTS('',3,(#4296,#4297,#4298,#4299),
 .UNSPECIFIED.,.F.,.F.,(4,4),(-0.0666289084756689,-5.0612661993172E-12),
 .UNSPECIFIED.);
#46=B_SPLINE_CURVE_WITH_KNOTS('',3,(#4312,#4313,#4314,#4315),
 .UNSPECIFIED.,.F.,.F.,(4,4),(0.805558247762204,0.839930603449377),
 .UNSPECIFIED.);
#47=B_SPLINE_CURVE_WITH_KNOTS('',3,(#4318,#4319,#4320,#4321),
 .UNSPECIFIED.,.F.,.F.,(4,4),(0.771185892075038,0.805558247762203),
 .UNSPECIFIED.);
#48=B_SPLINE_CURVE_WITH_KNOTS('',3,(#4348,#4349,#4350,#4351,#4352),
 .UNSPECIFIED.,.F.,.F.,(4,1,4),(0.,0.571428571428571,1.),.UNSPECIFIED.);
#49=B_SPLINE_CURVE_WITH_KNOTS('',3,(#4353,#4354,#4355,#4356),
 .UNSPECIFIED.,.F.,.F.,(4,4),(4.74342787270722E-16,0.0666288002039999),
 .UNSPECIFIED.);
#50=B_SPLINE_CURVE_WITH_KNOTS('',3,(#4357,#4358,#4359,#4360),
 .UNSPECIFIED.,.F.,.F.,(4,4),(-0.0666288002039999,-4.74342787270722E-16),
 .UNSPECIFIED.);
#51=B_SPLINE_CURVE_WITH_KNOTS('',3,(#4391,#4392,#4393,#4394,#4395,#4396),
 .UNSPECIFIED.,.F.,.F.,(4,2,4),(0.,0.167409958250027,0.16813745750462),
 .UNSPECIFIED.);
#52=B_SPLINE_CURVE_WITH_KNOTS('',3,(#4397,#4398,#4399,#4400,#4401,#4402),
 .UNSPECIFIED.,.F.,.F.,(4,2,4),(-0.16813745750462,-0.167409958250027,0.),
 .UNSPECIFIED.);
#53=B_SPLINE_CURVE_WITH_KNOTS('',3,(#4419,#4420,#4421,#4422,#4423,#4424,
#4425),.UNSPECIFIED.,.F.,.F.,(4,3,4),(0.919004918997397,1.29404342286933,
1.33906849844895),.UNSPECIFIED.);
#54=B_SPLINE_CURVE_WITH_KNOTS('',3,(#4441,#4442,#4443,#4444,#4445,#4446,
#4447,#4448,#4449,#4450,#4451,#4452,#4453,#4454,#4455,#4456,#4457,#4458,
#4459,#4460,#4461,#4462,#4463,#4464,#4465,#4466,#4467,#4468,#4469,#4470,
#4471,#4472,#4473,#4474,#4475,#4476,#4477,#4478,#4479,#4480),
 .UNSPECIFIED.,.F.,.F.,(4,3,3,3,3,3,3,3,3,3,3,3,3,4),(0.498941339545847,
0.699545983632208,0.738622837014101,0.76940981918985,0.779592459668077,
0.792255987186266,0.805072919261228,0.818332098417126,0.833007473123578,
0.849524945848209,0.873170811949712,0.891201770493911,0.906190015880974,
0.919004918997399),.UNSPECIFIED.);
#55=B_SPLINE_CURVE_WITH_KNOTS('',3,(#4552,#4553,#4554,#4555,#4556,#4557,
#4558,#4559),.UNSPECIFIED.,.F.,.F.,(4,1,1,2,4),(-0.16741708884547,-0.100450253307282,
-0.0669668355381881,0.,0.000719617398333561),.UNSPECIFIED.);
#56=B_SPLINE_CURVE_WITH_KNOTS('',3,(#4560,#4561,#4562,#4563,#4564,#4565,
#4566,#4567),.UNSPECIFIED.,.F.,.F.,(4,2,1,1,4),(-0.000719617398333561,0.,
0.0669668355381881,0.100450253307282,0.16741708884547),.UNSPECIFIED.);
#57=B_SPLINE_CURVE_WITH_KNOTS('',3,(#4591,#4592,#4593,#4594),
 .UNSPECIFIED.,.F.,.F.,(4,4),(-0.0666289084747919,-3.92660452881849E-12),
 .UNSPECIFIED.);
#58=B_SPLINE_CURVE_WITH_KNOTS('',3,(#4595,#4596,#4597,#4598),
 .UNSPECIFIED.,.F.,.F.,(4,4),(3.92660452881849E-12,0.0666289084747919),
 .UNSPECIFIED.);
#59=B_SPLINE_CURVE_WITH_KNOTS('',3,(#4656,#4657,#4658,#4659),
 .UNSPECIFIED.,.F.,.F.,(4,4),(-0.0666288002035259,0.),.UNSPECIFIED.);
#60=B_SPLINE_CURVE_WITH_KNOTS('',3,(#4660,#4661,#4662,#4663),
 .UNSPECIFIED.,.F.,.F.,(4,4),(0.,0.0666288002035259),.UNSPECIFIED.);
#61=B_SPLINE_CURVE_WITH_KNOTS('',3,(#4704,#4705,#4706,#4707,#4708,#4709,
#4710,#4711),.UNSPECIFIED.,.F.,.F.,(4,1,1,2,4),(1.47357296015082E-13,0.0669668390416724,
0.100450258562435,0.16741709760396,0.168136705286436),.UNSPECIFIED.);
#62=B_SPLINE_CURVE_WITH_KNOTS('',3,(#4712,#4713,#4714,#4715,#4716,#4717,
#4718,#4719),.UNSPECIFIED.,.F.,.F.,(4,2,1,1,4),(-0.168136705286436,-0.16741709760396,
-0.100450258562435,-0.0669668390416724,-1.47357296015082E-13),
 .UNSPECIFIED.);
#63=B_SPLINE_CURVE_WITH_KNOTS('',3,(#4741,#4742,#4743,#4744,#4745,#4746),
 .UNSPECIFIED.,.F.,.F.,(4,2,4),(2.7570147569922,2.97647369235739,3.17707833644375),
 .UNSPECIFIED.);
#64=B_SPLINE_CURVE_WITH_KNOTS('',3,(#4773,#4774,#4775,#4776,#4777,#4778),
 .UNSPECIFIED.,.F.,.F.,(4,2,4),(2.33695117754064,2.537555821627,2.75701475699219),
 .UNSPECIFIED.);
#65=B_SPLINE_CURVE_WITH_KNOTS('',3,(#4823,#4824,#4825,#4826,#4827,#4828,
#4829,#4830),.UNSPECIFIED.,.F.,.F.,(4,1,1,2,4),(-0.167409958268801,-0.100445974961281,
-0.0669639833075205,0.,0.000727499253222304),.UNSPECIFIED.);
#66=B_SPLINE_CURVE_WITH_KNOTS('',3,(#4831,#4832,#4833,#4834,#4835,#4836,
#4837,#4838),.UNSPECIFIED.,.F.,.F.,(4,2,1,1,4),(-0.000727499253222304,0.,
0.0669639833075205,0.100445974961281,0.167409958268801),.UNSPECIFIED.);
#67=B_SPLINE_CURVE_WITH_KNOTS('',3,(#4862,#4863,#4864,#4865),
 .UNSPECIFIED.,.F.,.F.,(4,4),(-0.0666289084756689,-5.0612661993172E-12),
 .UNSPECIFIED.);
#68=B_SPLINE_CURVE_WITH_KNOTS('',3,(#4866,#4867,#4868,#4869),
 .UNSPECIFIED.,.F.,.F.,(4,4),(5.0612661993172E-12,0.0666289084756689),
 .UNSPECIFIED.);
#69=B_SPLINE_CURVE_WITH_KNOTS('',3,(#4927,#4928,#4929,#4930),
 .UNSPECIFIED.,.F.,.F.,(4,4),(-0.0666288002039999,-4.74342787270722E-16),
 .UNSPECIFIED.);
#70=B_SPLINE_CURVE_WITH_KNOTS('',3,(#4931,#4932,#4933,#4934),
 .UNSPECIFIED.,.F.,.F.,(4,4),(4.74342787270722E-16,0.0666288002039999),
 .UNSPECIFIED.);
#71=B_SPLINE_CURVE_WITH_KNOTS('',3,(#4975,#4976,#4977,#4978,#4979,#4980,
#4981,#4982),.UNSPECIFIED.,.F.,.F.,(4,1,1,2,4),(0.,0.0669639833000109,0.100445974950016,
0.167409958250027,0.16813745750462),.UNSPECIFIED.);
#72=B_SPLINE_CURVE_WITH_KNOTS('',3,(#4983,#4984,#4985,#4986,#4987,#4988,
#4989,#4990),.UNSPECIFIED.,.F.,.F.,(4,2,1,1,4),(-0.16813745750462,-0.167409958250027,
-0.100445974950016,-0.0669639833000109,0.),.UNSPECIFIED.);
#73=B_SPLINE_CURVE_WITH_KNOTS('',3,(#5012,#5013,#5014,#5015,#5016,#5017),
 .UNSPECIFIED.,.F.,.F.,(4,2,4),(0.919004918997397,1.13846385436259,1.33906849844895),
 .UNSPECIFIED.);
#74=B_SPLINE_CURVE_WITH_KNOTS('',3,(#5055,#5056,#5057,#5058,#5059,#5060),
 .UNSPECIFIED.,.F.,.F.,(4,2,4),(0.498941339545847,0.699545983632208,0.919004918997399),
 .UNSPECIFIED.);
#75=B_SPLINE_SURFACE_WITH_KNOTS('',3,3,((#3959,#3960,#3961,#3962,#3963,
#3964),(#3965,#3966,#3967,#3968,#3969,#3970),(#3971,#3972,#3973,#3974,#3975,
#3976),(#3977,#3978,#3979,#3980,#3981,#3982)),.UNSPECIFIED.,.F.,.F.,.F.,
(4,4),(4,2,4),(0.,1.),(-0.000719617398333561,0.,0.16741708884547),
 .UNSPECIFIED.);
#76=B_SPLINE_SURFACE_WITH_KNOTS('',3,3,((#4001,#4002,#4003,#4004),(#4005,
#4006,#4007,#4008),(#4009,#4010,#4011,#4012),(#4013,#4014,#4015,#4016),
(#4017,#4018,#4019,#4020)),.UNSPECIFIED.,.F.,.F.,.F.,(4,1,4),(4,4),(0.,
0.571428571428571,1.),(3.92660452881849E-12,0.0666289084747919),
 .UNSPECIFIED.);
#77=B_SPLINE_SURFACE_WITH_KNOTS('',3,3,((#4064,#4065,#4066,#4067),(#4068,
#4069,#4070,#4071),(#4072,#4073,#4074,#4075),(#4076,#4077,#4078,#4079),
(#4080,#4081,#4082,#4083)),.UNSPECIFIED.,.F.,.F.,.F.,(4,1,4),(4,4),(0.,
0.571428571428571,1.),(0.,0.0666288002035259),.UNSPECIFIED.);
#78=B_SPLINE_SURFACE_WITH_KNOTS('',3,3,((#4099,#4100,#4101,#4102,#4103,
#4104),(#4105,#4106,#4107,#4108,#4109,#4110),(#4111,#4112,#4113,#4114,#4115,
#4116),(#4117,#4118,#4119,#4120,#4121,#4122),(#4123,#4124,#4125,#4126,#4127,
#4128)),.UNSPECIFIED.,.F.,.F.,.F.,(4,1,4),(4,2,4),(0.,0.5,1.),(1.47357296015082E-13,
0.16741709760396,0.168136705286436),.UNSPECIFIED.);
#79=B_SPLINE_SURFACE_WITH_KNOTS('',3,1,((#4141,#4142),(#4143,#4144),(#4145,
#4146),(#4147,#4148),(#4149,#4150),(#4151,#4152),(#4153,#4154)),
 .UNSPECIFIED.,.F.,.F.,.F.,(4,3,4),(2,2),(2.77402841363808,3.00037899530807,
3.17707833644375),(3.0471,3.57030508075688),.UNSPECIFIED.);
#80=B_SPLINE_SURFACE_WITH_KNOTS('',3,1,((#4171,#4172),(#4173,#4174),(#4175,
#4176),(#4177,#4178),(#4179,#4180),(#4181,#4182),(#4183,#4184)),
 .UNSPECIFIED.,.F.,.F.,.F.,(4,3,4),(2,2),(2.33695117754064,2.61862049125713,
2.74000110034765),(3.0471,3.57030508075688),.UNSPECIFIED.);
#81=B_SPLINE_SURFACE_WITH_KNOTS('',3,3,((#4228,#4229,#4230,#4231,#4232,
#4233),(#4234,#4235,#4236,#4237,#4238,#4239),(#4240,#4241,#4242,#4243,#4244,
#4245),(#4246,#4247,#4248,#4249,#4250,#4251)),.UNSPECIFIED.,.F.,.F.,.F.,
(4,4),(4,2,4),(0.,1.),(-0.000727499253222304,0.,0.167409958268801),
 .UNSPECIFIED.);
#82=B_SPLINE_SURFACE_WITH_KNOTS('',3,3,((#4270,#4271,#4272,#4273),(#4274,
#4275,#4276,#4277),(#4278,#4279,#4280,#4281),(#4282,#4283,#4284,#4285),
(#4286,#4287,#4288,#4289)),.UNSPECIFIED.,.F.,.F.,.F.,(4,1,4),(4,4),(0.,
0.571428571428571,1.),(5.0612661993172E-12,0.0666289084756689),
 .UNSPECIFIED.);
#83=B_SPLINE_SURFACE_WITH_KNOTS('',3,3,((#4326,#4327,#4328,#4329),(#4330,
#4331,#4332,#4333),(#4334,#4335,#4336,#4337),(#4338,#4339,#4340,#4341),
(#4342,#4343,#4344,#4345)),.UNSPECIFIED.,.F.,.F.,.F.,(4,1,4),(4,4),(0.,
0.571428571428571,1.),(4.74342787270722E-16,0.0666288002039999),
 .UNSPECIFIED.);
#84=B_SPLINE_SURFACE_WITH_KNOTS('',3,3,((#4361,#4362,#4363,#4364,#4365,
#4366),(#4367,#4368,#4369,#4370,#4371,#4372),(#4373,#4374,#4375,#4376,#4377,
#4378),(#4379,#4380,#4381,#4382,#4383,#4384),(#4385,#4386,#4387,#4388,#4389,
#4390)),.UNSPECIFIED.,.F.,.F.,.F.,(4,1,4),(4,2,4),(0.,0.5,1.),(0.,0.167409958250027,
0.16813745750462),.UNSPECIFIED.);
#85=B_SPLINE_SURFACE_WITH_KNOTS('',3,1,((#4403,#4404),(#4405,#4406),(#4407,
#4408),(#4409,#4410),(#4411,#4412),(#4413,#4414),(#4415,#4416)),
 .UNSPECIFIED.,.F.,.F.,.F.,(4,3,4),(2,2),(0.936018575642346,1.16236915691191,
1.33906849844895),(3.0471,3.5703050807569),.UNSPECIFIED.);
#86=B_SPLINE_SURFACE_WITH_KNOTS('',3,1,((#4426,#4427),(#4428,#4429),(#4430,
#4431),(#4432,#4433),(#4434,#4435),(#4436,#4437),(#4438,#4439)),
 .UNSPECIFIED.,.F.,.F.,.F.,(4,3,4),(2,2),(0.498941339545847,0.780610653681192,
0.901991262351635),(3.0471,3.57030508075686),.UNSPECIFIED.);
#87=B_SPLINE_SURFACE_WITH_KNOTS('',3,3,((#4509,#4510,#4511,#4512,#4513,
#4514,#4515,#4516),(#4517,#4518,#4519,#4520,#4521,#4522,#4523,#4524),(#4525,
#4526,#4527,#4528,#4529,#4530,#4531,#4532),(#4533,#4534,#4535,#4536,#4537,
#4538,#4539,#4540),(#4541,#4542,#4543,#4544,#4545,#4546,#4547,#4548)),
 .UNSPECIFIED.,.F.,.F.,.F.,(4,1,4),(4,2,1,1,4),(0.,0.5,1.),(-0.000719617398333561,
0.,0.0669668355381881,0.100450253307282,0.16741708884547),.UNSPECIFIED.);
#88=B_SPLINE_SURFACE_WITH_KNOTS('',3,3,((#4568,#4569,#4570,#4571),(#4572,
#4573,#4574,#4575),(#4576,#4577,#4578,#4579),(#4580,#4581,#4582,#4583),
(#4584,#4585,#4586,#4587)),.UNSPECIFIED.,.F.,.F.,.F.,(4,1,4),(4,4),(0.,
0.571428571428571,1.),(3.92660452881849E-12,0.0666289084747919),
 .UNSPECIFIED.);
#89=B_SPLINE_SURFACE_WITH_KNOTS('',3,3,((#4633,#4634,#4635,#4636),(#4637,
#4638,#4639,#4640),(#4641,#4642,#4643,#4644),(#4645,#4646,#4647,#4648),
(#4649,#4650,#4651,#4652)),.UNSPECIFIED.,.F.,.F.,.F.,(4,1,4),(4,4),(0.,
0.571428571428571,1.),(0.,0.0666288002035259),.UNSPECIFIED.);
#90=B_SPLINE_SURFACE_WITH_KNOTS('',3,3,((#4664,#4665,#4666,#4667,#4668,
#4669,#4670,#4671),(#4672,#4673,#4674,#4675,#4676,#4677,#4678,#4679),(#4680,
#4681,#4682,#4683,#4684,#4685,#4686,#4687),(#4688,#4689,#4690,#4691,#4692,
#4693,#4694,#4695),(#4696,#4697,#4698,#4699,#4700,#4701,#4702,#4703)),
 .UNSPECIFIED.,.F.,.F.,.F.,(4,1,4),(4,1,1,2,4),(0.,0.571428571428571,1.),
(1.47357296015082E-13,0.0669668390416724,0.100450258562435,0.16741709760396,
0.168136705286436),.UNSPECIFIED.);
#91=B_SPLINE_SURFACE_WITH_KNOTS('',3,1,((#4720,#4721),(#4722,#4723),(#4724,
#4725),(#4726,#4727),(#4728,#4729),(#4730,#4731),(#4732,#4733),(#4734,#4735),
(#4736,#4737)),.UNSPECIFIED.,.F.,.F.,.F.,(4,3,2,4),(2,2),(2.77402841363808,
2.7892518549469,2.97647369235739,3.17707833644375),(0.,4.8),
 .UNSPECIFIED.);
#92=B_SPLINE_SURFACE_WITH_KNOTS('',3,1,((#4753,#4754),(#4755,#4756),(#4757,
#4758),(#4759,#4760),(#4761,#4762),(#4763,#4764),(#4765,#4766),(#4767,#4768),
(#4769,#4770)),.UNSPECIFIED.,.F.,.F.,.F.,(4,2,3,4),(2,2),(2.33695117754064,
2.537555821627,2.72477765903749,2.74000110034765),(0.,4.8),
 .UNSPECIFIED.);
#93=B_SPLINE_SURFACE_WITH_KNOTS('',3,3,((#4780,#4781,#4782,#4783,#4784,
#4785,#4786,#4787),(#4788,#4789,#4790,#4791,#4792,#4793,#4794,#4795),(#4796,
#4797,#4798,#4799,#4800,#4801,#4802,#4803),(#4804,#4805,#4806,#4807,#4808,
#4809,#4810,#4811),(#4812,#4813,#4814,#4815,#4816,#4817,#4818,#4819)),
 .UNSPECIFIED.,.F.,.F.,.F.,(4,1,4),(4,2,1,1,4),(0.,0.5,1.),(-0.000727499253222304,
0.,0.0669639833075205,0.100445974961281,0.167409958268801),
 .UNSPECIFIED.);
#94=B_SPLINE_SURFACE_WITH_KNOTS('',3,3,((#4839,#4840,#4841,#4842),(#4843,
#4844,#4845,#4846),(#4847,#4848,#4849,#4850),(#4851,#4852,#4853,#4854),
(#4855,#4856,#4857,#4858)),.UNSPECIFIED.,.F.,.F.,.F.,(4,1,4),(4,4),(0.,
0.571428571428571,1.),(5.0612661993172E-12,0.0666289084756689),
 .UNSPECIFIED.);
#95=B_SPLINE_SURFACE_WITH_KNOTS('',3,3,((#4904,#4905,#4906,#4907),(#4908,
#4909,#4910,#4911),(#4912,#4913,#4914,#4915),(#4916,#4917,#4918,#4919),
(#4920,#4921,#4922,#4923)),.UNSPECIFIED.,.F.,.F.,.F.,(4,1,4),(4,4),(0.,
0.571428571428571,1.),(4.74342787270722E-16,0.0666288002039999),
 .UNSPECIFIED.);
#96=B_SPLINE_SURFACE_WITH_KNOTS('',3,3,((#4935,#4936,#4937,#4938,#4939,
#4940,#4941,#4942),(#4943,#4944,#4945,#4946,#4947,#4948,#4949,#4950),(#4951,
#4952,#4953,#4954,#4955,#4956,#4957,#4958),(#4959,#4960,#4961,#4962,#4963,
#4964,#4965,#4966),(#4967,#4968,#4969,#4970,#4971,#4972,#4973,#4974)),
 .UNSPECIFIED.,.F.,.F.,.F.,(4,1,4),(4,1,1,2,4),(0.,0.571428571428571,1.),
(0.,0.0669639833000109,0.100445974950016,0.167409958250027,0.16813745750462),
 .UNSPECIFIED.);
#97=B_SPLINE_SURFACE_WITH_KNOTS('',3,1,((#4991,#4992),(#4993,#4994),(#4995,
#4996),(#4997,#4998),(#4999,#5000),(#5001,#5002),(#5003,#5004),(#5005,#5006),
(#5007,#5008)),.UNSPECIFIED.,.F.,.F.,.F.,(4,3,2,4),(2,2),(0.936018575642346,
0.951242016952109,1.13846385436259,1.33906849844895),(0.,4.8),
 .UNSPECIFIED.);
#98=B_SPLINE_SURFACE_WITH_KNOTS('',3,1,((#5035,#5036),(#5037,#5038),(#5039,
#5040),(#5041,#5042),(#5043,#5044),(#5045,#5046),(#5047,#5048),(#5049,#5050),
(#5051,#5052)),.UNSPECIFIED.,.F.,.F.,.F.,(4,2,3,4),(2,2),(0.498941339545847,
0.699545983632208,0.886767821042685,0.901991262351635),(0.,4.8),
 .UNSPECIFIED.);
#99=CYLINDRICAL_SURFACE('',#2754,5.);
#100=CYLINDRICAL_SURFACE('',#2764,0.7);
#101=CYLINDRICAL_SURFACE('',#2771,1.7);
#102=CYLINDRICAL_SURFACE('',#2776,0.7);
#103=CYLINDRICAL_SURFACE('',#2781,1.70000000000002);
#104=CYLINDRICAL_SURFACE('',#2782,2.7);
#105=CYLINDRICAL_SURFACE('',#2783,2.7);
#106=CYLINDRICAL_SURFACE('',#2785,1.70000000000001);
#107=CYLINDRICAL_SURFACE('',#2786,1.7);
#108=CYLINDRICAL_SURFACE('',#2787,6.);
#109=CYLINDRICAL_SURFACE('',#2789,6.);
#110=CYLINDRICAL_SURFACE('',#2793,6.);
#111=CYLINDRICAL_SURFACE('',#2801,2.);
#112=CYLINDRICAL_SURFACE('',#2808,3.);
#113=CYLINDRICAL_SURFACE('',#2814,2.);
#114=CYLINDRICAL_SURFACE('',#2824,3.00000000000002);
#115=CYLINDRICAL_SURFACE('',#2825,4.);
#116=CYLINDRICAL_SURFACE('',#2826,4.);
#117=CYLINDRICAL_SURFACE('',#2828,6.);
#118=CYLINDRICAL_SURFACE('',#2831,3.00000000000001);
#119=CYLINDRICAL_SURFACE('',#2832,5.);
#120=CYLINDRICAL_SURFACE('',#2835,5.);
#121=CYLINDRICAL_SURFACE('',#2837,5.);
#122=CYLINDRICAL_SURFACE('',#2838,3.);
#123=FACE_BOUND('',#370,.T.);
#124=FACE_BOUND('',#420,.T.);
#125=FACE_BOUND('',#426,.T.);
#126=FACE_BOUND('',#433,.T.);
#127=FACE_BOUND('',#443,.T.);
#128=CIRCLE('',#2699,5.);
#129=CIRCLE('',#2700,5.);
#130=CIRCLE('',#2701,5.);
#131=CIRCLE('',#2702,5.);
#132=CIRCLE('',#2703,2.);
#133=CIRCLE('',#2704,2.);
#134=CIRCLE('',#2739,1.7);
#135=CIRCLE('',#2740,1.70000000000001);
#136=CIRCLE('',#2741,3.00000000000001);
#137=CIRCLE('',#2742,3.);
#138=CIRCLE('',#2751,1.70000000000002);
#139=CIRCLE('',#2752,3.00000000000002);
#140=CIRCLE('',#2755,5.);
#141=CIRCLE('',#2757,3.);
#142=CIRCLE('',#2758,1.7);
#143=CIRCLE('',#2759,0.7);
#144=CIRCLE('',#2761,0.699999999999997);
#145=CIRCLE('',#2762,2.);
#146=CIRCLE('',#2763,2.7);
#147=CIRCLE('',#2765,0.7);
#148=CIRCLE('',#2767,0.700000000000532);
#149=CIRCLE('',#2768,2.);
#150=CIRCLE('',#2769,2.7);
#151=CIRCLE('',#2772,0.700000000000001);
#152=CIRCLE('',#2774,0.700000000000012);
#153=CIRCLE('',#2775,2.7);
#154=CIRCLE('',#2777,0.7);
#155=CIRCLE('',#2779,0.699999999999465);
#156=CIRCLE('',#2780,2.7);
#157=CIRCLE('',#2788,6.);
#158=CIRCLE('',#2790,6.);
#159=CIRCLE('',#2794,6.);
#160=CIRCLE('',#2796,2.);
#161=CIRCLE('',#2797,2.);
#162=CIRCLE('',#2798,2.);
#163=CIRCLE('',#2799,4.);
#164=CIRCLE('',#2800,2.);
#165=CIRCLE('',#2802,2.);
#166=CIRCLE('',#2803,2.00000000000053);
#167=CIRCLE('',#2804,4.);
#168=CIRCLE('',#2805,2.);
#169=CIRCLE('',#2806,2.);
#170=CIRCLE('',#2809,2.);
#171=CIRCLE('',#2810,2.);
#172=CIRCLE('',#2811,2.00000000000001);
#173=CIRCLE('',#2812,4.);
#174=CIRCLE('',#2813,2.);
#175=CIRCLE('',#2815,2.);
#176=CIRCLE('',#2816,1.99999999999947);
#177=CIRCLE('',#2817,4.);
#178=CIRCLE('',#2818,2.);
#179=CIRCLE('',#2819,2.);
#180=CIRCLE('',#2821,5.);
#181=CIRCLE('',#2822,5.);
#182=CIRCLE('',#2823,5.);
#183=CIRCLE('',#2829,6.);
#184=FACE_OUTER_BOUND('',#333,.T.);
#185=FACE_OUTER_BOUND('',#334,.T.);
#186=FACE_OUTER_BOUND('',#335,.T.);
#187=FACE_OUTER_BOUND('',#336,.T.);
#188=FACE_OUTER_BOUND('',#337,.T.);
#189=FACE_OUTER_BOUND('',#338,.T.);
#190=FACE_OUTER_BOUND('',#339,.T.);
#191=FACE_OUTER_BOUND('',#340,.T.);
#192=FACE_OUTER_BOUND('',#341,.T.);
#193=FACE_OUTER_BOUND('',#342,.T.);
#194=FACE_OUTER_BOUND('',#343,.T.);
#195=FACE_OUTER_BOUND('',#344,.T.);
#196=FACE_OUTER_BOUND('',#345,.T.);
#197=FACE_OUTER_BOUND('',#346,.T.);
#198=FACE_OUTER_BOUND('',#347,.T.);
#199=FACE_OUTER_BOUND('',#348,.T.);
#200=FACE_OUTER_BOUND('',#349,.T.);
#201=FACE_OUTER_BOUND('',#350,.T.);
#202=FACE_OUTER_BOUND('',#351,.T.);
#203=FACE_OUTER_BOUND('',#352,.T.);
#204=FACE_OUTER_BOUND('',#353,.T.);
#205=FACE_OUTER_BOUND('',#354,.T.);
#206=FACE_OUTER_BOUND('',#355,.T.);
#207=FACE_OUTER_BOUND('',#356,.T.);
#208=FACE_OUTER_BOUND('',#357,.T.);
#209=FACE_OUTER_BOUND('',#358,.T.);
#210=FACE_OUTER_BOUND('',#359,.T.);
#211=FACE_OUTER_BOUND('',#360,.T.);
#212=FACE_OUTER_BOUND('',#361,.T.);
#213=FACE_OUTER_BOUND('',#362,.T.);
#214=FACE_OUTER_BOUND('',#363,.T.);
#215=FACE_OUTER_BOUND('',#364,.T.);
#216=FACE_OUTER_BOUND('',#365,.T.);
#217=FACE_OUTER_BOUND('',#366,.T.);
#218=FACE_OUTER_BOUND('',#367,.T.);
#219=FACE_OUTER_BOUND('',#368,.T.);
#220=FACE_OUTER_BOUND('',#369,.T.);
#221=FACE_OUTER_BOUND('',#371,.T.);
#222=FACE_OUTER_BOUND('',#372,.T.);
#223=FACE_OUTER_BOUND('',#373,.T.);
#224=FACE_OUTER_BOUND('',#374,.T.);
#225=FACE_OUTER_BOUND('',#375,.T.);
#226=FACE_OUTER_BOUND('',#376,.T.);
#227=FACE_OUTER_BOUND('',#377,.T.);
#228=FACE_OUTER_BOUND('',#378,.T.);
#229=FACE_OUTER_BOUND('',#379,.T.);
#230=FACE_OUTER_BOUND('',#380,.T.);
#231=FACE_OUTER_BOUND('',#381,.T.);
#232=FACE_OUTER_BOUND('',#382,.T.);
#233=FACE_OUTER_BOUND('',#383,.T.);
#234=FACE_OUTER_BOUND('',#384,.T.);
#235=FACE_OUTER_BOUND('',#385,.T.);
#236=FACE_OUTER_BOUND('',#386,.T.);
#237=FACE_OUTER_BOUND('',#387,.T.);
#238=FACE_OUTER_BOUND('',#388,.T.);
#239=FACE_OUTER_BOUND('',#389,.T.);
#240=FACE_OUTER_BOUND('',#390,.T.);
#241=FACE_OUTER_BOUND('',#391,.T.);
#242=FACE_OUTER_BOUND('',#392,.T.);
#243=FACE_OUTER_BOUND('',#393,.T.);
#244=FACE_OUTER_BOUND('',#394,.T.);
#245=FACE_OUTER_BOUND('',#395,.T.);
#246=FACE_OUTER_BOUND('',#396,.T.);
#247=FACE_OUTER_BOUND('',#397,.T.);
#248=FACE_OUTER_BOUND('',#398,.T.);
#249=FACE_OUTER_BOUND('',#399,.T.);
#250=FACE_OUTER_BOUND('',#400,.T.);
#251=FACE_OUTER_BOUND('',#401,.T.);
#252=FACE_OUTER_BOUND('',#402,.T.);
#253=FACE_OUTER_BOUND('',#403,.T.);
#254=FACE_OUTER_BOUND('',#404,.T.);
#255=FACE_OUTER_BOUND('',#405,.T.);
#256=FACE_OUTER_BOUND('',#406,.T.);
#257=FACE_OUTER_BOUND('',#407,.T.);
#258=FACE_OUTER_BOUND('',#408,.T.);
#259=FACE_OUTER_BOUND('',#409,.T.);
#260=FACE_OUTER_BOUND('',#410,.T.);
#261=FACE_OUTER_BOUND('',#411,.T.);
#262=FACE_OUTER_BOUND('',#412,.T.);
#263=FACE_OUTER_BOUND('',#413,.T.);
#264=FACE_OUTER_BOUND('',#414,.T.);
#265=FACE_OUTER_BOUND('',#415,.T.);
#266=FACE_OUTER_BOUND('',#416,.T.);
#267=FACE_OUTER_BOUND('',#417,.T.);
#268=FACE_OUTER_BOUND('',#418,.T.);
#269=FACE_OUTER_BOUND('',#419,.T.);
#270=FACE_OUTER_BOUND('',#421,.T.);
#271=FACE_OUTER_BOUND('',#422,.T.);
#272=FACE_OUTER_BOUND('',#423,.T.);
#273=FACE_OUTER_BOUND('',#424,.T.);
#274=FACE_OUTER_BOUND('',#425,.T.);
#275=FACE_OUTER_BOUND('',#427,.T.);
#276=FACE_OUTER_BOUND('',#428,.T.);
#277=FACE_OUTER_BOUND('',#429,.T.);
#278=FACE_OUTER_BOUND('',#430,.T.);
#279=FACE_OUTER_BOUND('',#431,.T.);
#280=FACE_OUTER_BOUND('',#432,.T.);
#281=FACE_OUTER_BOUND('',#434,.T.);
#282=FACE_OUTER_BOUND('',#435,.T.);
#283=FACE_OUTER_BOUND('',#436,.T.);
#284=FACE_OUTER_BOUND('',#437,.T.);
#285=FACE_OUTER_BOUND('',#438,.T.);
#286=FACE_OUTER_BOUND('',#439,.T.);
#287=FACE_OUTER_BOUND('',#440,.T.);
#288=FACE_OUTER_BOUND('',#441,.T.);
#289=FACE_OUTER_BOUND('',#442,.T.);
#290=FACE_OUTER_BOUND('',#444,.T.);
#291=FACE_OUTER_BOUND('',#445,.T.);
#292=FACE_OUTER_BOUND('',#446,.T.);
#293=FACE_OUTER_BOUND('',#447,.T.);
#294=FACE_OUTER_BOUND('',#448,.T.);
#295=FACE_OUTER_BOUND('',#449,.T.);
#296=FACE_OUTER_BOUND('',#450,.T.);
#297=FACE_OUTER_BOUND('',#451,.T.);
#298=FACE_OUTER_BOUND('',#452,.T.);
#299=FACE_OUTER_BOUND('',#453,.T.);
#300=FACE_OUTER_BOUND('',#454,.T.);
#301=FACE_OUTER_BOUND('',#455,.T.);
#302=FACE_OUTER_BOUND('',#456,.T.);
#303=FACE_OUTER_BOUND('',#457,.T.);
#304=FACE_OUTER_BOUND('',#458,.T.);
#305=FACE_OUTER_BOUND('',#459,.T.);
#306=FACE_OUTER_BOUND('',#460,.T.);
#307=FACE_OUTER_BOUND('',#461,.T.);
#308=FACE_OUTER_BOUND('',#462,.T.);
#309=FACE_OUTER_BOUND('',#463,.T.);
#310=FACE_OUTER_BOUND('',#464,.T.);
#311=FACE_OUTER_BOUND('',#465,.T.);
#312=FACE_OUTER_BOUND('',#466,.T.);
#313=FACE_OUTER_BOUND('',#467,.T.);
#314=FACE_OUTER_BOUND('',#468,.T.);
#315=FACE_OUTER_BOUND('',#469,.T.);
#316=FACE_OUTER_BOUND('',#470,.T.);
#317=FACE_OUTER_BOUND('',#471,.T.);
#318=FACE_OUTER_BOUND('',#472,.T.);
#319=FACE_OUTER_BOUND('',#473,.T.);
#320=FACE_OUTER_BOUND('',#474,.T.);
#321=FACE_OUTER_BOUND('',#475,.T.);
#322=FACE_OUTER_BOUND('',#476,.T.);
#323=FACE_OUTER_BOUND('',#477,.T.);
#324=FACE_OUTER_BOUND('',#478,.T.);
#325=FACE_OUTER_BOUND('',#479,.T.);
#326=FACE_OUTER_BOUND('',#480,.T.);
#327=FACE_OUTER_BOUND('',#481,.T.);
#328=FACE_OUTER_BOUND('',#482,.T.);
#329=FACE_OUTER_BOUND('',#483,.T.);
#330=FACE_OUTER_BOUND('',#484,.T.);
#331=FACE_OUTER_BOUND('',#485,.T.);
#332=FACE_OUTER_BOUND('',#486,.T.);
#333=EDGE_LOOP('',(#1649,#1650,#1651,#1652));
#334=EDGE_LOOP('',(#1653,#1654,#1655,#1656));
#335=EDGE_LOOP('',(#1657,#1658,#1659,#1660));
#336=EDGE_LOOP('',(#1661,#1662,#1663,#1664));
#337=EDGE_LOOP('',(#1665,#1666,#1667,#1668));
#338=EDGE_LOOP('',(#1669,#1670,#1671,#1672));
#339=EDGE_LOOP('',(#1673,#1674,#1675,#1676,#1677,#1678));
#340=EDGE_LOOP('',(#1679,#1680,#1681,#1682));
#341=EDGE_LOOP('',(#1683,#1684,#1685,#1686));
#342=EDGE_LOOP('',(#1687,#1688,#1689,#1690));
#343=EDGE_LOOP('',(#1691,#1692,#1693,#1694));
#344=EDGE_LOOP('',(#1695,#1696,#1697,#1698));
#345=EDGE_LOOP('',(#1699,#1700,#1701,#1702,#1703,#1704));
#346=EDGE_LOOP('',(#1705,#1706,#1707,#1708));
#347=EDGE_LOOP('',(#1709,#1710,#1711,#1712));
#348=EDGE_LOOP('',(#1713,#1714,#1715,#1716));
#349=EDGE_LOOP('',(#1717,#1718,#1719,#1720));
#350=EDGE_LOOP('',(#1721,#1722,#1723,#1724));
#351=EDGE_LOOP('',(#1725,#1726,#1727,#1728,#1729,#1730));
#352=EDGE_LOOP('',(#1731,#1732,#1733,#1734));
#353=EDGE_LOOP('',(#1735,#1736,#1737,#1738));
#354=EDGE_LOOP('',(#1739,#1740,#1741,#1742));
#355=EDGE_LOOP('',(#1743,#1744,#1745,#1746));
#356=EDGE_LOOP('',(#1747,#1748,#1749,#1750));
#357=EDGE_LOOP('',(#1751,#1752,#1753,#1754,#1755,#1756));
#358=EDGE_LOOP('',(#1757,#1758,#1759,#1760));
#359=EDGE_LOOP('',(#1761,#1762,#1763,#1764,#1765,#1766,#1767,#1768));
#360=EDGE_LOOP('',(#1769,#1770,#1771,#1772,#1773,#1774));
#361=EDGE_LOOP('',(#1775,#1776,#1777,#1778));
#362=EDGE_LOOP('',(#1779,#1780,#1781,#1782,#1783,#1784,#1785,#1786));
#363=EDGE_LOOP('',(#1787,#1788,#1789,#1790,#1791,#1792));
#364=EDGE_LOOP('',(#1793,#1794,#1795,#1796));
#365=EDGE_LOOP('',(#1797,#1798,#1799,#1800));
#366=EDGE_LOOP('',(#1801,#1802,#1803,#1804));
#367=EDGE_LOOP('',(#1805,#1806,#1807,#1808));
#368=EDGE_LOOP('',(#1809,#1810,#1811,#1812));
#369=EDGE_LOOP('',(#1813,#1814,#1815,#1816,#1817,#1818,#1819,#1820,#1821,
#1822,#1823,#1824,#1825,#1826,#1827,#1828,#1829,#1830,#1831,#1832,#1833,
#1834,#1835,#1836));
#370=EDGE_LOOP('',(#1837,#1838,#1839,#1840));
#371=EDGE_LOOP('',(#1841,#1842,#1843,#1844));
#372=EDGE_LOOP('',(#1845,#1846,#1847,#1848));
#373=EDGE_LOOP('',(#1849,#1850,#1851,#1852));
#374=EDGE_LOOP('',(#1853,#1854,#1855,#1856));
#375=EDGE_LOOP('',(#1857,#1858,#1859,#1860));
#376=EDGE_LOOP('',(#1861,#1862,#1863,#1864));
#377=EDGE_LOOP('',(#1865,#1866,#1867,#1868));
#378=EDGE_LOOP('',(#1869,#1870,#1871,#1872));
#379=EDGE_LOOP('',(#1873,#1874,#1875,#1876));
#380=EDGE_LOOP('',(#1877,#1878,#1879,#1880));
#381=EDGE_LOOP('',(#1881,#1882,#1883,#1884));
#382=EDGE_LOOP('',(#1885,#1886,#1887,#1888));
#383=EDGE_LOOP('',(#1889,#1890,#1891,#1892));
#384=EDGE_LOOP('',(#1893,#1894,#1895,#1896));
#385=EDGE_LOOP('',(#1897,#1898,#1899,#1900));
#386=EDGE_LOOP('',(#1901,#1902,#1903,#1904));
#387=EDGE_LOOP('',(#1905,#1906,#1907,#1908));
#388=EDGE_LOOP('',(#1909,#1910,#1911,#1912));
#389=EDGE_LOOP('',(#1913,#1914,#1915,#1916));
#390=EDGE_LOOP('',(#1917,#1918,#1919,#1920));
#391=EDGE_LOOP('',(#1921,#1922,#1923,#1924));
#392=EDGE_LOOP('',(#1925,#1926,#1927,#1928));
#393=EDGE_LOOP('',(#1929,#1930,#1931,#1932));
#394=EDGE_LOOP('',(#1933,#1934,#1935,#1936));
#395=EDGE_LOOP('',(#1937,#1938,#1939,#1940));
#396=EDGE_LOOP('',(#1941,#1942,#1943,#1944));
#397=EDGE_LOOP('',(#1945,#1946,#1947,#1948));
#398=EDGE_LOOP('',(#1949,#1950,#1951,#1952));
#399=EDGE_LOOP('',(#1953,#1954,#1955,#1956));
#400=EDGE_LOOP('',(#1957,#1958,#1959,#1960));
#401=EDGE_LOOP('',(#1961,#1962,#1963,#1964,#1965,#1966));
#402=EDGE_LOOP('',(#1967,#1968,#1969,#1970));
#403=EDGE_LOOP('',(#1971,#1972,#1973,#1974,#1975,#1976,#1977,#1978));
#404=EDGE_LOOP('',(#1979,#1980,#1981,#1982,#1983,#1984,#1985,#1986,#1987,
#1988,#1989,#1990,#1991,#1992,#1993,#1994));
#405=EDGE_LOOP('',(#1995,#1996,#1997,#1998));
#406=EDGE_LOOP('',(#1999,#2000,#2001,#2002));
#407=EDGE_LOOP('',(#2003,#2004,#2005,#2006));
#408=EDGE_LOOP('',(#2007,#2008,#2009,#2010));
#409=EDGE_LOOP('',(#2011,#2012,#2013,#2014,#2015,#2016));
#410=EDGE_LOOP('',(#2017,#2018,#2019,#2020));
#411=EDGE_LOOP('',(#2021,#2022,#2023,#2024,#2025,#2026,#2027,#2028));
#412=EDGE_LOOP('',(#2029,#2030,#2031,#2032,#2033,#2034,#2035,#2036,#2037,
#2038));
#413=EDGE_LOOP('',(#2039,#2040,#2041,#2042));
#414=EDGE_LOOP('',(#2043,#2044,#2045,#2046));
#415=EDGE_LOOP('',(#2047,#2048,#2049,#2050,#2051,#2052,#2053,#2054,#2055,
#2056));
#416=EDGE_LOOP('',(#2057,#2058,#2059));
#417=EDGE_LOOP('',(#2060,#2061,#2062,#2063));
#418=EDGE_LOOP('',(#2064,#2065,#2066,#2067));
#419=EDGE_LOOP('',(#2068,#2069,#2070,#2071));
#420=EDGE_LOOP('',(#2072,#2073,#2074,#2075));
#421=EDGE_LOOP('',(#2076,#2077,#2078,#2079));
#422=EDGE_LOOP('',(#2080,#2081,#2082,#2083));
#423=EDGE_LOOP('',(#2084,#2085,#2086));
#424=EDGE_LOOP('',(#2087,#2088,#2089,#2090));
#425=EDGE_LOOP('',(#2091,#2092,#2093,#2094,#2095,#2096,#2097,#2098,#2099,
#2100,#2101,#2102,#2103,#2104,#2105,#2106));
#426=EDGE_LOOP('',(#2107,#2108,#2109,#2110));
#427=EDGE_LOOP('',(#2111,#2112,#2113,#2114));
#428=EDGE_LOOP('',(#2115,#2116,#2117,#2118,#2119,#2120,#2121));
#429=EDGE_LOOP('',(#2122,#2123,#2124));
#430=EDGE_LOOP('',(#2125,#2126,#2127,#2128));
#431=EDGE_LOOP('',(#2129,#2130,#2131,#2132));
#432=EDGE_LOOP('',(#2133,#2134,#2135,#2136));
#433=EDGE_LOOP('',(#2137,#2138,#2139,#2140));
#434=EDGE_LOOP('',(#2141,#2142,#2143,#2144));
#435=EDGE_LOOP('',(#2145,#2146,#2147,#2148));
#436=EDGE_LOOP('',(#2149,#2150,#2151));
#437=EDGE_LOOP('',(#2152,#2153,#2154,#2155));
#438=EDGE_LOOP('',(#2156,#2157,#2158,#2159));
#439=EDGE_LOOP('',(#2160,#2161,#2162,#2163,#2164,#2165,#2166));
#440=EDGE_LOOP('',(#2167,#2168,#2169,#2170,#2171,#2172,#2173,#2174,#2175,
#2176,#2177,#2178));
#441=EDGE_LOOP('',(#2179,#2180,#2181,#2182,#2183,#2184,#2185,#2186,#2187,
#2188,#2189,#2190));
#442=EDGE_LOOP('',(#2191,#2192,#2193,#2194));
#443=EDGE_LOOP('',(#2195,#2196,#2197,#2198));
#444=EDGE_LOOP('',(#2199,#2200,#2201,#2202,#2203,#2204,#2205));
#445=EDGE_LOOP('',(#2206,#2207,#2208,#2209,#2210,#2211,#2212));
#446=EDGE_LOOP('',(#2213,#2214,#2215));
#447=EDGE_LOOP('',(#2216,#2217,#2218));
#448=EDGE_LOOP('',(#2219,#2220,#2221,#2222));
#449=EDGE_LOOP('',(#2223,#2224,#2225,#2226));
#450=EDGE_LOOP('',(#2227,#2228,#2229));
#451=EDGE_LOOP('',(#2230,#2231,#2232,#2233));
#452=EDGE_LOOP('',(#2234,#2235,#2236));
#453=EDGE_LOOP('',(#2237,#2238,#2239,#2240));
#454=EDGE_LOOP('',(#2241,#2242,#2243,#2244));
#455=EDGE_LOOP('',(#2245,#2246,#2247,#2248));
#456=EDGE_LOOP('',(#2249,#2250,#2251,#2252));
#457=EDGE_LOOP('',(#2253,#2254,#2255,#2256));
#458=EDGE_LOOP('',(#2257,#2258,#2259));
#459=EDGE_LOOP('',(#2260,#2261,#2262,#2263));
#460=EDGE_LOOP('',(#2264,#2265,#2266,#2267,#2268,#2269,#2270,#2271));
#461=EDGE_LOOP('',(#2272,#2273,#2274,#2275));
#462=EDGE_LOOP('',(#2276,#2277,#2278,#2279,#2280,#2281,#2282));
#463=EDGE_LOOP('',(#2283,#2284,#2285));
#464=EDGE_LOOP('',(#2286,#2287,#2288,#2289));
#465=EDGE_LOOP('',(#2290,#2291,#2292,#2293));
#466=EDGE_LOOP('',(#2294,#2295,#2296,#2297));
#467=EDGE_LOOP('',(#2298,#2299,#2300,#2301));
#468=EDGE_LOOP('',(#2302,#2303,#2304,#2305));
#469=EDGE_LOOP('',(#2306,#2307,#2308));
#470=EDGE_LOOP('',(#2309,#2310,#2311,#2312));
#471=EDGE_LOOP('',(#2313,#2314,#2315,#2316,#2317,#2318,#2319,#2320,#2321,
#2322,#2323,#2324,#2325,#2326,#2327,#2328));
#472=EDGE_LOOP('',(#2329,#2330,#2331,#2332));
#473=EDGE_LOOP('',(#2333,#2334,#2335,#2336,#2337,#2338,#2339));
#474=EDGE_LOOP('',(#2340,#2341,#2342,#2343,#2344,#2345,#2346,#2347));
#475=EDGE_LOOP('',(#2348,#2349,#2350,#2351,#2352,#2353,#2354,#2355));
#476=EDGE_LOOP('',(#2356,#2357,#2358,#2359));
#477=EDGE_LOOP('',(#2360,#2361,#2362));
#478=EDGE_LOOP('',(#2363,#2364,#2365,#2366));
#479=EDGE_LOOP('',(#2367,#2368,#2369,#2370,#2371,#2372,#2373));
#480=EDGE_LOOP('',(#2374,#2375,#2376,#2377));
#481=EDGE_LOOP('',(#2378,#2379,#2380,#2381));
#482=EDGE_LOOP('',(#2382,#2383,#2384,#2385));
#483=EDGE_LOOP('',(#2386,#2387,#2388,#2389));
#484=EDGE_LOOP('',(#2390,#2391,#2392,#2393));
#485=EDGE_LOOP('',(#2394,#2395,#2396,#2397));
#486=EDGE_LOOP('',(#2398,#2399,#2400,#2401,#2402,#2403,#2404));
#487=LINE('',#3479,#761);
#488=LINE('',#3481,#762);
#489=LINE('',#3483,#763);
#490=LINE('',#3484,#764);
#491=LINE('',#3487,#765);
#492=LINE('',#3489,#766);
#493=LINE('',#3490,#767);
#494=LINE('',#3493,#768);
#495=LINE('',#3495,#769);
#496=LINE('',#3496,#770);
#497=LINE('',#3498,#771);
#498=LINE('',#3499,#772);
#499=LINE('',#3503,#773);
#500=LINE('',#3505,#774);
#501=LINE('',#3506,#775);
#502=LINE('',#3509,#776);
#503=LINE('',#3511,#777);
#504=LINE('',#3513,#778);
#505=LINE('',#3515,#779);
#506=LINE('',#3516,#780);
#507=LINE('',#3520,#781);
#508=LINE('',#3522,#782);
#509=LINE('',#3524,#783);
#510=LINE('',#3525,#784);
#511=LINE('',#3527,#785);
#512=LINE('',#3529,#786);
#513=LINE('',#3530,#787);
#514=LINE('',#3533,#788);
#515=LINE('',#3534,#789);
#516=LINE('',#3536,#790);
#517=LINE('',#3537,#791);
#518=LINE('',#3541,#792);
#519=LINE('',#3543,#793);
#520=LINE('',#3545,#794);
#521=LINE('',#3547,#795);
#522=LINE('',#3548,#796);
#523=LINE('',#3552,#797);
#524=LINE('',#3554,#798);
#525=LINE('',#3556,#799);
#526=LINE('',#3557,#800);
#527=LINE('',#3560,#801);
#528=LINE('',#3562,#802);
#529=LINE('',#3563,#803);
#530=LINE('',#3566,#804);
#531=LINE('',#3568,#805);
#532=LINE('',#3569,#806);
#533=LINE('',#3571,#807);
#534=LINE('',#3572,#808);
#535=LINE('',#3576,#809);
#536=LINE('',#3578,#810);
#537=LINE('',#3580,#811);
#538=LINE('',#3582,#812);
#539=LINE('',#3583,#813);
#540=LINE('',#3587,#814);
#541=LINE('',#3589,#815);
#542=LINE('',#3591,#816);
#543=LINE('',#3592,#817);
#544=LINE('',#3595,#818);
#545=LINE('',#3597,#819);
#546=LINE('',#3598,#820);
#547=LINE('',#3601,#821);
#548=LINE('',#3603,#822);
#549=LINE('',#3604,#823);
#550=LINE('',#3606,#824);
#551=LINE('',#3607,#825);
#552=LINE('',#3611,#826);
#553=LINE('',#3613,#827);
#554=LINE('',#3615,#828);
#555=LINE('',#3617,#829);
#556=LINE('',#3618,#830);
#557=LINE('',#3620,#831);
#558=LINE('',#3621,#832);
#559=LINE('',#3624,#833);
#560=LINE('',#3626,#834);
#561=LINE('',#3627,#835);
#562=LINE('',#3630,#836);
#563=LINE('',#3632,#837);
#564=LINE('',#3634,#838);
#565=LINE('',#3635,#839);
#566=LINE('',#3638,#840);
#567=LINE('',#3639,#841);
#568=LINE('',#3642,#842);
#569=LINE('',#3644,#843);
#570=LINE('',#3645,#844);
#571=LINE('',#3648,#845);
#572=LINE('',#3650,#846);
#573=LINE('',#3652,#847);
#574=LINE('',#3653,#848);
#575=LINE('',#3656,#849);
#576=LINE('',#3657,#850);
#577=LINE('',#3661,#851);
#578=LINE('',#3663,#852);
#579=LINE('',#3665,#853);
#580=LINE('',#3666,#854);
#581=LINE('',#3669,#855);
#582=LINE('',#3671,#856);
#583=LINE('',#3672,#857);
#584=LINE('',#3675,#858);
#585=LINE('',#3677,#859);
#586=LINE('',#3678,#860);
#587=LINE('',#3680,#861);
#588=LINE('',#3683,#862);
#589=LINE('',#3687,#863);
#590=LINE('',#3691,#864);
#591=LINE('',#3695,#865);
#592=LINE('',#3699,#866);
#593=LINE('',#3701,#867);
#594=LINE('',#3703,#868);
#595=LINE('',#3705,#869);
#596=LINE('',#3707,#870);
#597=LINE('',#3709,#871);
#598=LINE('',#3711,#872);
#599=LINE('',#3715,#873);
#600=LINE('',#3719,#874);
#601=LINE('',#3721,#875);
#602=LINE('',#3722,#876);
#603=LINE('',#3725,#877);
#604=LINE('',#3727,#878);
#605=LINE('',#3729,#879);
#606=LINE('',#3730,#880);
#607=LINE('',#3734,#881);
#608=LINE('',#3736,#882);
#609=LINE('',#3738,#883);
#610=LINE('',#3739,#884);
#611=LINE('',#3743,#885);
#612=LINE('',#3745,#886);
#613=LINE('',#3747,#887);
#614=LINE('',#3748,#888);
#615=LINE('',#3750,#889);
#616=LINE('',#3751,#890);
#617=LINE('',#3753,#891);
#618=LINE('',#3757,#892);
#619=LINE('',#3759,#893);
#620=LINE('',#3761,#894);
#621=LINE('',#3762,#895);
#622=LINE('',#3766,#896);
#623=LINE('',#3768,#897);
#624=LINE('',#3770,#898);
#625=LINE('',#3771,#899);
#626=LINE('',#3773,#900);
#627=LINE('',#3774,#901);
#628=LINE('',#3776,#902);
#629=LINE('',#3779,#903);
#630=LINE('',#3781,#904);
#631=LINE('',#3782,#905);
#632=LINE('',#3785,#906);
#633=LINE('',#3787,#907);
#634=LINE('',#3788,#908);
#635=LINE('',#3790,#909);
#636=LINE('',#3791,#910);
#637=LINE('',#3796,#911);
#638=LINE('',#3798,#912);
#639=LINE('',#3800,#913);
#640=LINE('',#3801,#914);
#641=LINE('',#3804,#915);
#642=LINE('',#3806,#916);
#643=LINE('',#3807,#917);
#644=LINE('',#3810,#918);
#645=LINE('',#3812,#919);
#646=LINE('',#3813,#920);
#647=LINE('',#3815,#921);
#648=LINE('',#3816,#922);
#649=LINE('',#3820,#923);
#650=LINE('',#3822,#924);
#651=LINE('',#3823,#925);
#652=LINE('',#3826,#926);
#653=LINE('',#3828,#927);
#654=LINE('',#3829,#928);
#655=LINE('',#3831,#929);
#656=LINE('',#3835,#930);
#657=LINE('',#3837,#931);
#658=LINE('',#3839,#932);
#659=LINE('',#3840,#933);
#660=LINE('',#3843,#934);
#661=LINE('',#3845,#935);
#662=LINE('',#3846,#936);
#663=LINE('',#3849,#937);
#664=LINE('',#3850,#938);
#665=LINE('',#3852,#939);
#666=LINE('',#3856,#940);
#667=LINE('',#3857,#941);
#668=LINE('',#3859,#942);
#669=LINE('',#3862,#943);
#670=LINE('',#3864,#944);
#671=LINE('',#3866,#945);
#672=LINE('',#3867,#946);
#673=LINE('',#3869,#947);
#674=LINE('',#3872,#948);
#675=LINE('',#3874,#949);
#676=LINE('',#3875,#950);
#677=LINE('',#3878,#951);
#678=LINE('',#3879,#952);
#679=LINE('',#3882,#953);
#680=LINE('',#3884,#954);
#681=LINE('',#3885,#955);
#682=LINE('',#3887,#956);
#683=LINE('',#3889,#957);
#684=LINE('',#3891,#958);
#685=LINE('',#3892,#959);
#686=LINE('',#3896,#960);
#687=LINE('',#3897,#961);
#688=LINE('',#3899,#962);
#689=LINE('',#3903,#963);
#690=LINE('',#3907,#964);
#691=LINE('',#3911,#965);
#692=LINE('',#3913,#966);
#693=LINE('',#3914,#967);
#694=LINE('',#3916,#968);
#695=LINE('',#3919,#969);
#696=LINE('',#3921,#970);
#697=LINE('',#3922,#971);
#698=LINE('',#3925,#972);
#699=LINE('',#3926,#973);
#700=LINE('',#3929,#974);
#701=LINE('',#3931,#975);
#702=LINE('',#3932,#976);
#703=LINE('',#3934,#977);
#704=LINE('',#3936,#978);
#705=LINE('',#3938,#979);
#706=LINE('',#3939,#980);
#707=LINE('',#3943,#981);
#708=LINE('',#3945,#982);
#709=LINE('',#3950,#983);
#710=LINE('',#3953,#984);
#711=LINE('',#3957,#985);
#712=LINE('',#4042,#986);
#713=LINE('',#4043,#987);
#714=LINE('',#4046,#988);
#715=LINE('',#4053,#989);
#716=LINE('',#4156,#990);
#717=LINE('',#4165,#991);
#718=LINE('',#4168,#992);
#719=LINE('',#4169,#993);
#720=LINE('',#4170,#994);
#721=LINE('',#4226,#995);
#722=LINE('',#4307,#996);
#723=LINE('',#4310,#997);
#724=LINE('',#4317,#998);
#725=LINE('',#4418,#999);
#726=LINE('',#4481,#1000);
#727=LINE('',#4484,#1001);
#728=LINE('',#4486,#1002);
#729=LINE('',#4493,#1003);
#730=LINE('',#4496,#1004);
#731=LINE('',#4500,#1005);
#732=LINE('',#4501,#1006);
#733=LINE('',#4504,#1007);
#734=LINE('',#4505,#1008);
#735=LINE('',#4617,#1009);
#736=LINE('',#4618,#1010);
#737=LINE('',#4739,#1011);
#738=LINE('',#4747,#1012);
#739=LINE('',#4750,#1013);
#740=LINE('',#4751,#1014);
#741=LINE('',#4752,#1015);
#742=LINE('',#4772,#1016);
#743=LINE('',#4888,#1017);
#744=LINE('',#4889,#1018);
#745=LINE('',#5010,#1019);
#746=LINE('',#5018,#1020);
#747=LINE('',#5021,#1021);
#748=LINE('',#5022,#1022);
#749=LINE('',#5026,#1023);
#750=LINE('',#5030,#1024);
#751=LINE('',#5033,#1025);
#752=LINE('',#5034,#1026);
#753=LINE('',#5054,#1027);
#754=LINE('',#5063,#1028);
#755=LINE('',#5065,#1029);
#756=LINE('',#5072,#1030);
#757=LINE('',#5074,#1031);
#758=LINE('',#5076,#1032);
#759=LINE('',#5078,#1033);
#760=LINE('',#5080,#1034);
#761=VECTOR('',#2846,10.);
#762=VECTOR('',#2847,10.);
#763=VECTOR('',#2848,10.);
#764=VECTOR('',#2849,10.);
#765=VECTOR('',#2852,10.);
#766=VECTOR('',#2853,10.);
#767=VECTOR('',#2854,10.);
#768=VECTOR('',#2857,10.);
#769=VECTOR('',#2858,10.);
#770=VECTOR('',#2859,10.);
#771=VECTOR('',#2862,10.);
#772=VECTOR('',#2863,10.);
#773=VECTOR('',#2868,10.);
#774=VECTOR('',#2869,10.);
#775=VECTOR('',#2870,10.);
#776=VECTOR('',#2873,10.);
#777=VECTOR('',#2874,10.);
#778=VECTOR('',#2875,10.);
#779=VECTOR('',#2876,10.);
#780=VECTOR('',#2877,10.);
#781=VECTOR('',#2880,10.);
#782=VECTOR('',#2881,10.);
#783=VECTOR('',#2882,10.);
#784=VECTOR('',#2883,10.);
#785=VECTOR('',#2886,10.);
#786=VECTOR('',#2887,10.);
#787=VECTOR('',#2888,10.);
#788=VECTOR('',#2891,10.);
#789=VECTOR('',#2892,10.);
#790=VECTOR('',#2895,10.);
#791=VECTOR('',#2896,10.);
#792=VECTOR('',#2901,10.);
#793=VECTOR('',#2902,10.);
#794=VECTOR('',#2903,10.);
#795=VECTOR('',#2904,10.);
#796=VECTOR('',#2905,10.);
#797=VECTOR('',#2908,10.);
#798=VECTOR('',#2909,10.);
#799=VECTOR('',#2910,10.);
#800=VECTOR('',#2911,10.);
#801=VECTOR('',#2914,10.);
#802=VECTOR('',#2915,10.);
#803=VECTOR('',#2916,10.);
#804=VECTOR('',#2919,10.);
#805=VECTOR('',#2920,10.);
#806=VECTOR('',#2921,10.);
#807=VECTOR('',#2924,10.);
#808=VECTOR('',#2925,10.);
#809=VECTOR('',#2930,10.);
#810=VECTOR('',#2931,10.);
#811=VECTOR('',#2932,10.);
#812=VECTOR('',#2933,10.);
#813=VECTOR('',#2934,10.);
#814=VECTOR('',#2937,10.);
#815=VECTOR('',#2938,10.);
#816=VECTOR('',#2939,10.);
#817=VECTOR('',#2940,10.);
#818=VECTOR('',#2943,10.);
#819=VECTOR('',#2944,10.);
#820=VECTOR('',#2945,10.);
#821=VECTOR('',#2948,10.);
#822=VECTOR('',#2949,10.);
#823=VECTOR('',#2950,10.);
#824=VECTOR('',#2953,10.);
#825=VECTOR('',#2954,10.);
#826=VECTOR('',#2959,10.);
#827=VECTOR('',#2960,10.);
#828=VECTOR('',#2961,10.);
#829=VECTOR('',#2962,10.);
#830=VECTOR('',#2963,10.);
#831=VECTOR('',#2966,10.);
#832=VECTOR('',#2967,10.);
#833=VECTOR('',#2970,10.);
#834=VECTOR('',#2971,10.);
#835=VECTOR('',#2972,10.);
#836=VECTOR('',#2975,10.);
#837=VECTOR('',#2976,10.);
#838=VECTOR('',#2977,10.);
#839=VECTOR('',#2978,10.);
#840=VECTOR('',#2981,10.);
#841=VECTOR('',#2982,10.);
#842=VECTOR('',#2985,10.);
#843=VECTOR('',#2986,10.);
#844=VECTOR('',#2987,10.);
#845=VECTOR('',#2990,10.);
#846=VECTOR('',#2991,10.);
#847=VECTOR('',#2992,10.);
#848=VECTOR('',#2993,10.);
#849=VECTOR('',#2996,10.);
#850=VECTOR('',#2997,10.);
#851=VECTOR('',#3000,10.);
#852=VECTOR('',#3001,10.);
#853=VECTOR('',#3002,10.);
#854=VECTOR('',#3003,10.);
#855=VECTOR('',#3006,10.);
#856=VECTOR('',#3007,10.);
#857=VECTOR('',#3008,10.);
#858=VECTOR('',#3011,10.);
#859=VECTOR('',#3012,10.);
#860=VECTOR('',#3013,10.);
#861=VECTOR('',#3016,10.);
#862=VECTOR('',#3019,10.);
#863=VECTOR('',#3022,10.);
#864=VECTOR('',#3025,10.);
#865=VECTOR('',#3028,10.);
#866=VECTOR('',#3031,10.);
#867=VECTOR('',#3032,10.);
#868=VECTOR('',#3033,10.);
#869=VECTOR('',#3034,10.);
#870=VECTOR('',#3035,10.);
#871=VECTOR('',#3036,10.);
#872=VECTOR('',#3037,10.);
#873=VECTOR('',#3040,10.);
#874=VECTOR('',#3043,10.);
#875=VECTOR('',#3044,10.);
#876=VECTOR('',#3045,10.);
#877=VECTOR('',#3046,10.);
#878=VECTOR('',#3047,10.);
#879=VECTOR('',#3048,10.);
#880=VECTOR('',#3049,10.);
#881=VECTOR('',#3052,10.);
#882=VECTOR('',#3053,10.);
#883=VECTOR('',#3054,10.);
#884=VECTOR('',#3055,10.);
#885=VECTOR('',#3058,10.);
#886=VECTOR('',#3059,10.);
#887=VECTOR('',#3060,10.);
#888=VECTOR('',#3061,10.);
#889=VECTOR('',#3064,10.);
#890=VECTOR('',#3065,10.);
#891=VECTOR('',#3068,10.);
#892=VECTOR('',#3071,10.);
#893=VECTOR('',#3072,10.);
#894=VECTOR('',#3073,10.);
#895=VECTOR('',#3074,10.);
#896=VECTOR('',#3077,10.);
#897=VECTOR('',#3078,10.);
#898=VECTOR('',#3079,10.);
#899=VECTOR('',#3080,10.);
#900=VECTOR('',#3083,10.);
#901=VECTOR('',#3084,10.);
#902=VECTOR('',#3087,10.);
#903=VECTOR('',#3090,10.);
#904=VECTOR('',#3091,10.);
#905=VECTOR('',#3092,10.);
#906=VECTOR('',#3095,10.);
#907=VECTOR('',#3096,10.);
#908=VECTOR('',#3097,10.);
#909=VECTOR('',#3100,10.);
#910=VECTOR('',#3101,10.);
#911=VECTOR('',#3106,10.);
#912=VECTOR('',#3107,10.);
#913=VECTOR('',#3108,10.);
#914=VECTOR('',#3109,10.);
#915=VECTOR('',#3112,10.);
#916=VECTOR('',#3113,10.);
#917=VECTOR('',#3114,10.);
#918=VECTOR('',#3117,10.);
#919=VECTOR('',#3118,10.);
#920=VECTOR('',#3119,10.);
#921=VECTOR('',#3122,10.);
#922=VECTOR('',#3123,10.);
#923=VECTOR('',#3128,10.);
#924=VECTOR('',#3129,10.);
#925=VECTOR('',#3130,10.);
#926=VECTOR('',#3133,10.);
#927=VECTOR('',#3134,10.);
#928=VECTOR('',#3135,10.);
#929=VECTOR('',#3138,10.);
#930=VECTOR('',#3141,10.);
#931=VECTOR('',#3142,10.);
#932=VECTOR('',#3143,10.);
#933=VECTOR('',#3144,10.);
#934=VECTOR('',#3147,10.);
#935=VECTOR('',#3148,10.);
#936=VECTOR('',#3149,10.);
#937=VECTOR('',#3152,10.);
#938=VECTOR('',#3153,10.);
#939=VECTOR('',#3156,10.);
#940=VECTOR('',#3161,10.);
#941=VECTOR('',#3162,10.);
#942=VECTOR('',#3165,10.);
#943=VECTOR('',#3168,10.);
#944=VECTOR('',#3169,10.);
#945=VECTOR('',#3170,10.);
#946=VECTOR('',#3171,10.);
#947=VECTOR('',#3174,10.);
#948=VECTOR('',#3177,10.);
#949=VECTOR('',#3178,10.);
#950=VECTOR('',#3179,10.);
#951=VECTOR('',#3182,10.);
#952=VECTOR('',#3183,10.);
#953=VECTOR('',#3186,10.);
#954=VECTOR('',#3187,10.);
#955=VECTOR('',#3188,10.);
#956=VECTOR('',#3191,10.);
#957=VECTOR('',#3192,10.);
#958=VECTOR('',#3193,10.);
#959=VECTOR('',#3194,10.);
#960=VECTOR('',#3199,10.);
#961=VECTOR('',#3200,10.);
#962=VECTOR('',#3201,10.);
#963=VECTOR('',#3204,10.);
#964=VECTOR('',#3207,10.);
#965=VECTOR('',#3214,10.);
#966=VECTOR('',#3215,10.);
#967=VECTOR('',#3216,10.);
#968=VECTOR('',#3219,10.);
#969=VECTOR('',#3222,10.);
#970=VECTOR('',#3223,10.);
#971=VECTOR('',#3224,10.);
#972=VECTOR('',#3227,10.);
#973=VECTOR('',#3228,10.);
#974=VECTOR('',#3231,10.);
#975=VECTOR('',#3232,10.);
#976=VECTOR('',#3233,10.);
#977=VECTOR('',#3236,10.);
#978=VECTOR('',#3237,10.);
#979=VECTOR('',#3238,10.);
#980=VECTOR('',#3239,10.);
#981=VECTOR('',#3244,10.);
#982=VECTOR('',#3245,10.);
#983=VECTOR('',#3252,10.);
#984=VECTOR('',#3255,10.);
#985=VECTOR('',#3260,10.);
#986=VECTOR('',#3277,10.);
#987=VECTOR('',#3278,10.);
#988=VECTOR('',#3279,10.);
#989=VECTOR('',#3280,10.);
#990=VECTOR('',#3289,10.);
#991=VECTOR('',#3290,10.);
#992=VECTOR('',#3293,10.);
#993=VECTOR('',#3294,10.);
#994=VECTOR('',#3295,10.);
#995=VECTOR('',#3296,10.);
#996=VECTOR('',#3311,10.);
#997=VECTOR('',#3312,10.);
#998=VECTOR('',#3313,10.);
#999=VECTOR('',#3320,10.);
#1000=VECTOR('',#3321,10.);
#1001=VECTOR('',#3326,10.);
#1002=VECTOR('',#3329,10.);
#1003=VECTOR('',#3340,10.);
#1004=VECTOR('',#3343,10.);
#1005=VECTOR('',#3348,10.);
#1006=VECTOR('',#3349,10.);
#1007=VECTOR('',#3352,10.);
#1008=VECTOR('',#3353,10.);
#1009=VECTOR('',#3374,10.);
#1010=VECTOR('',#3375,10.);
#1011=VECTOR('',#3384,10.);
#1012=VECTOR('',#3385,10.);
#1013=VECTOR('',#3388,10.);
#1014=VECTOR('',#3389,10.);
#1015=VECTOR('',#3390,10.);
#1016=VECTOR('',#3391,10.);
#1017=VECTOR('',#3408,10.);
#1018=VECTOR('',#3409,10.);
#1019=VECTOR('',#3418,10.);
#1020=VECTOR('',#3419,10.);
#1021=VECTOR('',#3422,10.);
#1022=VECTOR('',#3423,10.);
#1023=VECTOR('',#3426,10.);
#1024=VECTOR('',#3429,10.);
#1025=VECTOR('',#3432,10.);
#1026=VECTOR('',#3433,10.);
#1027=VECTOR('',#3434,10.);
#1028=VECTOR('',#3439,10.);
#1029=VECTOR('',#3442,10.);
#1030=VECTOR('',#3455,10.);
#1031=VECTOR('',#3458,10.);
#1032=VECTOR('',#3461,10.);
#1033=VECTOR('',#3464,10.);
#1034=VECTOR('',#3467,10.);
#1035=VERTEX_POINT('',#3477);
#1036=VERTEX_POINT('',#3478);
#1037=VERTEX_POINT('',#3480);
#1038=VERTEX_POINT('',#3482);
#1039=VERTEX_POINT('',#3486);
#1040=VERTEX_POINT('',#3488);
#1041=VERTEX_POINT('',#3492);
#1042=VERTEX_POINT('',#3494);
#1043=VERTEX_POINT('',#3502);
#1044=VERTEX_POINT('',#3504);
#1045=VERTEX_POINT('',#3508);
#1046=VERTEX_POINT('',#3510);
#1047=VERTEX_POINT('',#3512);
#1048=VERTEX_POINT('',#3514);
#1049=VERTEX_POINT('',#3518);
#1050=VERTEX_POINT('',#3519);
#1051=VERTEX_POINT('',#3521);
#1052=VERTEX_POINT('',#3523);
#1053=VERTEX_POINT('',#3528);
#1054=VERTEX_POINT('',#3532);
#1055=VERTEX_POINT('',#3540);
#1056=VERTEX_POINT('',#3542);
#1057=VERTEX_POINT('',#3544);
#1058=VERTEX_POINT('',#3546);
#1059=VERTEX_POINT('',#3550);
#1060=VERTEX_POINT('',#3551);
#1061=VERTEX_POINT('',#3553);
#1062=VERTEX_POINT('',#3555);
#1063=VERTEX_POINT('',#3559);
#1064=VERTEX_POINT('',#3561);
#1065=VERTEX_POINT('',#3565);
#1066=VERTEX_POINT('',#3567);
#1067=VERTEX_POINT('',#3575);
#1068=VERTEX_POINT('',#3577);
#1069=VERTEX_POINT('',#3579);
#1070=VERTEX_POINT('',#3581);
#1071=VERTEX_POINT('',#3585);
#1072=VERTEX_POINT('',#3586);
#1073=VERTEX_POINT('',#3588);
#1074=VERTEX_POINT('',#3590);
#1075=VERTEX_POINT('',#3594);
#1076=VERTEX_POINT('',#3596);
#1077=VERTEX_POINT('',#3600);
#1078=VERTEX_POINT('',#3602);
#1079=VERTEX_POINT('',#3610);
#1080=VERTEX_POINT('',#3612);
#1081=VERTEX_POINT('',#3614);
#1082=VERTEX_POINT('',#3616);
#1083=VERTEX_POINT('',#3623);
#1084=VERTEX_POINT('',#3625);
#1085=VERTEX_POINT('',#3629);
#1086=VERTEX_POINT('',#3631);
#1087=VERTEX_POINT('',#3633);
#1088=VERTEX_POINT('',#3637);
#1089=VERTEX_POINT('',#3641);
#1090=VERTEX_POINT('',#3643);
#1091=VERTEX_POINT('',#3647);
#1092=VERTEX_POINT('',#3649);
#1093=VERTEX_POINT('',#3651);
#1094=VERTEX_POINT('',#3655);
#1095=VERTEX_POINT('',#3659);
#1096=VERTEX_POINT('',#3660);
#1097=VERTEX_POINT('',#3662);
#1098=VERTEX_POINT('',#3664);
#1099=VERTEX_POINT('',#3668);
#1100=VERTEX_POINT('',#3670);
#1101=VERTEX_POINT('',#3674);
#1102=VERTEX_POINT('',#3676);
#1103=VERTEX_POINT('',#3682);
#1104=VERTEX_POINT('',#3684);
#1105=VERTEX_POINT('',#3686);
#1106=VERTEX_POINT('',#3688);
#1107=VERTEX_POINT('',#3690);
#1108=VERTEX_POINT('',#3692);
#1109=VERTEX_POINT('',#3694);
#1110=VERTEX_POINT('',#3696);
#1111=VERTEX_POINT('',#3698);
#1112=VERTEX_POINT('',#3700);
#1113=VERTEX_POINT('',#3702);
#1114=VERTEX_POINT('',#3704);
#1115=VERTEX_POINT('',#3706);
#1116=VERTEX_POINT('',#3708);
#1117=VERTEX_POINT('',#3710);
#1118=VERTEX_POINT('',#3712);
#1119=VERTEX_POINT('',#3714);
#1120=VERTEX_POINT('',#3716);
#1121=VERTEX_POINT('',#3718);
#1122=VERTEX_POINT('',#3720);
#1123=VERTEX_POINT('',#3723);
#1124=VERTEX_POINT('',#3724);
#1125=VERTEX_POINT('',#3726);
#1126=VERTEX_POINT('',#3728);
#1127=VERTEX_POINT('',#3732);
#1128=VERTEX_POINT('',#3733);
#1129=VERTEX_POINT('',#3735);
#1130=VERTEX_POINT('',#3737);
#1131=VERTEX_POINT('',#3741);
#1132=VERTEX_POINT('',#3742);
#1133=VERTEX_POINT('',#3744);
#1134=VERTEX_POINT('',#3746);
#1135=VERTEX_POINT('',#3755);
#1136=VERTEX_POINT('',#3756);
#1137=VERTEX_POINT('',#3758);
#1138=VERTEX_POINT('',#3760);
#1139=VERTEX_POINT('',#3764);
#1140=VERTEX_POINT('',#3765);
#1141=VERTEX_POINT('',#3767);
#1142=VERTEX_POINT('',#3769);
#1143=VERTEX_POINT('',#3778);
#1144=VERTEX_POINT('',#3780);
#1145=VERTEX_POINT('',#3784);
#1146=VERTEX_POINT('',#3786);
#1147=VERTEX_POINT('',#3794);
#1148=VERTEX_POINT('',#3795);
#1149=VERTEX_POINT('',#3797);
#1150=VERTEX_POINT('',#3799);
#1151=VERTEX_POINT('',#3803);
#1152=VERTEX_POINT('',#3805);
#1153=VERTEX_POINT('',#3809);
#1154=VERTEX_POINT('',#3811);
#1155=VERTEX_POINT('',#3819);
#1156=VERTEX_POINT('',#3821);
#1157=VERTEX_POINT('',#3825);
#1158=VERTEX_POINT('',#3827);
#1159=VERTEX_POINT('',#3833);
#1160=VERTEX_POINT('',#3834);
#1161=VERTEX_POINT('',#3836);
#1162=VERTEX_POINT('',#3838);
#1163=VERTEX_POINT('',#3842);
#1164=VERTEX_POINT('',#3844);
#1165=VERTEX_POINT('',#3848);
#1166=VERTEX_POINT('',#3855);
#1167=VERTEX_POINT('',#3861);
#1168=VERTEX_POINT('',#3863);
#1169=VERTEX_POINT('',#3865);
#1170=VERTEX_POINT('',#3871);
#1171=VERTEX_POINT('',#3873);
#1172=VERTEX_POINT('',#3877);
#1173=VERTEX_POINT('',#3881);
#1174=VERTEX_POINT('',#3883);
#1175=VERTEX_POINT('',#3888);
#1176=VERTEX_POINT('',#3890);
#1177=VERTEX_POINT('',#3894);
#1178=VERTEX_POINT('',#3898);
#1179=VERTEX_POINT('',#3900);
#1180=VERTEX_POINT('',#3902);
#1181=VERTEX_POINT('',#3904);
#1182=VERTEX_POINT('',#3906);
#1183=VERTEX_POINT('',#3912);
#1184=VERTEX_POINT('',#3918);
#1185=VERTEX_POINT('',#3920);
#1186=VERTEX_POINT('',#3924);
#1187=VERTEX_POINT('',#3928);
#1188=VERTEX_POINT('',#3930);
#1189=VERTEX_POINT('',#3935);
#1190=VERTEX_POINT('',#3937);
#1191=VERTEX_POINT('',#3942);
#1192=VERTEX_POINT('',#3944);
#1193=VERTEX_POINT('',#3949);
#1194=VERTEX_POINT('',#3951);
#1195=VERTEX_POINT('',#3955);
#1196=VERTEX_POINT('',#3983);
#1197=VERTEX_POINT('',#3984);
#1198=VERTEX_POINT('',#4021);
#1199=VERTEX_POINT('',#4022);
#1200=VERTEX_POINT('',#4033);
#1201=VERTEX_POINT('',#4034);
#1202=VERTEX_POINT('',#4039);
#1203=VERTEX_POINT('',#4040);
#1204=VERTEX_POINT('',#4044);
#1205=VERTEX_POINT('',#4045);
#1206=VERTEX_POINT('',#4047);
#1207=VERTEX_POINT('',#4052);
#1208=VERTEX_POINT('',#4059);
#1209=VERTEX_POINT('',#4060);
#1210=VERTEX_POINT('',#4084);
#1211=VERTEX_POINT('',#4085);
#1212=VERTEX_POINT('',#4155);
#1213=VERTEX_POINT('',#4157);
#1214=VERTEX_POINT('',#4167);
#1215=VERTEX_POINT('',#4185);
#1216=VERTEX_POINT('',#4252);
#1217=VERTEX_POINT('',#4253);
#1218=VERTEX_POINT('',#4290);
#1219=VERTEX_POINT('',#4301);
#1220=VERTEX_POINT('',#4305);
#1221=VERTEX_POINT('',#4308);
#1222=VERTEX_POINT('',#4309);
#1223=VERTEX_POINT('',#4311);
#1224=VERTEX_POINT('',#4316);
#1225=VERTEX_POINT('',#4323);
#1226=VERTEX_POINT('',#4346);
#1227=VERTEX_POINT('',#4347);
#1228=VERTEX_POINT('',#4417);
#1229=VERTEX_POINT('',#4440);
#1230=VERTEX_POINT('',#4491);
#1231=VERTEX_POINT('',#4495);
#1232=VERTEX_POINT('',#4499);
#1233=VERTEX_POINT('',#4503);
#1234=VERTEX_POINT('',#4549);
#1235=VERTEX_POINT('',#4550);
#1236=VERTEX_POINT('',#4588);
#1237=VERTEX_POINT('',#4589);
#1238=VERTEX_POINT('',#4608);
#1239=VERTEX_POINT('',#4609);
#1240=VERTEX_POINT('',#4614);
#1241=VERTEX_POINT('',#4615);
#1242=VERTEX_POINT('',#4628);
#1243=VERTEX_POINT('',#4629);
#1244=VERTEX_POINT('',#4653);
#1245=VERTEX_POINT('',#4654);
#1246=VERTEX_POINT('',#4738);
#1247=VERTEX_POINT('',#4740);
#1248=VERTEX_POINT('',#4749);
#1249=VERTEX_POINT('',#4771);
#1250=VERTEX_POINT('',#4820);
#1251=VERTEX_POINT('',#4821);
#1252=VERTEX_POINT('',#4859);
#1253=VERTEX_POINT('',#4860);
#1254=VERTEX_POINT('',#4879);
#1255=VERTEX_POINT('',#4880);
#1256=VERTEX_POINT('',#4885);
#1257=VERTEX_POINT('',#4886);
#1258=VERTEX_POINT('',#4899);
#1259=VERTEX_POINT('',#4900);
#1260=VERTEX_POINT('',#4924);
#1261=VERTEX_POINT('',#4925);
#1262=VERTEX_POINT('',#5009);
#1263=VERTEX_POINT('',#5011);
#1264=VERTEX_POINT('',#5020);
#1265=VERTEX_POINT('',#5023);
#1266=VERTEX_POINT('',#5025);
#1267=VERTEX_POINT('',#5027);
#1268=VERTEX_POINT('',#5029);
#1269=VERTEX_POINT('',#5031);
#1270=VERTEX_POINT('',#5053);
#1271=EDGE_CURVE('',#1035,#1036,#487,.T.);
#1272=EDGE_CURVE('',#1035,#1037,#488,.T.);
#1273=EDGE_CURVE('',#1038,#1037,#489,.T.);
#1274=EDGE_CURVE('',#1036,#1038,#490,.T.);
#1275=EDGE_CURVE('',#1036,#1039,#491,.T.);
#1276=EDGE_CURVE('',#1040,#1038,#492,.T.);
#1277=EDGE_CURVE('',#1039,#1040,#493,.T.);
#1278=EDGE_CURVE('',#1041,#1039,#494,.T.);
#1279=EDGE_CURVE('',#1042,#1040,#495,.T.);
#1280=EDGE_CURVE('',#1041,#1042,#496,.T.);
#1281=EDGE_CURVE('',#1041,#1035,#497,.T.);
#1282=EDGE_CURVE('',#1037,#1042,#498,.T.);
#1283=EDGE_CURVE('',#1039,#1043,#499,.T.);
#1284=EDGE_CURVE('',#1043,#1044,#500,.T.);
#1285=EDGE_CURVE('',#1036,#1044,#501,.T.);
#1286=EDGE_CURVE('',#1045,#1035,#502,.T.);
#1287=EDGE_CURVE('',#1045,#1046,#503,.T.);
#1288=EDGE_CURVE('',#1046,#1047,#504,.T.);
#1289=EDGE_CURVE('',#1047,#1048,#505,.T.);
#1290=EDGE_CURVE('',#1048,#1041,#506,.T.);
#1291=EDGE_CURVE('',#1049,#1050,#507,.T.);
#1292=EDGE_CURVE('',#1049,#1051,#508,.T.);
#1293=EDGE_CURVE('',#1052,#1051,#509,.T.);
#1294=EDGE_CURVE('',#1050,#1052,#510,.T.);
#1295=EDGE_CURVE('',#1043,#1050,#511,.T.);
#1296=EDGE_CURVE('',#1053,#1052,#512,.T.);
#1297=EDGE_CURVE('',#1043,#1053,#513,.T.);
#1298=EDGE_CURVE('',#1054,#1053,#514,.T.);
#1299=EDGE_CURVE('',#1044,#1054,#515,.T.);
#1300=EDGE_CURVE('',#1044,#1049,#516,.T.);
#1301=EDGE_CURVE('',#1051,#1054,#517,.T.);
#1302=EDGE_CURVE('',#1050,#1055,#518,.T.);
#1303=EDGE_CURVE('',#1055,#1056,#519,.T.);
#1304=EDGE_CURVE('',#1056,#1057,#520,.T.);
#1305=EDGE_CURVE('',#1058,#1057,#521,.T.);
#1306=EDGE_CURVE('',#1049,#1058,#522,.T.);
#1307=EDGE_CURVE('',#1059,#1060,#523,.T.);
#1308=EDGE_CURVE('',#1060,#1061,#524,.T.);
#1309=EDGE_CURVE('',#1062,#1061,#525,.T.);
#1310=EDGE_CURVE('',#1059,#1062,#526,.T.);
#1311=EDGE_CURVE('',#1059,#1063,#527,.T.);
#1312=EDGE_CURVE('',#1064,#1062,#528,.T.);
#1313=EDGE_CURVE('',#1063,#1064,#529,.T.);
#1314=EDGE_CURVE('',#1065,#1063,#530,.T.);
#1315=EDGE_CURVE('',#1066,#1064,#531,.T.);
#1316=EDGE_CURVE('',#1065,#1066,#532,.T.);
#1317=EDGE_CURVE('',#1065,#1060,#533,.T.);
#1318=EDGE_CURVE('',#1061,#1066,#534,.T.);
#1319=EDGE_CURVE('',#1060,#1067,#535,.T.);
#1320=EDGE_CURVE('',#1067,#1068,#536,.T.);
#1321=EDGE_CURVE('',#1068,#1069,#537,.T.);
#1322=EDGE_CURVE('',#1069,#1070,#538,.T.);
#1323=EDGE_CURVE('',#1070,#1065,#539,.T.);
#1324=EDGE_CURVE('',#1071,#1072,#540,.T.);
#1325=EDGE_CURVE('',#1071,#1073,#541,.T.);
#1326=EDGE_CURVE('',#1074,#1073,#542,.T.);
#1327=EDGE_CURVE('',#1072,#1074,#543,.T.);
#1328=EDGE_CURVE('',#1075,#1072,#544,.T.);
#1329=EDGE_CURVE('',#1076,#1074,#545,.T.);
#1330=EDGE_CURVE('',#1075,#1076,#546,.T.);
#1331=EDGE_CURVE('',#1075,#1077,#547,.T.);
#1332=EDGE_CURVE('',#1078,#1076,#548,.T.);
#1333=EDGE_CURVE('',#1077,#1078,#549,.T.);
#1334=EDGE_CURVE('',#1071,#1077,#550,.T.);
#1335=EDGE_CURVE('',#1073,#1078,#551,.T.);
#1336=EDGE_CURVE('',#1072,#1079,#552,.T.);
#1337=EDGE_CURVE('',#1079,#1080,#553,.T.);
#1338=EDGE_CURVE('',#1080,#1081,#554,.T.);
#1339=EDGE_CURVE('',#1082,#1081,#555,.T.);
#1340=EDGE_CURVE('',#1082,#1071,#556,.T.);
#1341=EDGE_CURVE('',#1063,#1075,#557,.T.);
#1342=EDGE_CURVE('',#1077,#1059,#558,.T.);
#1343=EDGE_CURVE('',#1070,#1083,#559,.T.);
#1344=EDGE_CURVE('',#1083,#1084,#560,.T.);
#1345=EDGE_CURVE('',#1084,#1079,#561,.T.);
#1346=EDGE_CURVE('',#1085,#1084,#562,.T.);
#1347=EDGE_CURVE('',#1086,#1085,#563,.T.);
#1348=EDGE_CURVE('',#1087,#1086,#564,.T.);
#1349=EDGE_CURVE('',#1080,#1087,#565,.T.);
#1350=EDGE_CURVE('',#1083,#1088,#566,.T.);
#1351=EDGE_CURVE('',#1088,#1085,#567,.T.);
#1352=EDGE_CURVE('',#1048,#1089,#568,.T.);
#1353=EDGE_CURVE('',#1089,#1090,#569,.T.);
#1354=EDGE_CURVE('',#1090,#1055,#570,.T.);
#1355=EDGE_CURVE('',#1091,#1090,#571,.T.);
#1356=EDGE_CURVE('',#1092,#1091,#572,.T.);
#1357=EDGE_CURVE('',#1093,#1092,#573,.T.);
#1358=EDGE_CURVE('',#1056,#1093,#574,.T.);
#1359=EDGE_CURVE('',#1089,#1094,#575,.T.);
#1360=EDGE_CURVE('',#1094,#1091,#576,.T.);
#1361=EDGE_CURVE('',#1095,#1096,#577,.T.);
#1362=EDGE_CURVE('',#1097,#1095,#578,.T.);
#1363=EDGE_CURVE('',#1098,#1097,#579,.T.);
#1364=EDGE_CURVE('',#1096,#1098,#580,.T.);
#1365=EDGE_CURVE('',#1096,#1099,#581,.T.);
#1366=EDGE_CURVE('',#1100,#1098,#582,.T.);
#1367=EDGE_CURVE('',#1099,#1100,#583,.T.);
#1368=EDGE_CURVE('',#1099,#1101,#584,.T.);
#1369=EDGE_CURVE('',#1102,#1100,#585,.T.);
#1370=EDGE_CURVE('',#1101,#1102,#586,.T.);
#1371=EDGE_CURVE('',#1102,#1097,#587,.T.);
#1372=EDGE_CURVE('',#1103,#1095,#588,.T.);
#1373=EDGE_CURVE('',#1104,#1103,#128,.T.);
#1374=EDGE_CURVE('',#1105,#1104,#589,.T.);
#1375=EDGE_CURVE('',#1106,#1105,#129,.T.);
#1376=EDGE_CURVE('',#1107,#1106,#590,.T.);
#1377=EDGE_CURVE('',#1108,#1107,#130,.T.);
#1378=EDGE_CURVE('',#1109,#1108,#591,.T.);
#1379=EDGE_CURVE('',#1110,#1109,#131,.T.);
#1380=EDGE_CURVE('',#1111,#1110,#592,.T.);
#1381=EDGE_CURVE('',#1111,#1112,#593,.T.);
#1382=EDGE_CURVE('',#1112,#1113,#594,.T.);
#1383=EDGE_CURVE('',#1113,#1114,#595,.T.);
#1384=EDGE_CURVE('',#1115,#1114,#596,.T.);
#1385=EDGE_CURVE('',#1116,#1115,#597,.T.);
#1386=EDGE_CURVE('',#1116,#1117,#598,.T.);
#1387=EDGE_CURVE('',#1117,#1118,#132,.T.);
#1388=EDGE_CURVE('',#1118,#1119,#599,.T.);
#1389=EDGE_CURVE('',#1119,#1120,#133,.T.);
#1390=EDGE_CURVE('',#1121,#1120,#600,.T.);
#1391=EDGE_CURVE('',#1121,#1122,#601,.T.);
#1392=EDGE_CURVE('',#1101,#1122,#602,.T.);
#1393=EDGE_CURVE('',#1123,#1124,#603,.T.);
#1394=EDGE_CURVE('',#1124,#1125,#604,.T.);
#1395=EDGE_CURVE('',#1125,#1126,#605,.T.);
#1396=EDGE_CURVE('',#1126,#1123,#606,.T.);
#1397=EDGE_CURVE('',#1127,#1128,#607,.T.);
#1398=EDGE_CURVE('',#1128,#1129,#608,.T.);
#1399=EDGE_CURVE('',#1130,#1129,#609,.T.);
#1400=EDGE_CURVE('',#1127,#1130,#610,.T.);
#1401=EDGE_CURVE('',#1131,#1132,#611,.T.);
#1402=EDGE_CURVE('',#1133,#1132,#612,.T.);
#1403=EDGE_CURVE('',#1134,#1133,#613,.T.);
#1404=EDGE_CURVE('',#1131,#1134,#614,.T.);
#1405=EDGE_CURVE('',#1128,#1131,#615,.T.);
#1406=EDGE_CURVE('',#1129,#1134,#616,.T.);
#1407=EDGE_CURVE('',#1130,#1133,#617,.T.);
#1408=EDGE_CURVE('',#1135,#1136,#618,.T.);
#1409=EDGE_CURVE('',#1136,#1137,#619,.T.);
#1410=EDGE_CURVE('',#1138,#1137,#620,.T.);
#1411=EDGE_CURVE('',#1135,#1138,#621,.T.);
#1412=EDGE_CURVE('',#1139,#1140,#622,.T.);
#1413=EDGE_CURVE('',#1141,#1140,#623,.T.);
#1414=EDGE_CURVE('',#1142,#1141,#624,.T.);
#1415=EDGE_CURVE('',#1139,#1142,#625,.T.);
#1416=EDGE_CURVE('',#1136,#1139,#626,.T.);
#1417=EDGE_CURVE('',#1137,#1142,#627,.T.);
#1418=EDGE_CURVE('',#1138,#1141,#628,.T.);
#1419=EDGE_CURVE('',#1111,#1143,#629,.T.);
#1420=EDGE_CURVE('',#1143,#1144,#630,.T.);
#1421=EDGE_CURVE('',#1112,#1144,#631,.T.);
#1422=EDGE_CURVE('',#1145,#1114,#632,.T.);
#1423=EDGE_CURVE('',#1146,#1113,#633,.T.);
#1424=EDGE_CURVE('',#1145,#1146,#634,.T.);
#1425=EDGE_CURVE('',#1143,#1145,#635,.T.);
#1426=EDGE_CURVE('',#1144,#1146,#636,.T.);
#1427=EDGE_CURVE('',#1147,#1148,#637,.T.);
#1428=EDGE_CURVE('',#1147,#1149,#638,.T.);
#1429=EDGE_CURVE('',#1149,#1150,#639,.T.);
#1430=EDGE_CURVE('',#1148,#1150,#640,.T.);
#1431=EDGE_CURVE('',#1151,#1147,#641,.T.);
#1432=EDGE_CURVE('',#1151,#1152,#642,.T.);
#1433=EDGE_CURVE('',#1152,#1149,#643,.T.);
#1434=EDGE_CURVE('',#1153,#1151,#644,.T.);
#1435=EDGE_CURVE('',#1153,#1154,#645,.T.);
#1436=EDGE_CURVE('',#1154,#1152,#646,.T.);
#1437=EDGE_CURVE('',#1148,#1153,#647,.T.);
#1438=EDGE_CURVE('',#1150,#1154,#648,.T.);
#1439=EDGE_CURVE('',#1124,#1155,#649,.T.);
#1440=EDGE_CURVE('',#1155,#1156,#650,.T.);
#1441=EDGE_CURVE('',#1156,#1125,#651,.T.);
#1442=EDGE_CURVE('',#1155,#1157,#652,.T.);
#1443=EDGE_CURVE('',#1157,#1158,#653,.T.);
#1444=EDGE_CURVE('',#1158,#1156,#654,.T.);
#1445=EDGE_CURVE('',#1157,#1123,#655,.T.);
#1446=EDGE_CURVE('',#1159,#1160,#656,.T.);
#1447=EDGE_CURVE('',#1160,#1161,#657,.T.);
#1448=EDGE_CURVE('',#1161,#1162,#658,.T.);
#1449=EDGE_CURVE('',#1159,#1162,#659,.T.);
#1450=EDGE_CURVE('',#1160,#1163,#660,.T.);
#1451=EDGE_CURVE('',#1163,#1164,#661,.T.);
#1452=EDGE_CURVE('',#1164,#1161,#662,.T.);
#1453=EDGE_CURVE('',#1165,#1159,#663,.T.);
#1454=EDGE_CURVE('',#1165,#1163,#664,.T.);
#1455=EDGE_CURVE('',#1126,#1158,#665,.T.);
#1456=EDGE_CURVE('',#1166,#1164,#666,.T.);
#1457=EDGE_CURVE('',#1162,#1166,#667,.T.);
#1458=EDGE_CURVE('',#1166,#1165,#668,.T.);
#1459=EDGE_CURVE('',#1081,#1167,#669,.T.);
#1460=EDGE_CURVE('',#1081,#1168,#670,.T.);
#1461=EDGE_CURVE('',#1168,#1169,#671,.T.);
#1462=EDGE_CURVE('',#1167,#1169,#672,.T.);
#1463=EDGE_CURVE('',#1168,#1087,#673,.T.);
#1464=EDGE_CURVE('',#1068,#1170,#674,.T.);
#1465=EDGE_CURVE('',#1171,#1170,#675,.T.);
#1466=EDGE_CURVE('',#1069,#1171,#676,.T.);
#1467=EDGE_CURVE('',#1172,#1171,#677,.T.);
#1468=EDGE_CURVE('',#1088,#1172,#678,.T.);
#1469=EDGE_CURVE('',#1068,#1173,#679,.T.);
#1470=EDGE_CURVE('',#1174,#1173,#680,.T.);
#1471=EDGE_CURVE('',#1170,#1174,#681,.T.);
#1472=EDGE_CURVE('',#1172,#1086,#682,.T.);
#1473=EDGE_CURVE('',#1175,#1170,#683,.T.);
#1474=EDGE_CURVE('',#1176,#1175,#684,.T.);
#1475=EDGE_CURVE('',#1176,#1168,#685,.T.);
#1476=EDGE_CURVE('',#1173,#1177,#134,.T.);
#1477=EDGE_CURVE('',#1177,#1140,#686,.T.);
#1478=EDGE_CURVE('',#1135,#1132,#687,.T.);
#1479=EDGE_CURVE('',#1127,#1178,#688,.T.);
#1480=EDGE_CURVE('',#1178,#1179,#135,.T.);
#1481=EDGE_CURVE('',#1179,#1180,#689,.T.);
#1482=EDGE_CURVE('',#1180,#1181,#136,.T.);
#1483=EDGE_CURVE('',#1181,#1182,#690,.T.);
#1484=EDGE_CURVE('',#1182,#1174,#137,.T.);
#1485=EDGE_CURVE('',#1057,#1179,#691,.T.);
#1486=EDGE_CURVE('',#1057,#1183,#692,.T.);
#1487=EDGE_CURVE('',#1183,#1180,#693,.T.);
#1488=EDGE_CURVE('',#1183,#1093,#694,.T.);
#1489=EDGE_CURVE('',#1046,#1184,#695,.T.);
#1490=EDGE_CURVE('',#1185,#1184,#696,.T.);
#1491=EDGE_CURVE('',#1047,#1185,#697,.T.);
#1492=EDGE_CURVE('',#1186,#1185,#698,.T.);
#1493=EDGE_CURVE('',#1094,#1186,#699,.T.);
#1494=EDGE_CURVE('',#1046,#1187,#700,.T.);
#1495=EDGE_CURVE('',#1188,#1187,#701,.T.);
#1496=EDGE_CURVE('',#1184,#1188,#702,.T.);
#1497=EDGE_CURVE('',#1186,#1092,#703,.T.);
#1498=EDGE_CURVE('',#1189,#1184,#704,.T.);
#1499=EDGE_CURVE('',#1189,#1190,#705,.T.);
#1500=EDGE_CURVE('',#1190,#1183,#706,.T.);
#1501=EDGE_CURVE('',#1187,#1115,#138,.T.);
#1502=EDGE_CURVE('',#1110,#1191,#707,.T.);
#1503=EDGE_CURVE('',#1191,#1192,#708,.T.);
#1504=EDGE_CURVE('',#1192,#1188,#139,.T.);
#1505=EDGE_CURVE('',#1103,#1193,#709,.T.);
#1506=EDGE_CURVE('',#1194,#1193,#140,.T.);
#1507=EDGE_CURVE('',#1104,#1194,#710,.T.);
#1508=EDGE_CURVE('',#1169,#1195,#141,.T.);
#1509=EDGE_CURVE('',#1195,#1193,#711,.T.);
#1510=EDGE_CURVE('',#1122,#1167,#142,.T.);
#1511=EDGE_CURVE('',#1196,#1197,#27,.T.);
#1512=EDGE_CURVE('',#1067,#1196,#28,.T.);
#1513=EDGE_CURVE('',#1197,#1067,#29,.T.);
#1514=EDGE_CURVE('',#1198,#1199,#143,.T.);
#1515=EDGE_CURVE('',#1196,#1198,#30,.T.);
#1516=EDGE_CURVE('',#1199,#1197,#31,.T.);
#1517=EDGE_CURVE('',#1200,#1201,#144,.T.);
#1518=EDGE_CURVE('',#1198,#1200,#145,.T.);
#1519=EDGE_CURVE('',#1201,#1199,#146,.T.);
#1520=EDGE_CURVE('',#1202,#1203,#147,.T.);
#1521=EDGE_CURVE('',#1200,#1202,#712,.T.);
#1522=EDGE_CURVE('',#1203,#1201,#713,.T.);
#1523=EDGE_CURVE('',#1204,#1205,#714,.T.);
#1524=EDGE_CURVE('',#1206,#1204,#32,.T.);
#1525=EDGE_CURVE('',#1207,#1206,#715,.T.);
#1526=EDGE_CURVE('',#1205,#1207,#33,.T.);
#1527=EDGE_CURVE('',#1208,#1209,#148,.T.);
#1528=EDGE_CURVE('',#1202,#1208,#149,.T.);
#1529=EDGE_CURVE('',#1209,#1203,#150,.T.);
#1530=EDGE_CURVE('',#1210,#1211,#34,.T.);
#1531=EDGE_CURVE('',#1208,#1210,#35,.T.);
#1532=EDGE_CURVE('',#1211,#1209,#36,.T.);
#1533=EDGE_CURVE('',#1210,#1058,#37,.T.);
#1534=EDGE_CURVE('',#1058,#1211,#38,.T.);
#1535=EDGE_CURVE('',#1212,#1210,#716,.T.);
#1536=EDGE_CURVE('',#1212,#1213,#39,.T.);
#1537=EDGE_CURVE('',#1213,#1208,#717,.T.);
#1538=EDGE_CURVE('',#1214,#1177,#718,.T.);
#1539=EDGE_CURVE('',#1214,#1198,#719,.T.);
#1540=EDGE_CURVE('',#1213,#1178,#720,.T.);
#1541=EDGE_CURVE('',#1214,#1215,#40,.T.);
#1542=EDGE_CURVE('',#1215,#1196,#721,.T.);
#1543=EDGE_CURVE('',#1216,#1217,#41,.T.);
#1544=EDGE_CURVE('',#1045,#1216,#42,.T.);
#1545=EDGE_CURVE('',#1217,#1045,#43,.T.);
#1546=EDGE_CURVE('',#1117,#1218,#151,.T.);
#1547=EDGE_CURVE('',#1216,#1117,#44,.T.);
#1548=EDGE_CURVE('',#1218,#1217,#45,.T.);
#1549=EDGE_CURVE('',#1118,#1219,#152,.T.);
#1550=EDGE_CURVE('',#1219,#1218,#153,.T.);
#1551=EDGE_CURVE('',#1119,#1220,#154,.T.);
#1552=EDGE_CURVE('',#1220,#1219,#722,.T.);
#1553=EDGE_CURVE('',#1221,#1222,#723,.T.);
#1554=EDGE_CURVE('',#1223,#1221,#46,.T.);
#1555=EDGE_CURVE('',#1224,#1223,#724,.T.);
#1556=EDGE_CURVE('',#1222,#1224,#47,.T.);
#1557=EDGE_CURVE('',#1120,#1225,#155,.T.);
#1558=EDGE_CURVE('',#1225,#1220,#156,.T.);
#1559=EDGE_CURVE('',#1226,#1227,#48,.T.);
#1560=EDGE_CURVE('',#1120,#1226,#49,.T.);
#1561=EDGE_CURVE('',#1227,#1225,#50,.T.);
#1562=EDGE_CURVE('',#1226,#1082,#51,.T.);
#1563=EDGE_CURVE('',#1082,#1227,#52,.T.);
#1564=EDGE_CURVE('',#1228,#1226,#725,.T.);
#1565=EDGE_CURVE('',#1228,#1121,#53,.T.);
#1566=EDGE_CURVE('',#1116,#1229,#54,.T.);
#1567=EDGE_CURVE('',#1229,#1216,#726,.T.);
#1568=EDGE_CURVE('',#1203,#1219,#727,.T.);
#1569=EDGE_CURVE('',#1201,#1220,#728,.T.);
#1570=EDGE_CURVE('',#1230,#1221,#157,.T.);
#1571=EDGE_CURVE('',#1223,#1230,#729,.T.);
#1572=EDGE_CURVE('',#1231,#1207,#730,.T.);
#1573=EDGE_CURVE('',#1205,#1231,#158,.T.);
#1574=EDGE_CURVE('',#1232,#1230,#731,.F.);
#1575=EDGE_CURVE('',#1224,#1232,#732,.T.);
#1576=EDGE_CURVE('',#1233,#1206,#733,.T.);
#1577=EDGE_CURVE('',#1231,#1233,#734,.F.);
#1578=EDGE_CURVE('',#1222,#1232,#159,.T.);
#1579=EDGE_CURVE('',#1234,#1235,#160,.T.);
#1580=EDGE_CURVE('',#1235,#1175,#55,.T.);
#1581=EDGE_CURVE('',#1175,#1234,#56,.T.);
#1582=EDGE_CURVE('',#1236,#1237,#161,.T.);
#1583=EDGE_CURVE('',#1237,#1235,#57,.T.);
#1584=EDGE_CURVE('',#1234,#1236,#58,.T.);
#1585=EDGE_CURVE('',#1238,#1239,#162,.T.);
#1586=EDGE_CURVE('',#1239,#1237,#163,.T.);
#1587=EDGE_CURVE('',#1236,#1238,#164,.T.);
#1588=EDGE_CURVE('',#1240,#1241,#165,.T.);
#1589=EDGE_CURVE('',#1241,#1239,#735,.T.);
#1590=EDGE_CURVE('',#1238,#1240,#736,.T.);
#1591=EDGE_CURVE('',#1242,#1243,#166,.T.);
#1592=EDGE_CURVE('',#1243,#1241,#167,.T.);
#1593=EDGE_CURVE('',#1240,#1242,#168,.T.);
#1594=EDGE_CURVE('',#1244,#1245,#169,.T.);
#1595=EDGE_CURVE('',#1245,#1243,#59,.T.);
#1596=EDGE_CURVE('',#1242,#1244,#60,.T.);
#1597=EDGE_CURVE('',#1244,#1190,#61,.T.);
#1598=EDGE_CURVE('',#1190,#1245,#62,.T.);
#1599=EDGE_CURVE('',#1246,#1242,#737,.T.);
#1600=EDGE_CURVE('',#1247,#1246,#63,.T.);
#1601=EDGE_CURVE('',#1247,#1244,#738,.T.);
#1602=EDGE_CURVE('',#1248,#1236,#739,.T.);
#1603=EDGE_CURVE('',#1248,#1182,#740,.T.);
#1604=EDGE_CURVE('',#1246,#1181,#741,.T.);
#1605=EDGE_CURVE('',#1249,#1234,#742,.T.);
#1606=EDGE_CURVE('',#1248,#1249,#64,.T.);
#1607=EDGE_CURVE('',#1250,#1251,#170,.T.);
#1608=EDGE_CURVE('',#1251,#1189,#65,.T.);
#1609=EDGE_CURVE('',#1189,#1250,#66,.T.);
#1610=EDGE_CURVE('',#1252,#1253,#171,.T.);
#1611=EDGE_CURVE('',#1253,#1251,#67,.T.);
#1612=EDGE_CURVE('',#1250,#1252,#68,.T.);
#1613=EDGE_CURVE('',#1254,#1255,#172,.T.);
#1614=EDGE_CURVE('',#1255,#1253,#173,.T.);
#1615=EDGE_CURVE('',#1252,#1254,#174,.T.);
#1616=EDGE_CURVE('',#1256,#1257,#175,.T.);
#1617=EDGE_CURVE('',#1257,#1255,#743,.T.);
#1618=EDGE_CURVE('',#1254,#1256,#744,.T.);
#1619=EDGE_CURVE('',#1258,#1259,#176,.T.);
#1620=EDGE_CURVE('',#1259,#1257,#177,.T.);
#1621=EDGE_CURVE('',#1256,#1258,#178,.T.);
#1622=EDGE_CURVE('',#1260,#1261,#179,.T.);
#1623=EDGE_CURVE('',#1261,#1259,#69,.T.);
#1624=EDGE_CURVE('',#1258,#1260,#70,.T.);
#1625=EDGE_CURVE('',#1260,#1176,#71,.T.);
#1626=EDGE_CURVE('',#1176,#1261,#72,.T.);
#1627=EDGE_CURVE('',#1262,#1258,#745,.T.);
#1628=EDGE_CURVE('',#1263,#1262,#73,.T.);
#1629=EDGE_CURVE('',#1263,#1260,#746,.T.);
#1630=EDGE_CURVE('',#1264,#1252,#747,.T.);
#1631=EDGE_CURVE('',#1264,#1192,#748,.T.);
#1632=EDGE_CURVE('',#1191,#1265,#180,.T.);
#1633=EDGE_CURVE('',#1265,#1266,#749,.T.);
#1634=EDGE_CURVE('',#1267,#1266,#181,.T.);
#1635=EDGE_CURVE('',#1267,#1268,#750,.T.);
#1636=EDGE_CURVE('',#1269,#1268,#182,.T.);
#1637=EDGE_CURVE('',#1269,#1194,#751,.T.);
#1638=EDGE_CURVE('',#1262,#1195,#752,.T.);
#1639=EDGE_CURVE('',#1270,#1250,#753,.T.);
#1640=EDGE_CURVE('',#1264,#1270,#74,.T.);
#1641=EDGE_CURVE('',#1241,#1255,#754,.T.);
#1642=EDGE_CURVE('',#1239,#1257,#755,.T.);
#1643=EDGE_CURVE('',#1233,#1204,#183,.T.);
#1644=EDGE_CURVE('',#1109,#1265,#756,.T.);
#1645=EDGE_CURVE('',#1105,#1269,#757,.T.);
#1646=EDGE_CURVE('',#1108,#1266,#758,.T.);
#1647=EDGE_CURVE('',#1107,#1267,#759,.T.);
#1648=EDGE_CURVE('',#1106,#1268,#760,.T.);
#1649=ORIENTED_EDGE('',*,*,#1271,.F.);
#1650=ORIENTED_EDGE('',*,*,#1272,.T.);
#1651=ORIENTED_EDGE('',*,*,#1273,.F.);
#1652=ORIENTED_EDGE('',*,*,#1274,.F.);
#1653=ORIENTED_EDGE('',*,*,#1275,.F.);
#1654=ORIENTED_EDGE('',*,*,#1274,.T.);
#1655=ORIENTED_EDGE('',*,*,#1276,.F.);
#1656=ORIENTED_EDGE('',*,*,#1277,.F.);
#1657=ORIENTED_EDGE('',*,*,#1278,.T.);
#1658=ORIENTED_EDGE('',*,*,#1277,.T.);
#1659=ORIENTED_EDGE('',*,*,#1279,.F.);
#1660=ORIENTED_EDGE('',*,*,#1280,.F.);
#1661=ORIENTED_EDGE('',*,*,#1281,.F.);
#1662=ORIENTED_EDGE('',*,*,#1280,.T.);
#1663=ORIENTED_EDGE('',*,*,#1282,.F.);
#1664=ORIENTED_EDGE('',*,*,#1272,.F.);
#1665=ORIENTED_EDGE('',*,*,#1282,.T.);
#1666=ORIENTED_EDGE('',*,*,#1279,.T.);
#1667=ORIENTED_EDGE('',*,*,#1276,.T.);
#1668=ORIENTED_EDGE('',*,*,#1273,.T.);
#1669=ORIENTED_EDGE('',*,*,#1275,.T.);
#1670=ORIENTED_EDGE('',*,*,#1283,.T.);
#1671=ORIENTED_EDGE('',*,*,#1284,.T.);
#1672=ORIENTED_EDGE('',*,*,#1285,.F.);
#1673=ORIENTED_EDGE('',*,*,#1281,.T.);
#1674=ORIENTED_EDGE('',*,*,#1286,.F.);
#1675=ORIENTED_EDGE('',*,*,#1287,.T.);
#1676=ORIENTED_EDGE('',*,*,#1288,.T.);
#1677=ORIENTED_EDGE('',*,*,#1289,.T.);
#1678=ORIENTED_EDGE('',*,*,#1290,.T.);
#1679=ORIENTED_EDGE('',*,*,#1291,.F.);
#1680=ORIENTED_EDGE('',*,*,#1292,.T.);
#1681=ORIENTED_EDGE('',*,*,#1293,.F.);
#1682=ORIENTED_EDGE('',*,*,#1294,.F.);
#1683=ORIENTED_EDGE('',*,*,#1295,.T.);
#1684=ORIENTED_EDGE('',*,*,#1294,.T.);
#1685=ORIENTED_EDGE('',*,*,#1296,.F.);
#1686=ORIENTED_EDGE('',*,*,#1297,.F.);
#1687=ORIENTED_EDGE('',*,*,#1284,.F.);
#1688=ORIENTED_EDGE('',*,*,#1297,.T.);
#1689=ORIENTED_EDGE('',*,*,#1298,.F.);
#1690=ORIENTED_EDGE('',*,*,#1299,.F.);
#1691=ORIENTED_EDGE('',*,*,#1300,.F.);
#1692=ORIENTED_EDGE('',*,*,#1299,.T.);
#1693=ORIENTED_EDGE('',*,*,#1301,.F.);
#1694=ORIENTED_EDGE('',*,*,#1292,.F.);
#1695=ORIENTED_EDGE('',*,*,#1301,.T.);
#1696=ORIENTED_EDGE('',*,*,#1298,.T.);
#1697=ORIENTED_EDGE('',*,*,#1296,.T.);
#1698=ORIENTED_EDGE('',*,*,#1293,.T.);
#1699=ORIENTED_EDGE('',*,*,#1291,.T.);
#1700=ORIENTED_EDGE('',*,*,#1302,.T.);
#1701=ORIENTED_EDGE('',*,*,#1303,.T.);
#1702=ORIENTED_EDGE('',*,*,#1304,.T.);
#1703=ORIENTED_EDGE('',*,*,#1305,.F.);
#1704=ORIENTED_EDGE('',*,*,#1306,.F.);
#1705=ORIENTED_EDGE('',*,*,#1307,.T.);
#1706=ORIENTED_EDGE('',*,*,#1308,.T.);
#1707=ORIENTED_EDGE('',*,*,#1309,.F.);
#1708=ORIENTED_EDGE('',*,*,#1310,.F.);
#1709=ORIENTED_EDGE('',*,*,#1311,.F.);
#1710=ORIENTED_EDGE('',*,*,#1310,.T.);
#1711=ORIENTED_EDGE('',*,*,#1312,.F.);
#1712=ORIENTED_EDGE('',*,*,#1313,.F.);
#1713=ORIENTED_EDGE('',*,*,#1314,.T.);
#1714=ORIENTED_EDGE('',*,*,#1313,.T.);
#1715=ORIENTED_EDGE('',*,*,#1315,.F.);
#1716=ORIENTED_EDGE('',*,*,#1316,.F.);
#1717=ORIENTED_EDGE('',*,*,#1317,.F.);
#1718=ORIENTED_EDGE('',*,*,#1316,.T.);
#1719=ORIENTED_EDGE('',*,*,#1318,.F.);
#1720=ORIENTED_EDGE('',*,*,#1308,.F.);
#1721=ORIENTED_EDGE('',*,*,#1318,.T.);
#1722=ORIENTED_EDGE('',*,*,#1315,.T.);
#1723=ORIENTED_EDGE('',*,*,#1312,.T.);
#1724=ORIENTED_EDGE('',*,*,#1309,.T.);
#1725=ORIENTED_EDGE('',*,*,#1317,.T.);
#1726=ORIENTED_EDGE('',*,*,#1319,.T.);
#1727=ORIENTED_EDGE('',*,*,#1320,.T.);
#1728=ORIENTED_EDGE('',*,*,#1321,.T.);
#1729=ORIENTED_EDGE('',*,*,#1322,.T.);
#1730=ORIENTED_EDGE('',*,*,#1323,.T.);
#1731=ORIENTED_EDGE('',*,*,#1324,.F.);
#1732=ORIENTED_EDGE('',*,*,#1325,.T.);
#1733=ORIENTED_EDGE('',*,*,#1326,.F.);
#1734=ORIENTED_EDGE('',*,*,#1327,.F.);
#1735=ORIENTED_EDGE('',*,*,#1328,.T.);
#1736=ORIENTED_EDGE('',*,*,#1327,.T.);
#1737=ORIENTED_EDGE('',*,*,#1329,.F.);
#1738=ORIENTED_EDGE('',*,*,#1330,.F.);
#1739=ORIENTED_EDGE('',*,*,#1331,.F.);
#1740=ORIENTED_EDGE('',*,*,#1330,.T.);
#1741=ORIENTED_EDGE('',*,*,#1332,.F.);
#1742=ORIENTED_EDGE('',*,*,#1333,.F.);
#1743=ORIENTED_EDGE('',*,*,#1334,.T.);
#1744=ORIENTED_EDGE('',*,*,#1333,.T.);
#1745=ORIENTED_EDGE('',*,*,#1335,.F.);
#1746=ORIENTED_EDGE('',*,*,#1325,.F.);
#1747=ORIENTED_EDGE('',*,*,#1335,.T.);
#1748=ORIENTED_EDGE('',*,*,#1332,.T.);
#1749=ORIENTED_EDGE('',*,*,#1329,.T.);
#1750=ORIENTED_EDGE('',*,*,#1326,.T.);
#1751=ORIENTED_EDGE('',*,*,#1324,.T.);
#1752=ORIENTED_EDGE('',*,*,#1336,.T.);
#1753=ORIENTED_EDGE('',*,*,#1337,.T.);
#1754=ORIENTED_EDGE('',*,*,#1338,.T.);
#1755=ORIENTED_EDGE('',*,*,#1339,.F.);
#1756=ORIENTED_EDGE('',*,*,#1340,.T.);
#1757=ORIENTED_EDGE('',*,*,#1311,.T.);
#1758=ORIENTED_EDGE('',*,*,#1341,.T.);
#1759=ORIENTED_EDGE('',*,*,#1331,.T.);
#1760=ORIENTED_EDGE('',*,*,#1342,.T.);
#1761=ORIENTED_EDGE('',*,*,#1343,.T.);
#1762=ORIENTED_EDGE('',*,*,#1344,.T.);
#1763=ORIENTED_EDGE('',*,*,#1345,.T.);
#1764=ORIENTED_EDGE('',*,*,#1336,.F.);
#1765=ORIENTED_EDGE('',*,*,#1328,.F.);
#1766=ORIENTED_EDGE('',*,*,#1341,.F.);
#1767=ORIENTED_EDGE('',*,*,#1314,.F.);
#1768=ORIENTED_EDGE('',*,*,#1323,.F.);
#1769=ORIENTED_EDGE('',*,*,#1345,.F.);
#1770=ORIENTED_EDGE('',*,*,#1346,.F.);
#1771=ORIENTED_EDGE('',*,*,#1347,.F.);
#1772=ORIENTED_EDGE('',*,*,#1348,.F.);
#1773=ORIENTED_EDGE('',*,*,#1349,.F.);
#1774=ORIENTED_EDGE('',*,*,#1337,.F.);
#1775=ORIENTED_EDGE('',*,*,#1344,.F.);
#1776=ORIENTED_EDGE('',*,*,#1350,.T.);
#1777=ORIENTED_EDGE('',*,*,#1351,.T.);
#1778=ORIENTED_EDGE('',*,*,#1346,.T.);
#1779=ORIENTED_EDGE('',*,*,#1352,.T.);
#1780=ORIENTED_EDGE('',*,*,#1353,.T.);
#1781=ORIENTED_EDGE('',*,*,#1354,.T.);
#1782=ORIENTED_EDGE('',*,*,#1302,.F.);
#1783=ORIENTED_EDGE('',*,*,#1295,.F.);
#1784=ORIENTED_EDGE('',*,*,#1283,.F.);
#1785=ORIENTED_EDGE('',*,*,#1278,.F.);
#1786=ORIENTED_EDGE('',*,*,#1290,.F.);
#1787=ORIENTED_EDGE('',*,*,#1354,.F.);
#1788=ORIENTED_EDGE('',*,*,#1355,.F.);
#1789=ORIENTED_EDGE('',*,*,#1356,.F.);
#1790=ORIENTED_EDGE('',*,*,#1357,.F.);
#1791=ORIENTED_EDGE('',*,*,#1358,.F.);
#1792=ORIENTED_EDGE('',*,*,#1303,.F.);
#1793=ORIENTED_EDGE('',*,*,#1353,.F.);
#1794=ORIENTED_EDGE('',*,*,#1359,.T.);
#1795=ORIENTED_EDGE('',*,*,#1360,.T.);
#1796=ORIENTED_EDGE('',*,*,#1355,.T.);
#1797=ORIENTED_EDGE('',*,*,#1361,.F.);
#1798=ORIENTED_EDGE('',*,*,#1362,.F.);
#1799=ORIENTED_EDGE('',*,*,#1363,.F.);
#1800=ORIENTED_EDGE('',*,*,#1364,.F.);
#1801=ORIENTED_EDGE('',*,*,#1365,.F.);
#1802=ORIENTED_EDGE('',*,*,#1364,.T.);
#1803=ORIENTED_EDGE('',*,*,#1366,.F.);
#1804=ORIENTED_EDGE('',*,*,#1367,.F.);
#1805=ORIENTED_EDGE('',*,*,#1368,.F.);
#1806=ORIENTED_EDGE('',*,*,#1367,.T.);
#1807=ORIENTED_EDGE('',*,*,#1369,.F.);
#1808=ORIENTED_EDGE('',*,*,#1370,.F.);
#1809=ORIENTED_EDGE('',*,*,#1369,.T.);
#1810=ORIENTED_EDGE('',*,*,#1366,.T.);
#1811=ORIENTED_EDGE('',*,*,#1363,.T.);
#1812=ORIENTED_EDGE('',*,*,#1371,.F.);
#1813=ORIENTED_EDGE('',*,*,#1370,.T.);
#1814=ORIENTED_EDGE('',*,*,#1371,.T.);
#1815=ORIENTED_EDGE('',*,*,#1362,.T.);
#1816=ORIENTED_EDGE('',*,*,#1372,.F.);
#1817=ORIENTED_EDGE('',*,*,#1373,.F.);
#1818=ORIENTED_EDGE('',*,*,#1374,.F.);
#1819=ORIENTED_EDGE('',*,*,#1375,.F.);
#1820=ORIENTED_EDGE('',*,*,#1376,.F.);
#1821=ORIENTED_EDGE('',*,*,#1377,.F.);
#1822=ORIENTED_EDGE('',*,*,#1378,.F.);
#1823=ORIENTED_EDGE('',*,*,#1379,.F.);
#1824=ORIENTED_EDGE('',*,*,#1380,.F.);
#1825=ORIENTED_EDGE('',*,*,#1381,.T.);
#1826=ORIENTED_EDGE('',*,*,#1382,.T.);
#1827=ORIENTED_EDGE('',*,*,#1383,.T.);
#1828=ORIENTED_EDGE('',*,*,#1384,.F.);
#1829=ORIENTED_EDGE('',*,*,#1385,.F.);
#1830=ORIENTED_EDGE('',*,*,#1386,.T.);
#1831=ORIENTED_EDGE('',*,*,#1387,.T.);
#1832=ORIENTED_EDGE('',*,*,#1388,.T.);
#1833=ORIENTED_EDGE('',*,*,#1389,.T.);
#1834=ORIENTED_EDGE('',*,*,#1390,.F.);
#1835=ORIENTED_EDGE('',*,*,#1391,.T.);
#1836=ORIENTED_EDGE('',*,*,#1392,.F.);
#1837=ORIENTED_EDGE('',*,*,#1393,.T.);
#1838=ORIENTED_EDGE('',*,*,#1394,.T.);
#1839=ORIENTED_EDGE('',*,*,#1395,.T.);
#1840=ORIENTED_EDGE('',*,*,#1396,.T.);
#1841=ORIENTED_EDGE('',*,*,#1397,.T.);
#1842=ORIENTED_EDGE('',*,*,#1398,.T.);
#1843=ORIENTED_EDGE('',*,*,#1399,.F.);
#1844=ORIENTED_EDGE('',*,*,#1400,.F.);
#1845=ORIENTED_EDGE('',*,*,#1401,.T.);
#1846=ORIENTED_EDGE('',*,*,#1402,.F.);
#1847=ORIENTED_EDGE('',*,*,#1403,.F.);
#1848=ORIENTED_EDGE('',*,*,#1404,.F.);
#1849=ORIENTED_EDGE('',*,*,#1405,.T.);
#1850=ORIENTED_EDGE('',*,*,#1404,.T.);
#1851=ORIENTED_EDGE('',*,*,#1406,.F.);
#1852=ORIENTED_EDGE('',*,*,#1398,.F.);
#1853=ORIENTED_EDGE('',*,*,#1406,.T.);
#1854=ORIENTED_EDGE('',*,*,#1403,.T.);
#1855=ORIENTED_EDGE('',*,*,#1407,.F.);
#1856=ORIENTED_EDGE('',*,*,#1399,.T.);
#1857=ORIENTED_EDGE('',*,*,#1408,.T.);
#1858=ORIENTED_EDGE('',*,*,#1409,.T.);
#1859=ORIENTED_EDGE('',*,*,#1410,.F.);
#1860=ORIENTED_EDGE('',*,*,#1411,.F.);
#1861=ORIENTED_EDGE('',*,*,#1412,.T.);
#1862=ORIENTED_EDGE('',*,*,#1413,.F.);
#1863=ORIENTED_EDGE('',*,*,#1414,.F.);
#1864=ORIENTED_EDGE('',*,*,#1415,.F.);
#1865=ORIENTED_EDGE('',*,*,#1416,.T.);
#1866=ORIENTED_EDGE('',*,*,#1415,.T.);
#1867=ORIENTED_EDGE('',*,*,#1417,.F.);
#1868=ORIENTED_EDGE('',*,*,#1409,.F.);
#1869=ORIENTED_EDGE('',*,*,#1417,.T.);
#1870=ORIENTED_EDGE('',*,*,#1414,.T.);
#1871=ORIENTED_EDGE('',*,*,#1418,.F.);
#1872=ORIENTED_EDGE('',*,*,#1410,.T.);
#1873=ORIENTED_EDGE('',*,*,#1419,.T.);
#1874=ORIENTED_EDGE('',*,*,#1420,.T.);
#1875=ORIENTED_EDGE('',*,*,#1421,.F.);
#1876=ORIENTED_EDGE('',*,*,#1381,.F.);
#1877=ORIENTED_EDGE('',*,*,#1422,.T.);
#1878=ORIENTED_EDGE('',*,*,#1383,.F.);
#1879=ORIENTED_EDGE('',*,*,#1423,.F.);
#1880=ORIENTED_EDGE('',*,*,#1424,.F.);
#1881=ORIENTED_EDGE('',*,*,#1425,.T.);
#1882=ORIENTED_EDGE('',*,*,#1424,.T.);
#1883=ORIENTED_EDGE('',*,*,#1426,.F.);
#1884=ORIENTED_EDGE('',*,*,#1420,.F.);
#1885=ORIENTED_EDGE('',*,*,#1426,.T.);
#1886=ORIENTED_EDGE('',*,*,#1423,.T.);
#1887=ORIENTED_EDGE('',*,*,#1382,.F.);
#1888=ORIENTED_EDGE('',*,*,#1421,.T.);
#1889=ORIENTED_EDGE('',*,*,#1427,.F.);
#1890=ORIENTED_EDGE('',*,*,#1428,.T.);
#1891=ORIENTED_EDGE('',*,*,#1429,.T.);
#1892=ORIENTED_EDGE('',*,*,#1430,.F.);
#1893=ORIENTED_EDGE('',*,*,#1431,.F.);
#1894=ORIENTED_EDGE('',*,*,#1432,.T.);
#1895=ORIENTED_EDGE('',*,*,#1433,.T.);
#1896=ORIENTED_EDGE('',*,*,#1428,.F.);
#1897=ORIENTED_EDGE('',*,*,#1434,.F.);
#1898=ORIENTED_EDGE('',*,*,#1435,.T.);
#1899=ORIENTED_EDGE('',*,*,#1436,.T.);
#1900=ORIENTED_EDGE('',*,*,#1432,.F.);
#1901=ORIENTED_EDGE('',*,*,#1437,.F.);
#1902=ORIENTED_EDGE('',*,*,#1430,.T.);
#1903=ORIENTED_EDGE('',*,*,#1438,.T.);
#1904=ORIENTED_EDGE('',*,*,#1435,.F.);
#1905=ORIENTED_EDGE('',*,*,#1438,.F.);
#1906=ORIENTED_EDGE('',*,*,#1429,.F.);
#1907=ORIENTED_EDGE('',*,*,#1433,.F.);
#1908=ORIENTED_EDGE('',*,*,#1436,.F.);
#1909=ORIENTED_EDGE('',*,*,#1439,.T.);
#1910=ORIENTED_EDGE('',*,*,#1440,.T.);
#1911=ORIENTED_EDGE('',*,*,#1441,.T.);
#1912=ORIENTED_EDGE('',*,*,#1394,.F.);
#1913=ORIENTED_EDGE('',*,*,#1440,.F.);
#1914=ORIENTED_EDGE('',*,*,#1442,.T.);
#1915=ORIENTED_EDGE('',*,*,#1443,.T.);
#1916=ORIENTED_EDGE('',*,*,#1444,.T.);
#1917=ORIENTED_EDGE('',*,*,#1439,.F.);
#1918=ORIENTED_EDGE('',*,*,#1393,.F.);
#1919=ORIENTED_EDGE('',*,*,#1445,.F.);
#1920=ORIENTED_EDGE('',*,*,#1442,.F.);
#1921=ORIENTED_EDGE('',*,*,#1446,.T.);
#1922=ORIENTED_EDGE('',*,*,#1447,.T.);
#1923=ORIENTED_EDGE('',*,*,#1448,.T.);
#1924=ORIENTED_EDGE('',*,*,#1449,.F.);
#1925=ORIENTED_EDGE('',*,*,#1447,.F.);
#1926=ORIENTED_EDGE('',*,*,#1450,.T.);
#1927=ORIENTED_EDGE('',*,*,#1451,.T.);
#1928=ORIENTED_EDGE('',*,*,#1452,.T.);
#1929=ORIENTED_EDGE('',*,*,#1446,.F.);
#1930=ORIENTED_EDGE('',*,*,#1453,.F.);
#1931=ORIENTED_EDGE('',*,*,#1454,.T.);
#1932=ORIENTED_EDGE('',*,*,#1450,.F.);
#1933=ORIENTED_EDGE('',*,*,#1441,.F.);
#1934=ORIENTED_EDGE('',*,*,#1444,.F.);
#1935=ORIENTED_EDGE('',*,*,#1455,.F.);
#1936=ORIENTED_EDGE('',*,*,#1395,.F.);
#1937=ORIENTED_EDGE('',*,*,#1455,.T.);
#1938=ORIENTED_EDGE('',*,*,#1443,.F.);
#1939=ORIENTED_EDGE('',*,*,#1445,.T.);
#1940=ORIENTED_EDGE('',*,*,#1396,.F.);
#1941=ORIENTED_EDGE('',*,*,#1448,.F.);
#1942=ORIENTED_EDGE('',*,*,#1452,.F.);
#1943=ORIENTED_EDGE('',*,*,#1456,.F.);
#1944=ORIENTED_EDGE('',*,*,#1457,.F.);
#1945=ORIENTED_EDGE('',*,*,#1458,.F.);
#1946=ORIENTED_EDGE('',*,*,#1456,.T.);
#1947=ORIENTED_EDGE('',*,*,#1451,.F.);
#1948=ORIENTED_EDGE('',*,*,#1454,.F.);
#1949=ORIENTED_EDGE('',*,*,#1459,.F.);
#1950=ORIENTED_EDGE('',*,*,#1460,.T.);
#1951=ORIENTED_EDGE('',*,*,#1461,.T.);
#1952=ORIENTED_EDGE('',*,*,#1462,.F.);
#1953=ORIENTED_EDGE('',*,*,#1338,.F.);
#1954=ORIENTED_EDGE('',*,*,#1349,.T.);
#1955=ORIENTED_EDGE('',*,*,#1463,.F.);
#1956=ORIENTED_EDGE('',*,*,#1460,.F.);
#1957=ORIENTED_EDGE('',*,*,#1321,.F.);
#1958=ORIENTED_EDGE('',*,*,#1464,.T.);
#1959=ORIENTED_EDGE('',*,*,#1465,.F.);
#1960=ORIENTED_EDGE('',*,*,#1466,.F.);
#1961=ORIENTED_EDGE('',*,*,#1343,.F.);
#1962=ORIENTED_EDGE('',*,*,#1322,.F.);
#1963=ORIENTED_EDGE('',*,*,#1466,.T.);
#1964=ORIENTED_EDGE('',*,*,#1467,.F.);
#1965=ORIENTED_EDGE('',*,*,#1468,.F.);
#1966=ORIENTED_EDGE('',*,*,#1350,.F.);
#1967=ORIENTED_EDGE('',*,*,#1469,.T.);
#1968=ORIENTED_EDGE('',*,*,#1470,.F.);
#1969=ORIENTED_EDGE('',*,*,#1471,.F.);
#1970=ORIENTED_EDGE('',*,*,#1464,.F.);
#1971=ORIENTED_EDGE('',*,*,#1463,.T.);
#1972=ORIENTED_EDGE('',*,*,#1348,.T.);
#1973=ORIENTED_EDGE('',*,*,#1472,.F.);
#1974=ORIENTED_EDGE('',*,*,#1467,.T.);
#1975=ORIENTED_EDGE('',*,*,#1465,.T.);
#1976=ORIENTED_EDGE('',*,*,#1473,.F.);
#1977=ORIENTED_EDGE('',*,*,#1474,.F.);
#1978=ORIENTED_EDGE('',*,*,#1475,.T.);
#1979=ORIENTED_EDGE('',*,*,#1470,.T.);
#1980=ORIENTED_EDGE('',*,*,#1476,.T.);
#1981=ORIENTED_EDGE('',*,*,#1477,.T.);
#1982=ORIENTED_EDGE('',*,*,#1412,.F.);
#1983=ORIENTED_EDGE('',*,*,#1416,.F.);
#1984=ORIENTED_EDGE('',*,*,#1408,.F.);
#1985=ORIENTED_EDGE('',*,*,#1478,.T.);
#1986=ORIENTED_EDGE('',*,*,#1401,.F.);
#1987=ORIENTED_EDGE('',*,*,#1405,.F.);
#1988=ORIENTED_EDGE('',*,*,#1397,.F.);
#1989=ORIENTED_EDGE('',*,*,#1479,.T.);
#1990=ORIENTED_EDGE('',*,*,#1480,.T.);
#1991=ORIENTED_EDGE('',*,*,#1481,.T.);
#1992=ORIENTED_EDGE('',*,*,#1482,.T.);
#1993=ORIENTED_EDGE('',*,*,#1483,.T.);
#1994=ORIENTED_EDGE('',*,*,#1484,.T.);
#1995=ORIENTED_EDGE('',*,*,#1347,.T.);
#1996=ORIENTED_EDGE('',*,*,#1351,.F.);
#1997=ORIENTED_EDGE('',*,*,#1468,.T.);
#1998=ORIENTED_EDGE('',*,*,#1472,.T.);
#1999=ORIENTED_EDGE('',*,*,#1485,.F.);
#2000=ORIENTED_EDGE('',*,*,#1486,.T.);
#2001=ORIENTED_EDGE('',*,*,#1487,.T.);
#2002=ORIENTED_EDGE('',*,*,#1481,.F.);
#2003=ORIENTED_EDGE('',*,*,#1304,.F.);
#2004=ORIENTED_EDGE('',*,*,#1358,.T.);
#2005=ORIENTED_EDGE('',*,*,#1488,.F.);
#2006=ORIENTED_EDGE('',*,*,#1486,.F.);
#2007=ORIENTED_EDGE('',*,*,#1288,.F.);
#2008=ORIENTED_EDGE('',*,*,#1489,.T.);
#2009=ORIENTED_EDGE('',*,*,#1490,.F.);
#2010=ORIENTED_EDGE('',*,*,#1491,.F.);
#2011=ORIENTED_EDGE('',*,*,#1352,.F.);
#2012=ORIENTED_EDGE('',*,*,#1289,.F.);
#2013=ORIENTED_EDGE('',*,*,#1491,.T.);
#2014=ORIENTED_EDGE('',*,*,#1492,.F.);
#2015=ORIENTED_EDGE('',*,*,#1493,.F.);
#2016=ORIENTED_EDGE('',*,*,#1359,.F.);
#2017=ORIENTED_EDGE('',*,*,#1494,.T.);
#2018=ORIENTED_EDGE('',*,*,#1495,.F.);
#2019=ORIENTED_EDGE('',*,*,#1496,.F.);
#2020=ORIENTED_EDGE('',*,*,#1489,.F.);
#2021=ORIENTED_EDGE('',*,*,#1488,.T.);
#2022=ORIENTED_EDGE('',*,*,#1357,.T.);
#2023=ORIENTED_EDGE('',*,*,#1497,.F.);
#2024=ORIENTED_EDGE('',*,*,#1492,.T.);
#2025=ORIENTED_EDGE('',*,*,#1490,.T.);
#2026=ORIENTED_EDGE('',*,*,#1498,.F.);
#2027=ORIENTED_EDGE('',*,*,#1499,.T.);
#2028=ORIENTED_EDGE('',*,*,#1500,.T.);
#2029=ORIENTED_EDGE('',*,*,#1495,.T.);
#2030=ORIENTED_EDGE('',*,*,#1501,.T.);
#2031=ORIENTED_EDGE('',*,*,#1384,.T.);
#2032=ORIENTED_EDGE('',*,*,#1422,.F.);
#2033=ORIENTED_EDGE('',*,*,#1425,.F.);
#2034=ORIENTED_EDGE('',*,*,#1419,.F.);
#2035=ORIENTED_EDGE('',*,*,#1380,.T.);
#2036=ORIENTED_EDGE('',*,*,#1502,.T.);
#2037=ORIENTED_EDGE('',*,*,#1503,.T.);
#2038=ORIENTED_EDGE('',*,*,#1504,.T.);
#2039=ORIENTED_EDGE('',*,*,#1356,.T.);
#2040=ORIENTED_EDGE('',*,*,#1360,.F.);
#2041=ORIENTED_EDGE('',*,*,#1493,.T.);
#2042=ORIENTED_EDGE('',*,*,#1497,.T.);
#2043=ORIENTED_EDGE('',*,*,#1373,.T.);
#2044=ORIENTED_EDGE('',*,*,#1505,.T.);
#2045=ORIENTED_EDGE('',*,*,#1506,.F.);
#2046=ORIENTED_EDGE('',*,*,#1507,.F.);
#2047=ORIENTED_EDGE('',*,*,#1462,.T.);
#2048=ORIENTED_EDGE('',*,*,#1508,.T.);
#2049=ORIENTED_EDGE('',*,*,#1509,.T.);
#2050=ORIENTED_EDGE('',*,*,#1505,.F.);
#2051=ORIENTED_EDGE('',*,*,#1372,.T.);
#2052=ORIENTED_EDGE('',*,*,#1361,.T.);
#2053=ORIENTED_EDGE('',*,*,#1365,.T.);
#2054=ORIENTED_EDGE('',*,*,#1368,.T.);
#2055=ORIENTED_EDGE('',*,*,#1392,.T.);
#2056=ORIENTED_EDGE('',*,*,#1510,.T.);
#2057=ORIENTED_EDGE('',*,*,#1511,.F.);
#2058=ORIENTED_EDGE('',*,*,#1512,.F.);
#2059=ORIENTED_EDGE('',*,*,#1513,.F.);
#2060=ORIENTED_EDGE('',*,*,#1514,.F.);
#2061=ORIENTED_EDGE('',*,*,#1515,.F.);
#2062=ORIENTED_EDGE('',*,*,#1511,.T.);
#2063=ORIENTED_EDGE('',*,*,#1516,.F.);
#2064=ORIENTED_EDGE('',*,*,#1517,.F.);
#2065=ORIENTED_EDGE('',*,*,#1518,.F.);
#2066=ORIENTED_EDGE('',*,*,#1514,.T.);
#2067=ORIENTED_EDGE('',*,*,#1519,.F.);
#2068=ORIENTED_EDGE('',*,*,#1520,.F.);
#2069=ORIENTED_EDGE('',*,*,#1521,.F.);
#2070=ORIENTED_EDGE('',*,*,#1517,.T.);
#2071=ORIENTED_EDGE('',*,*,#1522,.F.);
#2072=ORIENTED_EDGE('',*,*,#1523,.F.);
#2073=ORIENTED_EDGE('',*,*,#1524,.F.);
#2074=ORIENTED_EDGE('',*,*,#1525,.F.);
#2075=ORIENTED_EDGE('',*,*,#1526,.F.);
#2076=ORIENTED_EDGE('',*,*,#1527,.F.);
#2077=ORIENTED_EDGE('',*,*,#1528,.F.);
#2078=ORIENTED_EDGE('',*,*,#1520,.T.);
#2079=ORIENTED_EDGE('',*,*,#1529,.F.);
#2080=ORIENTED_EDGE('',*,*,#1530,.F.);
#2081=ORIENTED_EDGE('',*,*,#1531,.F.);
#2082=ORIENTED_EDGE('',*,*,#1527,.T.);
#2083=ORIENTED_EDGE('',*,*,#1532,.F.);
#2084=ORIENTED_EDGE('',*,*,#1533,.F.);
#2085=ORIENTED_EDGE('',*,*,#1530,.T.);
#2086=ORIENTED_EDGE('',*,*,#1534,.F.);
#2087=ORIENTED_EDGE('',*,*,#1531,.T.);
#2088=ORIENTED_EDGE('',*,*,#1535,.F.);
#2089=ORIENTED_EDGE('',*,*,#1536,.T.);
#2090=ORIENTED_EDGE('',*,*,#1537,.T.);
#2091=ORIENTED_EDGE('',*,*,#1402,.T.);
#2092=ORIENTED_EDGE('',*,*,#1478,.F.);
#2093=ORIENTED_EDGE('',*,*,#1411,.T.);
#2094=ORIENTED_EDGE('',*,*,#1418,.T.);
#2095=ORIENTED_EDGE('',*,*,#1413,.T.);
#2096=ORIENTED_EDGE('',*,*,#1477,.F.);
#2097=ORIENTED_EDGE('',*,*,#1538,.F.);
#2098=ORIENTED_EDGE('',*,*,#1539,.T.);
#2099=ORIENTED_EDGE('',*,*,#1518,.T.);
#2100=ORIENTED_EDGE('',*,*,#1521,.T.);
#2101=ORIENTED_EDGE('',*,*,#1528,.T.);
#2102=ORIENTED_EDGE('',*,*,#1537,.F.);
#2103=ORIENTED_EDGE('',*,*,#1540,.T.);
#2104=ORIENTED_EDGE('',*,*,#1479,.F.);
#2105=ORIENTED_EDGE('',*,*,#1400,.T.);
#2106=ORIENTED_EDGE('',*,*,#1407,.T.);
#2107=ORIENTED_EDGE('',*,*,#1457,.T.);
#2108=ORIENTED_EDGE('',*,*,#1458,.T.);
#2109=ORIENTED_EDGE('',*,*,#1453,.T.);
#2110=ORIENTED_EDGE('',*,*,#1449,.T.);
#2111=ORIENTED_EDGE('',*,*,#1515,.T.);
#2112=ORIENTED_EDGE('',*,*,#1539,.F.);
#2113=ORIENTED_EDGE('',*,*,#1541,.T.);
#2114=ORIENTED_EDGE('',*,*,#1542,.T.);
#2115=ORIENTED_EDGE('',*,*,#1512,.T.);
#2116=ORIENTED_EDGE('',*,*,#1542,.F.);
#2117=ORIENTED_EDGE('',*,*,#1541,.F.);
#2118=ORIENTED_EDGE('',*,*,#1538,.T.);
#2119=ORIENTED_EDGE('',*,*,#1476,.F.);
#2120=ORIENTED_EDGE('',*,*,#1469,.F.);
#2121=ORIENTED_EDGE('',*,*,#1320,.F.);
#2122=ORIENTED_EDGE('',*,*,#1543,.F.);
#2123=ORIENTED_EDGE('',*,*,#1544,.F.);
#2124=ORIENTED_EDGE('',*,*,#1545,.F.);
#2125=ORIENTED_EDGE('',*,*,#1546,.F.);
#2126=ORIENTED_EDGE('',*,*,#1547,.F.);
#2127=ORIENTED_EDGE('',*,*,#1543,.T.);
#2128=ORIENTED_EDGE('',*,*,#1548,.F.);
#2129=ORIENTED_EDGE('',*,*,#1549,.F.);
#2130=ORIENTED_EDGE('',*,*,#1387,.F.);
#2131=ORIENTED_EDGE('',*,*,#1546,.T.);
#2132=ORIENTED_EDGE('',*,*,#1550,.F.);
#2133=ORIENTED_EDGE('',*,*,#1551,.F.);
#2134=ORIENTED_EDGE('',*,*,#1388,.F.);
#2135=ORIENTED_EDGE('',*,*,#1549,.T.);
#2136=ORIENTED_EDGE('',*,*,#1552,.F.);
#2137=ORIENTED_EDGE('',*,*,#1553,.F.);
#2138=ORIENTED_EDGE('',*,*,#1554,.F.);
#2139=ORIENTED_EDGE('',*,*,#1555,.F.);
#2140=ORIENTED_EDGE('',*,*,#1556,.F.);
#2141=ORIENTED_EDGE('',*,*,#1557,.F.);
#2142=ORIENTED_EDGE('',*,*,#1389,.F.);
#2143=ORIENTED_EDGE('',*,*,#1551,.T.);
#2144=ORIENTED_EDGE('',*,*,#1558,.F.);
#2145=ORIENTED_EDGE('',*,*,#1559,.F.);
#2146=ORIENTED_EDGE('',*,*,#1560,.F.);
#2147=ORIENTED_EDGE('',*,*,#1557,.T.);
#2148=ORIENTED_EDGE('',*,*,#1561,.F.);
#2149=ORIENTED_EDGE('',*,*,#1562,.F.);
#2150=ORIENTED_EDGE('',*,*,#1559,.T.);
#2151=ORIENTED_EDGE('',*,*,#1563,.F.);
#2152=ORIENTED_EDGE('',*,*,#1560,.T.);
#2153=ORIENTED_EDGE('',*,*,#1564,.F.);
#2154=ORIENTED_EDGE('',*,*,#1565,.T.);
#2155=ORIENTED_EDGE('',*,*,#1390,.T.);
#2156=ORIENTED_EDGE('',*,*,#1547,.T.);
#2157=ORIENTED_EDGE('',*,*,#1386,.F.);
#2158=ORIENTED_EDGE('',*,*,#1566,.T.);
#2159=ORIENTED_EDGE('',*,*,#1567,.T.);
#2160=ORIENTED_EDGE('',*,*,#1544,.T.);
#2161=ORIENTED_EDGE('',*,*,#1567,.F.);
#2162=ORIENTED_EDGE('',*,*,#1566,.F.);
#2163=ORIENTED_EDGE('',*,*,#1385,.T.);
#2164=ORIENTED_EDGE('',*,*,#1501,.F.);
#2165=ORIENTED_EDGE('',*,*,#1494,.F.);
#2166=ORIENTED_EDGE('',*,*,#1287,.F.);
#2167=ORIENTED_EDGE('',*,*,#1534,.T.);
#2168=ORIENTED_EDGE('',*,*,#1532,.T.);
#2169=ORIENTED_EDGE('',*,*,#1529,.T.);
#2170=ORIENTED_EDGE('',*,*,#1568,.T.);
#2171=ORIENTED_EDGE('',*,*,#1550,.T.);
#2172=ORIENTED_EDGE('',*,*,#1548,.T.);
#2173=ORIENTED_EDGE('',*,*,#1545,.T.);
#2174=ORIENTED_EDGE('',*,*,#1286,.T.);
#2175=ORIENTED_EDGE('',*,*,#1271,.T.);
#2176=ORIENTED_EDGE('',*,*,#1285,.T.);
#2177=ORIENTED_EDGE('',*,*,#1300,.T.);
#2178=ORIENTED_EDGE('',*,*,#1306,.T.);
#2179=ORIENTED_EDGE('',*,*,#1519,.T.);
#2180=ORIENTED_EDGE('',*,*,#1516,.T.);
#2181=ORIENTED_EDGE('',*,*,#1513,.T.);
#2182=ORIENTED_EDGE('',*,*,#1319,.F.);
#2183=ORIENTED_EDGE('',*,*,#1307,.F.);
#2184=ORIENTED_EDGE('',*,*,#1342,.F.);
#2185=ORIENTED_EDGE('',*,*,#1334,.F.);
#2186=ORIENTED_EDGE('',*,*,#1340,.F.);
#2187=ORIENTED_EDGE('',*,*,#1563,.T.);
#2188=ORIENTED_EDGE('',*,*,#1561,.T.);
#2189=ORIENTED_EDGE('',*,*,#1558,.T.);
#2190=ORIENTED_EDGE('',*,*,#1569,.F.);
#2191=ORIENTED_EDGE('',*,*,#1522,.T.);
#2192=ORIENTED_EDGE('',*,*,#1569,.T.);
#2193=ORIENTED_EDGE('',*,*,#1552,.T.);
#2194=ORIENTED_EDGE('',*,*,#1568,.F.);
#2195=ORIENTED_EDGE('',*,*,#1427,.T.);
#2196=ORIENTED_EDGE('',*,*,#1437,.T.);
#2197=ORIENTED_EDGE('',*,*,#1434,.T.);
#2198=ORIENTED_EDGE('',*,*,#1431,.T.);
#2199=ORIENTED_EDGE('',*,*,#1533,.T.);
#2200=ORIENTED_EDGE('',*,*,#1305,.T.);
#2201=ORIENTED_EDGE('',*,*,#1485,.T.);
#2202=ORIENTED_EDGE('',*,*,#1480,.F.);
#2203=ORIENTED_EDGE('',*,*,#1540,.F.);
#2204=ORIENTED_EDGE('',*,*,#1536,.F.);
#2205=ORIENTED_EDGE('',*,*,#1535,.T.);
#2206=ORIENTED_EDGE('',*,*,#1562,.T.);
#2207=ORIENTED_EDGE('',*,*,#1339,.T.);
#2208=ORIENTED_EDGE('',*,*,#1459,.T.);
#2209=ORIENTED_EDGE('',*,*,#1510,.F.);
#2210=ORIENTED_EDGE('',*,*,#1391,.F.);
#2211=ORIENTED_EDGE('',*,*,#1565,.F.);
#2212=ORIENTED_EDGE('',*,*,#1564,.T.);
#2213=ORIENTED_EDGE('',*,*,#1554,.T.);
#2214=ORIENTED_EDGE('',*,*,#1570,.F.);
#2215=ORIENTED_EDGE('',*,*,#1571,.F.);
#2216=ORIENTED_EDGE('',*,*,#1526,.T.);
#2217=ORIENTED_EDGE('',*,*,#1572,.F.);
#2218=ORIENTED_EDGE('',*,*,#1573,.F.);
#2219=ORIENTED_EDGE('',*,*,#1555,.T.);
#2220=ORIENTED_EDGE('',*,*,#1571,.T.);
#2221=ORIENTED_EDGE('',*,*,#1574,.F.);
#2222=ORIENTED_EDGE('',*,*,#1575,.F.);
#2223=ORIENTED_EDGE('',*,*,#1525,.T.);
#2224=ORIENTED_EDGE('',*,*,#1576,.F.);
#2225=ORIENTED_EDGE('',*,*,#1577,.F.);
#2226=ORIENTED_EDGE('',*,*,#1572,.T.);
#2227=ORIENTED_EDGE('',*,*,#1556,.T.);
#2228=ORIENTED_EDGE('',*,*,#1575,.T.);
#2229=ORIENTED_EDGE('',*,*,#1578,.F.);
#2230=ORIENTED_EDGE('',*,*,#1553,.T.);
#2231=ORIENTED_EDGE('',*,*,#1578,.T.);
#2232=ORIENTED_EDGE('',*,*,#1574,.T.);
#2233=ORIENTED_EDGE('',*,*,#1570,.T.);
#2234=ORIENTED_EDGE('',*,*,#1579,.T.);
#2235=ORIENTED_EDGE('',*,*,#1580,.T.);
#2236=ORIENTED_EDGE('',*,*,#1581,.T.);
#2237=ORIENTED_EDGE('',*,*,#1582,.T.);
#2238=ORIENTED_EDGE('',*,*,#1583,.T.);
#2239=ORIENTED_EDGE('',*,*,#1579,.F.);
#2240=ORIENTED_EDGE('',*,*,#1584,.T.);
#2241=ORIENTED_EDGE('',*,*,#1585,.T.);
#2242=ORIENTED_EDGE('',*,*,#1586,.T.);
#2243=ORIENTED_EDGE('',*,*,#1582,.F.);
#2244=ORIENTED_EDGE('',*,*,#1587,.T.);
#2245=ORIENTED_EDGE('',*,*,#1588,.T.);
#2246=ORIENTED_EDGE('',*,*,#1589,.T.);
#2247=ORIENTED_EDGE('',*,*,#1585,.F.);
#2248=ORIENTED_EDGE('',*,*,#1590,.T.);
#2249=ORIENTED_EDGE('',*,*,#1591,.T.);
#2250=ORIENTED_EDGE('',*,*,#1592,.T.);
#2251=ORIENTED_EDGE('',*,*,#1588,.F.);
#2252=ORIENTED_EDGE('',*,*,#1593,.T.);
#2253=ORIENTED_EDGE('',*,*,#1594,.T.);
#2254=ORIENTED_EDGE('',*,*,#1595,.T.);
#2255=ORIENTED_EDGE('',*,*,#1591,.F.);
#2256=ORIENTED_EDGE('',*,*,#1596,.T.);
#2257=ORIENTED_EDGE('',*,*,#1597,.T.);
#2258=ORIENTED_EDGE('',*,*,#1598,.T.);
#2259=ORIENTED_EDGE('',*,*,#1594,.F.);
#2260=ORIENTED_EDGE('',*,*,#1596,.F.);
#2261=ORIENTED_EDGE('',*,*,#1599,.F.);
#2262=ORIENTED_EDGE('',*,*,#1600,.F.);
#2263=ORIENTED_EDGE('',*,*,#1601,.T.);
#2264=ORIENTED_EDGE('',*,*,#1593,.F.);
#2265=ORIENTED_EDGE('',*,*,#1590,.F.);
#2266=ORIENTED_EDGE('',*,*,#1587,.F.);
#2267=ORIENTED_EDGE('',*,*,#1602,.F.);
#2268=ORIENTED_EDGE('',*,*,#1603,.T.);
#2269=ORIENTED_EDGE('',*,*,#1483,.F.);
#2270=ORIENTED_EDGE('',*,*,#1604,.F.);
#2271=ORIENTED_EDGE('',*,*,#1599,.T.);
#2272=ORIENTED_EDGE('',*,*,#1584,.F.);
#2273=ORIENTED_EDGE('',*,*,#1605,.F.);
#2274=ORIENTED_EDGE('',*,*,#1606,.F.);
#2275=ORIENTED_EDGE('',*,*,#1602,.T.);
#2276=ORIENTED_EDGE('',*,*,#1581,.F.);
#2277=ORIENTED_EDGE('',*,*,#1473,.T.);
#2278=ORIENTED_EDGE('',*,*,#1471,.T.);
#2279=ORIENTED_EDGE('',*,*,#1484,.F.);
#2280=ORIENTED_EDGE('',*,*,#1603,.F.);
#2281=ORIENTED_EDGE('',*,*,#1606,.T.);
#2282=ORIENTED_EDGE('',*,*,#1605,.T.);
#2283=ORIENTED_EDGE('',*,*,#1607,.T.);
#2284=ORIENTED_EDGE('',*,*,#1608,.T.);
#2285=ORIENTED_EDGE('',*,*,#1609,.T.);
#2286=ORIENTED_EDGE('',*,*,#1610,.T.);
#2287=ORIENTED_EDGE('',*,*,#1611,.T.);
#2288=ORIENTED_EDGE('',*,*,#1607,.F.);
#2289=ORIENTED_EDGE('',*,*,#1612,.T.);
#2290=ORIENTED_EDGE('',*,*,#1613,.T.);
#2291=ORIENTED_EDGE('',*,*,#1614,.T.);
#2292=ORIENTED_EDGE('',*,*,#1610,.F.);
#2293=ORIENTED_EDGE('',*,*,#1615,.T.);
#2294=ORIENTED_EDGE('',*,*,#1616,.T.);
#2295=ORIENTED_EDGE('',*,*,#1617,.T.);
#2296=ORIENTED_EDGE('',*,*,#1613,.F.);
#2297=ORIENTED_EDGE('',*,*,#1618,.T.);
#2298=ORIENTED_EDGE('',*,*,#1619,.T.);
#2299=ORIENTED_EDGE('',*,*,#1620,.T.);
#2300=ORIENTED_EDGE('',*,*,#1616,.F.);
#2301=ORIENTED_EDGE('',*,*,#1621,.T.);
#2302=ORIENTED_EDGE('',*,*,#1622,.T.);
#2303=ORIENTED_EDGE('',*,*,#1623,.T.);
#2304=ORIENTED_EDGE('',*,*,#1619,.F.);
#2305=ORIENTED_EDGE('',*,*,#1624,.T.);
#2306=ORIENTED_EDGE('',*,*,#1625,.T.);
#2307=ORIENTED_EDGE('',*,*,#1626,.T.);
#2308=ORIENTED_EDGE('',*,*,#1622,.F.);
#2309=ORIENTED_EDGE('',*,*,#1624,.F.);
#2310=ORIENTED_EDGE('',*,*,#1627,.F.);
#2311=ORIENTED_EDGE('',*,*,#1628,.F.);
#2312=ORIENTED_EDGE('',*,*,#1629,.T.);
#2313=ORIENTED_EDGE('',*,*,#1621,.F.);
#2314=ORIENTED_EDGE('',*,*,#1618,.F.);
#2315=ORIENTED_EDGE('',*,*,#1615,.F.);
#2316=ORIENTED_EDGE('',*,*,#1630,.F.);
#2317=ORIENTED_EDGE('',*,*,#1631,.T.);
#2318=ORIENTED_EDGE('',*,*,#1503,.F.);
#2319=ORIENTED_EDGE('',*,*,#1632,.T.);
#2320=ORIENTED_EDGE('',*,*,#1633,.T.);
#2321=ORIENTED_EDGE('',*,*,#1634,.F.);
#2322=ORIENTED_EDGE('',*,*,#1635,.T.);
#2323=ORIENTED_EDGE('',*,*,#1636,.F.);
#2324=ORIENTED_EDGE('',*,*,#1637,.T.);
#2325=ORIENTED_EDGE('',*,*,#1506,.T.);
#2326=ORIENTED_EDGE('',*,*,#1509,.F.);
#2327=ORIENTED_EDGE('',*,*,#1638,.F.);
#2328=ORIENTED_EDGE('',*,*,#1627,.T.);
#2329=ORIENTED_EDGE('',*,*,#1612,.F.);
#2330=ORIENTED_EDGE('',*,*,#1639,.F.);
#2331=ORIENTED_EDGE('',*,*,#1640,.F.);
#2332=ORIENTED_EDGE('',*,*,#1630,.T.);
#2333=ORIENTED_EDGE('',*,*,#1609,.F.);
#2334=ORIENTED_EDGE('',*,*,#1498,.T.);
#2335=ORIENTED_EDGE('',*,*,#1496,.T.);
#2336=ORIENTED_EDGE('',*,*,#1504,.F.);
#2337=ORIENTED_EDGE('',*,*,#1631,.F.);
#2338=ORIENTED_EDGE('',*,*,#1640,.T.);
#2339=ORIENTED_EDGE('',*,*,#1639,.T.);
#2340=ORIENTED_EDGE('',*,*,#1598,.F.);
#2341=ORIENTED_EDGE('',*,*,#1499,.F.);
#2342=ORIENTED_EDGE('',*,*,#1608,.F.);
#2343=ORIENTED_EDGE('',*,*,#1611,.F.);
#2344=ORIENTED_EDGE('',*,*,#1614,.F.);
#2345=ORIENTED_EDGE('',*,*,#1641,.F.);
#2346=ORIENTED_EDGE('',*,*,#1592,.F.);
#2347=ORIENTED_EDGE('',*,*,#1595,.F.);
#2348=ORIENTED_EDGE('',*,*,#1586,.F.);
#2349=ORIENTED_EDGE('',*,*,#1642,.T.);
#2350=ORIENTED_EDGE('',*,*,#1620,.F.);
#2351=ORIENTED_EDGE('',*,*,#1623,.F.);
#2352=ORIENTED_EDGE('',*,*,#1626,.F.);
#2353=ORIENTED_EDGE('',*,*,#1474,.T.);
#2354=ORIENTED_EDGE('',*,*,#1580,.F.);
#2355=ORIENTED_EDGE('',*,*,#1583,.F.);
#2356=ORIENTED_EDGE('',*,*,#1589,.F.);
#2357=ORIENTED_EDGE('',*,*,#1641,.T.);
#2358=ORIENTED_EDGE('',*,*,#1617,.F.);
#2359=ORIENTED_EDGE('',*,*,#1642,.F.);
#2360=ORIENTED_EDGE('',*,*,#1524,.T.);
#2361=ORIENTED_EDGE('',*,*,#1643,.F.);
#2362=ORIENTED_EDGE('',*,*,#1576,.T.);
#2363=ORIENTED_EDGE('',*,*,#1523,.T.);
#2364=ORIENTED_EDGE('',*,*,#1573,.T.);
#2365=ORIENTED_EDGE('',*,*,#1577,.T.);
#2366=ORIENTED_EDGE('',*,*,#1643,.T.);
#2367=ORIENTED_EDGE('',*,*,#1597,.F.);
#2368=ORIENTED_EDGE('',*,*,#1601,.F.);
#2369=ORIENTED_EDGE('',*,*,#1600,.T.);
#2370=ORIENTED_EDGE('',*,*,#1604,.T.);
#2371=ORIENTED_EDGE('',*,*,#1482,.F.);
#2372=ORIENTED_EDGE('',*,*,#1487,.F.);
#2373=ORIENTED_EDGE('',*,*,#1500,.F.);
#2374=ORIENTED_EDGE('',*,*,#1379,.T.);
#2375=ORIENTED_EDGE('',*,*,#1644,.T.);
#2376=ORIENTED_EDGE('',*,*,#1632,.F.);
#2377=ORIENTED_EDGE('',*,*,#1502,.F.);
#2378=ORIENTED_EDGE('',*,*,#1374,.T.);
#2379=ORIENTED_EDGE('',*,*,#1507,.T.);
#2380=ORIENTED_EDGE('',*,*,#1637,.F.);
#2381=ORIENTED_EDGE('',*,*,#1645,.F.);
#2382=ORIENTED_EDGE('',*,*,#1378,.T.);
#2383=ORIENTED_EDGE('',*,*,#1646,.T.);
#2384=ORIENTED_EDGE('',*,*,#1633,.F.);
#2385=ORIENTED_EDGE('',*,*,#1644,.F.);
#2386=ORIENTED_EDGE('',*,*,#1377,.T.);
#2387=ORIENTED_EDGE('',*,*,#1647,.T.);
#2388=ORIENTED_EDGE('',*,*,#1634,.T.);
#2389=ORIENTED_EDGE('',*,*,#1646,.F.);
#2390=ORIENTED_EDGE('',*,*,#1376,.T.);
#2391=ORIENTED_EDGE('',*,*,#1648,.T.);
#2392=ORIENTED_EDGE('',*,*,#1635,.F.);
#2393=ORIENTED_EDGE('',*,*,#1647,.F.);
#2394=ORIENTED_EDGE('',*,*,#1375,.T.);
#2395=ORIENTED_EDGE('',*,*,#1645,.T.);
#2396=ORIENTED_EDGE('',*,*,#1636,.T.);
#2397=ORIENTED_EDGE('',*,*,#1648,.F.);
#2398=ORIENTED_EDGE('',*,*,#1625,.F.);
#2399=ORIENTED_EDGE('',*,*,#1629,.F.);
#2400=ORIENTED_EDGE('',*,*,#1628,.T.);
#2401=ORIENTED_EDGE('',*,*,#1638,.T.);
#2402=ORIENTED_EDGE('',*,*,#1508,.F.);
#2403=ORIENTED_EDGE('',*,*,#1461,.F.);
#2404=ORIENTED_EDGE('',*,*,#1475,.F.);
#2405=PLANE('',#2662);
#2406=PLANE('',#2663);
#2407=PLANE('',#2664);
#2408=PLANE('',#2665);
#2409=PLANE('',#2666);
#2410=PLANE('',#2667);
#2411=PLANE('',#2668);
#2412=PLANE('',#2669);
#2413=PLANE('',#2670);
#2414=PLANE('',#2671);
#2415=PLANE('',#2672);
#2416=PLANE('',#2673);
#2417=PLANE('',#2674);
#2418=PLANE('',#2675);
#2419=PLANE('',#2676);
#2420=PLANE('',#2677);
#2421=PLANE('',#2678);
#2422=PLANE('',#2679);
#2423=PLANE('',#2680);
#2424=PLANE('',#2681);
#2425=PLANE('',#2682);
#2426=PLANE('',#2683);
#2427=PLANE('',#2684);
#2428=PLANE('',#2685);
#2429=PLANE('',#2686);
#2430=PLANE('',#2687);
#2431=PLANE('',#2688);
#2432=PLANE('',#2689);
#2433=PLANE('',#2690);
#2434=PLANE('',#2691);
#2435=PLANE('',#2692);
#2436=PLANE('',#2693);
#2437=PLANE('',#2694);
#2438=PLANE('',#2695);
#2439=PLANE('',#2696);
#2440=PLANE('',#2697);
#2441=PLANE('',#2698);
#2442=PLANE('',#2705);
#2443=PLANE('',#2706);
#2444=PLANE('',#2707);
#2445=PLANE('',#2708);
#2446=PLANE('',#2709);
#2447=PLANE('',#2710);
#2448=PLANE('',#2711);
#2449=PLANE('',#2712);
#2450=PLANE('',#2713);
#2451=PLANE('',#2714);
#2452=PLANE('',#2715);
#2453=PLANE('',#2716);
#2454=PLANE('',#2717);
#2455=PLANE('',#2718);
#2456=PLANE('',#2719);
#2457=PLANE('',#2720);
#2458=PLANE('',#2721);
#2459=PLANE('',#2722);
#2460=PLANE('',#2723);
#2461=PLANE('',#2724);
#2462=PLANE('',#2725);
#2463=PLANE('',#2726);
#2464=PLANE('',#2727);
#2465=PLANE('',#2728);
#2466=PLANE('',#2729);
#2467=PLANE('',#2730);
#2468=PLANE('',#2731);
#2469=PLANE('',#2732);
#2470=PLANE('',#2733);
#2471=PLANE('',#2734);
#2472=PLANE('',#2735);
#2473=PLANE('',#2736);
#2474=PLANE('',#2737);
#2475=PLANE('',#2738);
#2476=PLANE('',#2743);
#2477=PLANE('',#2744);
#2478=PLANE('',#2745);
#2479=PLANE('',#2746);
#2480=PLANE('',#2747);
#2481=PLANE('',#2748);
#2482=PLANE('',#2749);
#2483=PLANE('',#2750);
#2484=PLANE('',#2753);
#2485=PLANE('',#2756);
#2486=PLANE('',#2770);
#2487=PLANE('',#2784);
#2488=PLANE('',#2791);
#2489=PLANE('',#2792);
#2490=PLANE('',#2795);
#2491=PLANE('',#2807);
#2492=PLANE('',#2820);
#2493=PLANE('',#2827);
#2494=PLANE('',#2830);
#2495=PLANE('',#2833);
#2496=PLANE('',#2834);
#2497=PLANE('',#2836);
#2498=ADVANCED_FACE('',(#184),#2405,.T.);
#2499=ADVANCED_FACE('',(#185),#2406,.T.);
#2500=ADVANCED_FACE('',(#186),#2407,.T.);
#2501=ADVANCED_FACE('',(#187),#2408,.T.);
#2502=ADVANCED_FACE('',(#188),#2409,.T.);
#2503=ADVANCED_FACE('',(#189),#2410,.F.);
#2504=ADVANCED_FACE('',(#190),#2411,.F.);
#2505=ADVANCED_FACE('',(#191),#2412,.T.);
#2506=ADVANCED_FACE('',(#192),#2413,.T.);
#2507=ADVANCED_FACE('',(#193),#2414,.T.);
#2508=ADVANCED_FACE('',(#194),#2415,.T.);
#2509=ADVANCED_FACE('',(#195),#2416,.T.);
#2510=ADVANCED_FACE('',(#196),#2417,.F.);
#2511=ADVANCED_FACE('',(#197),#2418,.T.);
#2512=ADVANCED_FACE('',(#198),#2419,.T.);
#2513=ADVANCED_FACE('',(#199),#2420,.T.);
#2514=ADVANCED_FACE('',(#200),#2421,.T.);
#2515=ADVANCED_FACE('',(#201),#2422,.T.);
#2516=ADVANCED_FACE('',(#202),#2423,.F.);
#2517=ADVANCED_FACE('',(#203),#2424,.T.);
#2518=ADVANCED_FACE('',(#204),#2425,.T.);
#2519=ADVANCED_FACE('',(#205),#2426,.T.);
#2520=ADVANCED_FACE('',(#206),#2427,.T.);
#2521=ADVANCED_FACE('',(#207),#2428,.T.);
#2522=ADVANCED_FACE('',(#208),#2429,.F.);
#2523=ADVANCED_FACE('',(#209),#2430,.F.);
#2524=ADVANCED_FACE('',(#210),#2431,.T.);
#2525=ADVANCED_FACE('',(#211),#2432,.F.);
#2526=ADVANCED_FACE('',(#212),#2433,.T.);
#2527=ADVANCED_FACE('',(#213),#2434,.T.);
#2528=ADVANCED_FACE('',(#214),#2435,.F.);
#2529=ADVANCED_FACE('',(#215),#2436,.T.);
#2530=ADVANCED_FACE('',(#216),#2437,.T.);
#2531=ADVANCED_FACE('',(#217),#2438,.T.);
#2532=ADVANCED_FACE('',(#218),#2439,.T.);
#2533=ADVANCED_FACE('',(#219),#2440,.T.);
#2534=ADVANCED_FACE('',(#220,#123),#2441,.F.);
#2535=ADVANCED_FACE('',(#221),#2442,.T.);
#2536=ADVANCED_FACE('',(#222),#2443,.T.);
#2537=ADVANCED_FACE('',(#223),#2444,.T.);
#2538=ADVANCED_FACE('',(#224),#2445,.T.);
#2539=ADVANCED_FACE('',(#225),#2446,.T.);
#2540=ADVANCED_FACE('',(#226),#2447,.T.);
#2541=ADVANCED_FACE('',(#227),#2448,.T.);
#2542=ADVANCED_FACE('',(#228),#2449,.T.);
#2543=ADVANCED_FACE('',(#229),#2450,.T.);
#2544=ADVANCED_FACE('',(#230),#2451,.T.);
#2545=ADVANCED_FACE('',(#231),#2452,.T.);
#2546=ADVANCED_FACE('',(#232),#2453,.T.);
#2547=ADVANCED_FACE('',(#233),#2454,.F.);
#2548=ADVANCED_FACE('',(#234),#2455,.F.);
#2549=ADVANCED_FACE('',(#235),#2456,.F.);
#2550=ADVANCED_FACE('',(#236),#2457,.F.);
#2551=ADVANCED_FACE('',(#237),#2458,.F.);
#2552=ADVANCED_FACE('',(#238),#2459,.T.);
#2553=ADVANCED_FACE('',(#239),#2460,.T.);
#2554=ADVANCED_FACE('',(#240),#2461,.T.);
#2555=ADVANCED_FACE('',(#241),#2462,.T.);
#2556=ADVANCED_FACE('',(#242),#2463,.T.);
#2557=ADVANCED_FACE('',(#243),#2464,.T.);
#2558=ADVANCED_FACE('',(#244),#2465,.T.);
#2559=ADVANCED_FACE('',(#245),#2466,.T.);
#2560=ADVANCED_FACE('',(#246),#2467,.T.);
#2561=ADVANCED_FACE('',(#247),#2468,.T.);
#2562=ADVANCED_FACE('',(#248),#2469,.F.);
#2563=ADVANCED_FACE('',(#249),#2470,.F.);
#2564=ADVANCED_FACE('',(#250),#2471,.F.);
#2565=ADVANCED_FACE('',(#251),#2472,.F.);
#2566=ADVANCED_FACE('',(#252),#2473,.F.);
#2567=ADVANCED_FACE('',(#253),#2474,.T.);
#2568=ADVANCED_FACE('',(#254),#2475,.F.);
#2569=ADVANCED_FACE('',(#255),#2476,.F.);
#2570=ADVANCED_FACE('',(#256),#2477,.F.);
#2571=ADVANCED_FACE('',(#257),#2478,.F.);
#2572=ADVANCED_FACE('',(#258),#2479,.F.);
#2573=ADVANCED_FACE('',(#259),#2480,.F.);
#2574=ADVANCED_FACE('',(#260),#2481,.F.);
#2575=ADVANCED_FACE('',(#261),#2482,.T.);
#2576=ADVANCED_FACE('',(#262),#2483,.F.);
#2577=ADVANCED_FACE('',(#263),#2484,.F.);
#2578=ADVANCED_FACE('',(#264),#99,.T.);
#2579=ADVANCED_FACE('',(#265),#2485,.F.);
#2580=ADVANCED_FACE('',(#266),#75,.T.);
#2581=ADVANCED_FACE('',(#267),#76,.T.);
#2582=ADVANCED_FACE('',(#268),#23,.F.);
#2583=ADVANCED_FACE('',(#269,#124),#100,.F.);
#2584=ADVANCED_FACE('',(#270),#24,.F.);
#2585=ADVANCED_FACE('',(#271),#77,.T.);
#2586=ADVANCED_FACE('',(#272),#78,.T.);
#2587=ADVANCED_FACE('',(#273),#79,.T.);
#2588=ADVANCED_FACE('',(#274,#125),#2486,.F.);
#2589=ADVANCED_FACE('',(#275),#80,.T.);
#2590=ADVANCED_FACE('',(#276),#101,.F.);
#2591=ADVANCED_FACE('',(#277),#81,.T.);
#2592=ADVANCED_FACE('',(#278),#82,.T.);
#2593=ADVANCED_FACE('',(#279),#25,.F.);
#2594=ADVANCED_FACE('',(#280,#126),#102,.F.);
#2595=ADVANCED_FACE('',(#281),#26,.F.);
#2596=ADVANCED_FACE('',(#282),#83,.T.);
#2597=ADVANCED_FACE('',(#283),#84,.T.);
#2598=ADVANCED_FACE('',(#284),#85,.T.);
#2599=ADVANCED_FACE('',(#285),#86,.T.);
#2600=ADVANCED_FACE('',(#286),#103,.F.);
#2601=ADVANCED_FACE('',(#287),#104,.F.);
#2602=ADVANCED_FACE('',(#288),#105,.F.);
#2603=ADVANCED_FACE('',(#289,#127),#2487,.F.);
#2604=ADVANCED_FACE('',(#290),#106,.F.);
#2605=ADVANCED_FACE('',(#291),#107,.F.);
#2606=ADVANCED_FACE('',(#292),#108,.F.);
#2607=ADVANCED_FACE('',(#293),#109,.F.);
#2608=ADVANCED_FACE('',(#294),#2488,.F.);
#2609=ADVANCED_FACE('',(#295),#2489,.F.);
#2610=ADVANCED_FACE('',(#296),#110,.F.);
#2611=ADVANCED_FACE('',(#297),#2490,.F.);
#2612=ADVANCED_FACE('',(#298),#87,.F.);
#2613=ADVANCED_FACE('',(#299),#88,.F.);
#2614=ADVANCED_FACE('',(#300),#19,.F.);
#2615=ADVANCED_FACE('',(#301),#111,.T.);
#2616=ADVANCED_FACE('',(#302),#20,.F.);
#2617=ADVANCED_FACE('',(#303),#89,.F.);
#2618=ADVANCED_FACE('',(#304),#90,.F.);
#2619=ADVANCED_FACE('',(#305),#91,.F.);
#2620=ADVANCED_FACE('',(#306),#2491,.T.);
#2621=ADVANCED_FACE('',(#307),#92,.F.);
#2622=ADVANCED_FACE('',(#308),#112,.T.);
#2623=ADVANCED_FACE('',(#309),#93,.F.);
#2624=ADVANCED_FACE('',(#310),#94,.F.);
#2625=ADVANCED_FACE('',(#311),#21,.F.);
#2626=ADVANCED_FACE('',(#312),#113,.T.);
#2627=ADVANCED_FACE('',(#313),#22,.F.);
#2628=ADVANCED_FACE('',(#314),#95,.F.);
#2629=ADVANCED_FACE('',(#315),#96,.F.);
#2630=ADVANCED_FACE('',(#316),#97,.F.);
#2631=ADVANCED_FACE('',(#317),#2492,.T.);
#2632=ADVANCED_FACE('',(#318),#98,.F.);
#2633=ADVANCED_FACE('',(#319),#114,.T.);
#2634=ADVANCED_FACE('',(#320),#115,.T.);
#2635=ADVANCED_FACE('',(#321),#116,.T.);
#2636=ADVANCED_FACE('',(#322),#2493,.T.);
#2637=ADVANCED_FACE('',(#323),#117,.F.);
#2638=ADVANCED_FACE('',(#324),#2494,.F.);
#2639=ADVANCED_FACE('',(#325),#118,.T.);
#2640=ADVANCED_FACE('',(#326),#119,.T.);
#2641=ADVANCED_FACE('',(#327),#2495,.F.);
#2642=ADVANCED_FACE('',(#328),#2496,.F.);
#2643=ADVANCED_FACE('',(#329),#120,.F.);
#2644=ADVANCED_FACE('',(#330),#2497,.F.);
#2645=ADVANCED_FACE('',(#331),#121,.F.);
#2646=ADVANCED_FACE('',(#332),#122,.T.);
#2647=CLOSED_SHELL('',(#2498,#2499,#2500,#2501,#2502,#2503,#2504,#2505,
#2506,#2507,#2508,#2509,#2510,#2511,#2512,#2513,#2514,#2515,#2516,#2517,
#2518,#2519,#2520,#2521,#2522,#2523,#2524,#2525,#2526,#2527,#2528,#2529,
#2530,#2531,#2532,#2533,#2534,#2535,#2536,#2537,#2538,#2539,#2540,#2541,
#2542,#2543,#2544,#2545,#2546,#2547,#2548,#2549,#2550,#2551,#2552,#2553,
#2554,#2555,#2556,#2557,#2558,#2559,#2560,#2561,#2562,#2563,#2564,#2565,
#2566,#2567,#2568,#2569,#2570,#2571,#2572,#2573,#2574,#2575,#2576,#2577,
#2578,#2579,#2580,#2581,#2582,#2583,#2584,#2585,#2586,#2587,#2588,#2589,
#2590,#2591,#2592,#2593,#2594,#2595,#2596,#2597,#2598,#2599,#2600,#2601,
#2602,#2603,#2604,#2605,#2606,#2607,#2608,#2609,#2610,#2611,#2612,#2613,
#2614,#2615,#2616,#2617,#2618,#2619,#2620,#2621,#2622,#2623,#2624,#2625,
#2626,#2627,#2628,#2629,#2630,#2631,#2632,#2633,#2634,#2635,#2636,#2637,
#2638,#2639,#2640,#2641,#2642,#2643,#2644,#2645,#2646));
#2648=DERIVED_UNIT_ELEMENT(#2650,1.);
#2649=DERIVED_UNIT_ELEMENT(#5091,-3.);
#2650=(
MASS_UNIT()
NAMED_UNIT(*)
SI_UNIT(.KILO.,.GRAM.)
);
#2651=DERIVED_UNIT((#2648,#2649));
#2652=MEASURE_REPRESENTATION_ITEM('density measure',
POSITIVE_RATIO_MEASURE(7850.),#2651);
#2653=PROPERTY_DEFINITION_REPRESENTATION(#2658,#2655);
#2654=PROPERTY_DEFINITION_REPRESENTATION(#2659,#2656);
#2655=REPRESENTATION('material name',(#2657),#5088);
#2656=REPRESENTATION('density',(#2652),#5088);
#2657=DESCRIPTIVE_REPRESENTATION_ITEM('\X2\94A2\X0\','\X2\94A2\X0\');
#2658=PROPERTY_DEFINITION('material property','material name',#5103);
#2659=PROPERTY_DEFINITION('material property','density of part',#5103);
#2660=AXIS2_PLACEMENT_3D('',#3474,#2840,#2841);
#2661=AXIS2_PLACEMENT_3D('',#3475,#2842,#2843);
#2662=AXIS2_PLACEMENT_3D('',#3476,#2844,#2845);
#2663=AXIS2_PLACEMENT_3D('',#3485,#2850,#2851);
#2664=AXIS2_PLACEMENT_3D('',#3491,#2855,#2856);
#2665=AXIS2_PLACEMENT_3D('',#3497,#2860,#2861);
#2666=AXIS2_PLACEMENT_3D('',#3500,#2864,#2865);
#2667=AXIS2_PLACEMENT_3D('',#3501,#2866,#2867);
#2668=AXIS2_PLACEMENT_3D('',#3507,#2871,#2872);
#2669=AXIS2_PLACEMENT_3D('',#3517,#2878,#2879);
#2670=AXIS2_PLACEMENT_3D('',#3526,#2884,#2885);
#2671=AXIS2_PLACEMENT_3D('',#3531,#2889,#2890);
#2672=AXIS2_PLACEMENT_3D('',#3535,#2893,#2894);
#2673=AXIS2_PLACEMENT_3D('',#3538,#2897,#2898);
#2674=AXIS2_PLACEMENT_3D('',#3539,#2899,#2900);
#2675=AXIS2_PLACEMENT_3D('',#3549,#2906,#2907);
#2676=AXIS2_PLACEMENT_3D('',#3558,#2912,#2913);
#2677=AXIS2_PLACEMENT_3D('',#3564,#2917,#2918);
#2678=AXIS2_PLACEMENT_3D('',#3570,#2922,#2923);
#2679=AXIS2_PLACEMENT_3D('',#3573,#2926,#2927);
#2680=AXIS2_PLACEMENT_3D('',#3574,#2928,#2929);
#2681=AXIS2_PLACEMENT_3D('',#3584,#2935,#2936);
#2682=AXIS2_PLACEMENT_3D('',#3593,#2941,#2942);
#2683=AXIS2_PLACEMENT_3D('',#3599,#2946,#2947);
#2684=AXIS2_PLACEMENT_3D('',#3605,#2951,#2952);
#2685=AXIS2_PLACEMENT_3D('',#3608,#2955,#2956);
#2686=AXIS2_PLACEMENT_3D('',#3609,#2957,#2958);
#2687=AXIS2_PLACEMENT_3D('',#3619,#2964,#2965);
#2688=AXIS2_PLACEMENT_3D('',#3622,#2968,#2969);
#2689=AXIS2_PLACEMENT_3D('',#3628,#2973,#2974);
#2690=AXIS2_PLACEMENT_3D('',#3636,#2979,#2980);
#2691=AXIS2_PLACEMENT_3D('',#3640,#2983,#2984);
#2692=AXIS2_PLACEMENT_3D('',#3646,#2988,#2989);
#2693=AXIS2_PLACEMENT_3D('',#3654,#2994,#2995);
#2694=AXIS2_PLACEMENT_3D('',#3658,#2998,#2999);
#2695=AXIS2_PLACEMENT_3D('',#3667,#3004,#3005);
#2696=AXIS2_PLACEMENT_3D('',#3673,#3009,#3010);
#2697=AXIS2_PLACEMENT_3D('',#3679,#3014,#3015);
#2698=AXIS2_PLACEMENT_3D('',#3681,#3017,#3018);
#2699=AXIS2_PLACEMENT_3D('',#3685,#3020,#3021);
#2700=AXIS2_PLACEMENT_3D('',#3689,#3023,#3024);
#2701=AXIS2_PLACEMENT_3D('',#3693,#3026,#3027);
#2702=AXIS2_PLACEMENT_3D('',#3697,#3029,#3030);
#2703=AXIS2_PLACEMENT_3D('',#3713,#3038,#3039);
#2704=AXIS2_PLACEMENT_3D('',#3717,#3041,#3042);
#2705=AXIS2_PLACEMENT_3D('',#3731,#3050,#3051);
#2706=AXIS2_PLACEMENT_3D('',#3740,#3056,#3057);
#2707=AXIS2_PLACEMENT_3D('',#3749,#3062,#3063);
#2708=AXIS2_PLACEMENT_3D('',#3752,#3066,#3067);
#2709=AXIS2_PLACEMENT_3D('',#3754,#3069,#3070);
#2710=AXIS2_PLACEMENT_3D('',#3763,#3075,#3076);
#2711=AXIS2_PLACEMENT_3D('',#3772,#3081,#3082);
#2712=AXIS2_PLACEMENT_3D('',#3775,#3085,#3086);
#2713=AXIS2_PLACEMENT_3D('',#3777,#3088,#3089);
#2714=AXIS2_PLACEMENT_3D('',#3783,#3093,#3094);
#2715=AXIS2_PLACEMENT_3D('',#3789,#3098,#3099);
#2716=AXIS2_PLACEMENT_3D('',#3792,#3102,#3103);
#2717=AXIS2_PLACEMENT_3D('',#3793,#3104,#3105);
#2718=AXIS2_PLACEMENT_3D('',#3802,#3110,#3111);
#2719=AXIS2_PLACEMENT_3D('',#3808,#3115,#3116);
#2720=AXIS2_PLACEMENT_3D('',#3814,#3120,#3121);
#2721=AXIS2_PLACEMENT_3D('',#3817,#3124,#3125);
#2722=AXIS2_PLACEMENT_3D('',#3818,#3126,#3127);
#2723=AXIS2_PLACEMENT_3D('',#3824,#3131,#3132);
#2724=AXIS2_PLACEMENT_3D('',#3830,#3136,#3137);
#2725=AXIS2_PLACEMENT_3D('',#3832,#3139,#3140);
#2726=AXIS2_PLACEMENT_3D('',#3841,#3145,#3146);
#2727=AXIS2_PLACEMENT_3D('',#3847,#3150,#3151);
#2728=AXIS2_PLACEMENT_3D('',#3851,#3154,#3155);
#2729=AXIS2_PLACEMENT_3D('',#3853,#3157,#3158);
#2730=AXIS2_PLACEMENT_3D('',#3854,#3159,#3160);
#2731=AXIS2_PLACEMENT_3D('',#3858,#3163,#3164);
#2732=AXIS2_PLACEMENT_3D('',#3860,#3166,#3167);
#2733=AXIS2_PLACEMENT_3D('',#3868,#3172,#3173);
#2734=AXIS2_PLACEMENT_3D('',#3870,#3175,#3176);
#2735=AXIS2_PLACEMENT_3D('',#3876,#3180,#3181);
#2736=AXIS2_PLACEMENT_3D('',#3880,#3184,#3185);
#2737=AXIS2_PLACEMENT_3D('',#3886,#3189,#3190);
#2738=AXIS2_PLACEMENT_3D('',#3893,#3195,#3196);
#2739=AXIS2_PLACEMENT_3D('',#3895,#3197,#3198);
#2740=AXIS2_PLACEMENT_3D('',#3901,#3202,#3203);
#2741=AXIS2_PLACEMENT_3D('',#3905,#3205,#3206);
#2742=AXIS2_PLACEMENT_3D('',#3908,#3208,#3209);
#2743=AXIS2_PLACEMENT_3D('',#3909,#3210,#3211);
#2744=AXIS2_PLACEMENT_3D('',#3910,#3212,#3213);
#2745=AXIS2_PLACEMENT_3D('',#3915,#3217,#3218);
#2746=AXIS2_PLACEMENT_3D('',#3917,#3220,#3221);
#2747=AXIS2_PLACEMENT_3D('',#3923,#3225,#3226);
#2748=AXIS2_PLACEMENT_3D('',#3927,#3229,#3230);
#2749=AXIS2_PLACEMENT_3D('',#3933,#3234,#3235);
#2750=AXIS2_PLACEMENT_3D('',#3940,#3240,#3241);
#2751=AXIS2_PLACEMENT_3D('',#3941,#3242,#3243);
#2752=AXIS2_PLACEMENT_3D('',#3946,#3246,#3247);
#2753=AXIS2_PLACEMENT_3D('',#3947,#3248,#3249);
#2754=AXIS2_PLACEMENT_3D('',#3948,#3250,#3251);
#2755=AXIS2_PLACEMENT_3D('',#3952,#3253,#3254);
#2756=AXIS2_PLACEMENT_3D('',#3954,#3256,#3257);
#2757=AXIS2_PLACEMENT_3D('',#3956,#3258,#3259);
#2758=AXIS2_PLACEMENT_3D('',#3958,#3261,#3262);
#2759=AXIS2_PLACEMENT_3D('',#4023,#3263,#3264);
#2760=AXIS2_PLACEMENT_3D('',#4032,#3265,#3266);
#2761=AXIS2_PLACEMENT_3D('',#4035,#3267,#3268);
#2762=AXIS2_PLACEMENT_3D('',#4036,#3269,#3270);
#2763=AXIS2_PLACEMENT_3D('',#4037,#3271,#3272);
#2764=AXIS2_PLACEMENT_3D('',#4038,#3273,#3274);
#2765=AXIS2_PLACEMENT_3D('',#4041,#3275,#3276);
#2766=AXIS2_PLACEMENT_3D('',#4058,#3281,#3282);
#2767=AXIS2_PLACEMENT_3D('',#4061,#3283,#3284);
#2768=AXIS2_PLACEMENT_3D('',#4062,#3285,#3286);
#2769=AXIS2_PLACEMENT_3D('',#4063,#3287,#3288);
#2770=AXIS2_PLACEMENT_3D('',#4166,#3291,#3292);
#2771=AXIS2_PLACEMENT_3D('',#4227,#3297,#3298);
#2772=AXIS2_PLACEMENT_3D('',#4291,#3299,#3300);
#2773=AXIS2_PLACEMENT_3D('',#4300,#3301,#3302);
#2774=AXIS2_PLACEMENT_3D('',#4302,#3303,#3304);
#2775=AXIS2_PLACEMENT_3D('',#4303,#3305,#3306);
#2776=AXIS2_PLACEMENT_3D('',#4304,#3307,#3308);
#2777=AXIS2_PLACEMENT_3D('',#4306,#3309,#3310);
#2778=AXIS2_PLACEMENT_3D('',#4322,#3314,#3315);
#2779=AXIS2_PLACEMENT_3D('',#4324,#3316,#3317);
#2780=AXIS2_PLACEMENT_3D('',#4325,#3318,#3319);
#2781=AXIS2_PLACEMENT_3D('',#4482,#3322,#3323);
#2782=AXIS2_PLACEMENT_3D('',#4483,#3324,#3325);
#2783=AXIS2_PLACEMENT_3D('',#4485,#3327,#3328);
#2784=AXIS2_PLACEMENT_3D('',#4487,#3330,#3331);
#2785=AXIS2_PLACEMENT_3D('',#4488,#3332,#3333);
#2786=AXIS2_PLACEMENT_3D('',#4489,#3334,#3335);
#2787=AXIS2_PLACEMENT_3D('',#4490,#3336,#3337);
#2788=AXIS2_PLACEMENT_3D('',#4492,#3338,#3339);
#2789=AXIS2_PLACEMENT_3D('',#4494,#3341,#3342);
#2790=AXIS2_PLACEMENT_3D('',#4497,#3344,#3345);
#2791=AXIS2_PLACEMENT_3D('',#4498,#3346,#3347);
#2792=AXIS2_PLACEMENT_3D('',#4502,#3350,#3351);
#2793=AXIS2_PLACEMENT_3D('',#4506,#3354,#3355);
#2794=AXIS2_PLACEMENT_3D('',#4507,#3356,#3357);
#2795=AXIS2_PLACEMENT_3D('',#4508,#3358,#3359);
#2796=AXIS2_PLACEMENT_3D('',#4551,#3360,#3361);
#2797=AXIS2_PLACEMENT_3D('',#4590,#3362,#3363);
#2798=AXIS2_PLACEMENT_3D('',#4610,#3364,#3365);
#2799=AXIS2_PLACEMENT_3D('',#4611,#3366,#3367);
#2800=AXIS2_PLACEMENT_3D('',#4612,#3368,#3369);
#2801=AXIS2_PLACEMENT_3D('',#4613,#3370,#3371);
#2802=AXIS2_PLACEMENT_3D('',#4616,#3372,#3373);
#2803=AXIS2_PLACEMENT_3D('',#4630,#3376,#3377);
#2804=AXIS2_PLACEMENT_3D('',#4631,#3378,#3379);
#2805=AXIS2_PLACEMENT_3D('',#4632,#3380,#3381);
#2806=AXIS2_PLACEMENT_3D('',#4655,#3382,#3383);
#2807=AXIS2_PLACEMENT_3D('',#4748,#3386,#3387);
#2808=AXIS2_PLACEMENT_3D('',#4779,#3392,#3393);
#2809=AXIS2_PLACEMENT_3D('',#4822,#3394,#3395);
#2810=AXIS2_PLACEMENT_3D('',#4861,#3396,#3397);
#2811=AXIS2_PLACEMENT_3D('',#4881,#3398,#3399);
#2812=AXIS2_PLACEMENT_3D('',#4882,#3400,#3401);
#2813=AXIS2_PLACEMENT_3D('',#4883,#3402,#3403);
#2814=AXIS2_PLACEMENT_3D('',#4884,#3404,#3405);
#2815=AXIS2_PLACEMENT_3D('',#4887,#3406,#3407);
#2816=AXIS2_PLACEMENT_3D('',#4901,#3410,#3411);
#2817=AXIS2_PLACEMENT_3D('',#4902,#3412,#3413);
#2818=AXIS2_PLACEMENT_3D('',#4903,#3414,#3415);
#2819=AXIS2_PLACEMENT_3D('',#4926,#3416,#3417);
#2820=AXIS2_PLACEMENT_3D('',#5019,#3420,#3421);
#2821=AXIS2_PLACEMENT_3D('',#5024,#3424,#3425);
#2822=AXIS2_PLACEMENT_3D('',#5028,#3427,#3428);
#2823=AXIS2_PLACEMENT_3D('',#5032,#3430,#3431);
#2824=AXIS2_PLACEMENT_3D('',#5061,#3435,#3436);
#2825=AXIS2_PLACEMENT_3D('',#5062,#3437,#3438);
#2826=AXIS2_PLACEMENT_3D('',#5064,#3440,#3441);
#2827=AXIS2_PLACEMENT_3D('',#5066,#3443,#3444);
#2828=AXIS2_PLACEMENT_3D('',#5067,#3445,#3446);
#2829=AXIS2_PLACEMENT_3D('',#5068,#3447,#3448);
#2830=AXIS2_PLACEMENT_3D('',#5069,#3449,#3450);
#2831=AXIS2_PLACEMENT_3D('',#5070,#3451,#3452);
#2832=AXIS2_PLACEMENT_3D('',#5071,#3453,#3454);
#2833=AXIS2_PLACEMENT_3D('',#5073,#3456,#3457);
#2834=AXIS2_PLACEMENT_3D('',#5075,#3459,#3460);
#2835=AXIS2_PLACEMENT_3D('',#5077,#3462,#3463);
#2836=AXIS2_PLACEMENT_3D('',#5079,#3465,#3466);
#2837=AXIS2_PLACEMENT_3D('',#5081,#3468,#3469);
#2838=AXIS2_PLACEMENT_3D('',#5082,#3470,#3471);
#2839=AXIS2_PLACEMENT_3D('',#5083,#3472,#3473);
#2840=DIRECTION('axis',(0.,0.,1.));
#2841=DIRECTION('refdir',(1.,0.,0.));
#2842=DIRECTION('axis',(0.,0.,1.));
#2843=DIRECTION('refdir',(1.,0.,0.));
#2844=DIRECTION('center_axis',(0.,-1.,0.));
#2845=DIRECTION('ref_axis',(0.,0.,-1.));
#2846=DIRECTION('',(0.,0.,1.));
#2847=DIRECTION('',(1.,0.,0.));
#2848=DIRECTION('',(0.,0.,-1.));
#2849=DIRECTION('',(1.,0.,0.));
#2850=DIRECTION('center_axis',(0.,0.,1.));
#2851=DIRECTION('ref_axis',(0.,-1.,0.));
#2852=DIRECTION('',(0.,1.,0.));
#2853=DIRECTION('',(0.,-1.,0.));
#2854=DIRECTION('',(1.,0.,0.));
#2855=DIRECTION('center_axis',(0.,1.,0.));
#2856=DIRECTION('ref_axis',(7.9708434077025E-31,0.,1.));
#2857=DIRECTION('',(6.21103790000087E-16,0.,1.));
#2858=DIRECTION('',(7.9708434077025E-31,0.,1.));
#2859=DIRECTION('',(1.,0.,0.));
#2860=DIRECTION('center_axis',(0.,0.,-1.));
#2861=DIRECTION('ref_axis',(-2.42673184183843E-32,1.,0.));
#2862=DIRECTION('',(0.,-1.,0.));
#2863=DIRECTION('',(-2.42673184183843E-32,1.,0.));
#2864=DIRECTION('center_axis',(1.,0.,0.));
#2865=DIRECTION('ref_axis',(0.,0.,-1.));
#2866=DIRECTION('center_axis',(-1.,0.,6.21103790000087E-16));
#2867=DIRECTION('ref_axis',(6.21103790000087E-16,0.,1.));
#2868=DIRECTION('',(6.21103790000087E-16,0.,1.));
#2869=DIRECTION('',(0.,-1.,0.));
#2870=DIRECTION('',(0.,0.,1.));
#2871=DIRECTION('center_axis',(-1.,0.,6.21103790000087E-16));
#2872=DIRECTION('ref_axis',(6.21103790000087E-16,0.,1.));
#2873=DIRECTION('',(0.,0.,1.));
#2874=DIRECTION('',(0.,1.,0.));
#2875=DIRECTION('',(6.21103790000087E-16,0.,1.));
#2876=DIRECTION('',(0.,1.,0.));
#2877=DIRECTION('',(6.21103790000087E-16,0.,1.));
#2878=DIRECTION('center_axis',(0.,0.,1.));
#2879=DIRECTION('ref_axis',(1.46277519515067E-32,-1.,0.));
#2880=DIRECTION('',(0.,1.,0.));
#2881=DIRECTION('',(1.,0.,0.));
#2882=DIRECTION('',(1.46277519515067E-32,-1.,0.));
#2883=DIRECTION('',(1.,0.,0.));
#2884=DIRECTION('center_axis',(0.,1.,0.));
#2885=DIRECTION('ref_axis',(-4.8046314059919E-31,0.,1.));
#2886=DIRECTION('',(6.21103790000087E-16,0.,1.));
#2887=DIRECTION('',(-4.8046314059919E-31,0.,1.));
#2888=DIRECTION('',(1.,0.,0.));
#2889=DIRECTION('center_axis',(0.,0.,-1.));
#2890=DIRECTION('ref_axis',(0.,1.,0.));
#2891=DIRECTION('',(0.,1.,0.));
#2892=DIRECTION('',(1.,0.,0.));
#2893=DIRECTION('center_axis',(0.,-1.,0.));
#2894=DIRECTION('ref_axis',(0.,0.,-1.));
#2895=DIRECTION('',(0.,0.,1.));
#2896=DIRECTION('',(0.,0.,-1.));
#2897=DIRECTION('center_axis',(1.,0.,0.));
#2898=DIRECTION('ref_axis',(0.,0.,-1.));
#2899=DIRECTION('center_axis',(-1.,0.,6.21103790000087E-16));
#2900=DIRECTION('ref_axis',(6.21103790000087E-16,0.,1.));
#2901=DIRECTION('',(6.21103790000087E-16,0.,1.));
#2902=DIRECTION('',(0.,-1.,0.));
#2903=DIRECTION('',(6.21103790000087E-16,0.,1.));
#2904=DIRECTION('',(0.,1.,0.));
#2905=DIRECTION('',(0.,0.,1.));
#2906=DIRECTION('center_axis',(0.,-1.,0.));
#2907=DIRECTION('ref_axis',(0.,0.,1.));
#2908=DIRECTION('',(0.,0.,1.));
#2909=DIRECTION('',(-1.,0.,0.));
#2910=DIRECTION('',(0.,0.,1.));
#2911=DIRECTION('',(-1.,0.,0.));
#2912=DIRECTION('center_axis',(0.,0.,-1.));
#2913=DIRECTION('ref_axis',(0.,-1.,0.));
#2914=DIRECTION('',(0.,1.,0.));
#2915=DIRECTION('',(0.,-1.,0.));
#2916=DIRECTION('',(-1.,0.,0.));
#2917=DIRECTION('center_axis',(0.,1.,0.));
#2918=DIRECTION('ref_axis',(0.,0.,-1.));
#2919=DIRECTION('',(-3.10551895000044E-16,0.,-1.));
#2920=DIRECTION('',(0.,0.,-1.));
#2921=DIRECTION('',(-1.,0.,0.));
#2922=DIRECTION('center_axis',(0.,0.,1.));
#2923=DIRECTION('ref_axis',(0.,1.,0.));
#2924=DIRECTION('',(0.,-1.,0.));
#2925=DIRECTION('',(0.,1.,0.));
#2926=DIRECTION('center_axis',(-1.,0.,0.));
#2927=DIRECTION('ref_axis',(0.,0.,1.));
#2928=DIRECTION('center_axis',(1.,0.,-3.10551895000044E-16));
#2929=DIRECTION('ref_axis',(-3.10551895000044E-16,0.,-1.));
#2930=DIRECTION('',(0.,0.,1.));
#2931=DIRECTION('',(0.,1.,0.));
#2932=DIRECTION('',(-3.10551895000044E-16,0.,-1.));
#2933=DIRECTION('',(0.,1.,0.));
#2934=DIRECTION('',(-3.10551895000044E-16,0.,-1.));
#2935=DIRECTION('center_axis',(0.,0.,-1.));
#2936=DIRECTION('ref_axis',(0.,-1.,0.));
#2937=DIRECTION('',(0.,1.,0.));
#2938=DIRECTION('',(-1.,0.,0.));
#2939=DIRECTION('',(0.,-1.,0.));
#2940=DIRECTION('',(-1.,0.,0.));
#2941=DIRECTION('center_axis',(0.,1.,0.));
#2942=DIRECTION('ref_axis',(0.,0.,-1.));
#2943=DIRECTION('',(-3.10551895000044E-16,0.,-1.));
#2944=DIRECTION('',(0.,0.,-1.));
#2945=DIRECTION('',(-1.,0.,0.));
#2946=DIRECTION('center_axis',(0.,0.,1.));
#2947=DIRECTION('ref_axis',(0.,1.,0.));
#2948=DIRECTION('',(0.,-1.,0.));
#2949=DIRECTION('',(0.,1.,0.));
#2950=DIRECTION('',(-1.,0.,0.));
#2951=DIRECTION('center_axis',(0.,-1.,0.));
#2952=DIRECTION('ref_axis',(0.,0.,1.));
#2953=DIRECTION('',(0.,0.,1.));
#2954=DIRECTION('',(0.,0.,1.));
#2955=DIRECTION('center_axis',(-1.,0.,0.));
#2956=DIRECTION('ref_axis',(0.,0.,1.));
#2957=DIRECTION('center_axis',(1.,0.,-3.10551895000044E-16));
#2958=DIRECTION('ref_axis',(-3.10551895000044E-16,0.,-1.));
#2959=DIRECTION('',(-3.10551895000044E-16,0.,-1.));
#2960=DIRECTION('',(0.,-1.,0.));
#2961=DIRECTION('',(-3.10551895000044E-16,0.,-1.));
#2962=DIRECTION('',(0.,1.,0.));
#2963=DIRECTION('',(0.,0.,1.));
#2964=DIRECTION('center_axis',(1.,0.,-3.10551895000044E-16));
#2965=DIRECTION('ref_axis',(-3.10551895000044E-16,0.,-1.));
#2966=DIRECTION('',(-3.10551895000044E-16,0.,-1.));
#2967=DIRECTION('',(0.,0.,1.));
#2968=DIRECTION('center_axis',(-0.707106781186548,-0.707106781186548,0.));
#2969=DIRECTION('ref_axis',(0.,0.,1.));
#2970=DIRECTION('',(-0.707106781186548,0.707106781186548,0.));
#2971=DIRECTION('',(0.,0.,-1.));
#2972=DIRECTION('',(0.707106781186548,-0.707106781186548,0.));
#2973=DIRECTION('center_axis',(0.,0.,1.));
#2974=DIRECTION('ref_axis',(0.,-1.,0.));
#2975=DIRECTION('',(0.,-1.,0.));
#2976=DIRECTION('',(-1.,0.,0.));
#2977=DIRECTION('',(0.,1.,0.));
#2978=DIRECTION('',(1.,0.,0.));
#2979=DIRECTION('center_axis',(-1.,0.,0.));
#2980=DIRECTION('ref_axis',(0.,0.,1.));
#2981=DIRECTION('',(0.,1.,0.));
#2982=DIRECTION('',(0.,0.,-1.));
#2983=DIRECTION('center_axis',(0.707106781186549,-0.707106781186546,0.));
#2984=DIRECTION('ref_axis',(0.,0.,-1.));
#2985=DIRECTION('',(0.707106781186546,0.707106781186549,0.));
#2986=DIRECTION('',(0.,0.,1.));
#2987=DIRECTION('',(-0.707106781186546,-0.707106781186549,0.));
#2988=DIRECTION('center_axis',(0.,0.,-1.));
#2989=DIRECTION('ref_axis',(0.,-1.,0.));
#2990=DIRECTION('',(0.,-1.,0.));
#2991=DIRECTION('',(1.,0.,0.));
#2992=DIRECTION('',(0.,1.,0.));
#2993=DIRECTION('',(-1.,0.,0.));
#2994=DIRECTION('center_axis',(1.,0.,0.));
#2995=DIRECTION('ref_axis',(0.,0.,-1.));
#2996=DIRECTION('',(0.,1.,0.));
#2997=DIRECTION('',(0.,0.,1.));
#2998=DIRECTION('center_axis',(-1.,0.,0.));
#2999=DIRECTION('ref_axis',(0.,0.,-1.));
#3000=DIRECTION('',(0.,0.,1.));
#3001=DIRECTION('',(0.,1.,0.));
#3002=DIRECTION('',(0.,0.,-1.));
#3003=DIRECTION('',(0.,-1.,0.));
#3004=DIRECTION('center_axis',(0.,0.,1.));
#3005=DIRECTION('ref_axis',(-1.,0.,0.));
#3006=DIRECTION('',(1.,0.,0.));
#3007=DIRECTION('',(-1.,0.,0.));
#3008=DIRECTION('',(0.,-1.,0.));
#3009=DIRECTION('center_axis',(1.,0.,0.));
#3010=DIRECTION('ref_axis',(0.,0.,1.));
#3011=DIRECTION('',(0.,0.,-1.));
#3012=DIRECTION('',(0.,0.,1.));
#3013=DIRECTION('',(0.,-1.,0.));
#3014=DIRECTION('center_axis',(0.,-1.,0.));
#3015=DIRECTION('ref_axis',(0.,0.,-1.));
#3016=DIRECTION('',(-1.,0.,-1.42888253844551E-16));
#3017=DIRECTION('center_axis',(1.42888253844551E-16,0.,-1.));
#3018=DIRECTION('ref_axis',(-1.,0.,-1.42888253844551E-16));
#3019=DIRECTION('',(1.,0.,1.42888253844551E-16));
#3020=DIRECTION('center_axis',(0.,0.,-1.));
#3021=DIRECTION('ref_axis',(-1.,0.,0.));
#3022=DIRECTION('',(0.,1.,0.));
#3023=DIRECTION('center_axis',(0.,0.,1.));
#3024=DIRECTION('ref_axis',(1.,5.55111512312578E-17,0.));
#3025=DIRECTION('',(1.,0.,0.));
#3026=DIRECTION('center_axis',(0.,0.,1.));
#3027=DIRECTION('ref_axis',(0.,-1.,0.));
#3028=DIRECTION('',(0.,-1.,0.));
#3029=DIRECTION('center_axis',(0.,0.,-1.));
#3030=DIRECTION('ref_axis',(0.,1.,0.));
#3031=DIRECTION('',(1.,0.,1.42888253844551E-16));
#3032=DIRECTION('',(0.,-1.,0.));
#3033=DIRECTION('',(-1.,0.,-1.42888253844551E-16));
#3034=DIRECTION('',(0.,1.,0.));
#3035=DIRECTION('',(1.,0.,1.42888253844551E-16));
#3036=DIRECTION('',(0.,1.,0.));
#3037=DIRECTION('',(-4.44089209850063E-15,-1.,1.49417515397469E-14));
#3038=DIRECTION('center_axis',(-1.42888253844551E-16,0.,1.));
#3039=DIRECTION('ref_axis',(-0.126004292482747,-0.992029696267164,-1.80045333297778E-17));
#3040=DIRECTION('',(1.,0.,1.42888253844551E-16));
#3041=DIRECTION('center_axis',(-1.42888253844551E-16,0.,1.));
#3042=DIRECTION('ref_axis',(0.126004292482708,-0.992029696267169,1.80045333297722E-17));
#3043=DIRECTION('',(-4.39463280580791E-15,-1.,1.49417515397469E-14));
#3044=DIRECTION('',(0.,1.,0.));
#3045=DIRECTION('',(1.,0.,1.42888253844551E-16));
#3046=DIRECTION('',(2.16363355039202E-16,-1.,3.09157819975003E-32));
#3047=DIRECTION('',(-1.,0.,-1.42888253844551E-16));
#3048=DIRECTION('',(0.,1.,0.));
#3049=DIRECTION('',(1.,0.,1.42888253844551E-16));
#3050=DIRECTION('center_axis',(-1.,0.,0.));
#3051=DIRECTION('ref_axis',(0.,0.,-1.));
#3052=DIRECTION('',(0.,0.,-1.));
#3053=DIRECTION('',(0.,-1.,0.));
#3054=DIRECTION('',(0.,0.,-1.));
#3055=DIRECTION('',(0.,-1.,0.));
#3056=DIRECTION('center_axis',(1.,0.,0.));
#3057=DIRECTION('ref_axis',(0.,0.,1.));
#3058=DIRECTION('',(0.,0.,1.));
#3059=DIRECTION('',(0.,1.,0.));
#3060=DIRECTION('',(0.,0.,1.));
#3061=DIRECTION('',(0.,-1.,0.));
#3062=DIRECTION('center_axis',(0.,0.,-1.));
#3063=DIRECTION('ref_axis',(1.,0.,0.));
#3064=DIRECTION('',(1.,0.,0.));
#3065=DIRECTION('',(1.,0.,0.));
#3066=DIRECTION('center_axis',(0.,-1.,0.));
#3067=DIRECTION('ref_axis',(0.,0.,-1.));
#3068=DIRECTION('',(1.,0.,-2.59796825171912E-17));
#3069=DIRECTION('center_axis',(-1.,0.,0.));
#3070=DIRECTION('ref_axis',(0.,0.,-1.));
#3071=DIRECTION('',(0.,0.,-1.));
#3072=DIRECTION('',(0.,-1.,0.));
#3073=DIRECTION('',(0.,0.,-1.));
#3074=DIRECTION('',(0.,-1.,0.));
#3075=DIRECTION('center_axis',(1.,0.,0.));
#3076=DIRECTION('ref_axis',(0.,0.,1.));
#3077=DIRECTION('',(0.,0.,1.));
#3078=DIRECTION('',(0.,1.,0.));
#3079=DIRECTION('',(0.,0.,1.));
#3080=DIRECTION('',(0.,-1.,0.));
#3081=DIRECTION('center_axis',(0.,0.,-1.));
#3082=DIRECTION('ref_axis',(1.,0.,0.));
#3083=DIRECTION('',(1.,0.,0.));
#3084=DIRECTION('',(1.,0.,0.));
#3085=DIRECTION('center_axis',(0.,-1.,0.));
#3086=DIRECTION('ref_axis',(0.,0.,-1.));
#3087=DIRECTION('',(1.,0.,-2.59796825171912E-17));
#3088=DIRECTION('center_axis',(1.,0.,0.));
#3089=DIRECTION('ref_axis',(0.,0.,1.));
#3090=DIRECTION('',(0.,0.,1.));
#3091=DIRECTION('',(0.,-1.,0.));
#3092=DIRECTION('',(0.,0.,1.));
#3093=DIRECTION('center_axis',(-1.,0.,0.));
#3094=DIRECTION('ref_axis',(0.,0.,-1.));
#3095=DIRECTION('',(0.,0.,-1.));
#3096=DIRECTION('',(0.,0.,-1.));
#3097=DIRECTION('',(0.,-1.,0.));
#3098=DIRECTION('center_axis',(0.,0.,1.));
#3099=DIRECTION('ref_axis',(-1.,0.,0.));
#3100=DIRECTION('',(-1.,0.,0.));
#3101=DIRECTION('',(-1.,0.,0.));
#3102=DIRECTION('center_axis',(0.,-1.,0.));
#3103=DIRECTION('ref_axis',(0.,0.,-1.));
#3104=DIRECTION('center_axis',(1.,0.,-9.2518581938844E-16));
#3105=DIRECTION('ref_axis',(9.2518581938844E-16,0.,1.));
#3106=DIRECTION('',(9.2518581938844E-16,0.,1.));
#3107=DIRECTION('',(0.,-1.,0.));
#3108=DIRECTION('',(9.2518581938844E-16,0.,1.));
#3109=DIRECTION('',(0.,-1.,0.));
#3110=DIRECTION('center_axis',(0.,0.,-1.));
#3111=DIRECTION('ref_axis',(1.,0.,0.));
#3112=DIRECTION('',(1.,0.,0.));
#3113=DIRECTION('',(0.,-1.,0.));
#3114=DIRECTION('',(1.,0.,0.));
#3115=DIRECTION('center_axis',(-1.,0.,0.));
#3116=DIRECTION('ref_axis',(0.,0.,-1.));
#3117=DIRECTION('',(0.,0.,-1.));
#3118=DIRECTION('',(0.,-1.,0.));
#3119=DIRECTION('',(0.,0.,-1.));
#3120=DIRECTION('center_axis',(0.,0.,1.));
#3121=DIRECTION('ref_axis',(-1.,0.,0.));
#3122=DIRECTION('',(-1.,0.,0.));
#3123=DIRECTION('',(-1.,0.,0.));
#3124=DIRECTION('center_axis',(0.,-1.,0.));
#3125=DIRECTION('ref_axis',(0.,0.,-1.));
#3126=DIRECTION('center_axis',(0.,-0.707106781186547,0.707106781186548));
#3127=DIRECTION('ref_axis',(1.,0.,0.));
#3128=DIRECTION('',(-1.52991995548492E-16,0.707106781186548,0.707106781186547));
#3129=DIRECTION('',(-1.,0.,0.));
#3130=DIRECTION('',(0.,-0.707106781186548,-0.707106781186547));
#3131=DIRECTION('center_axis',(0.,0.,1.));
#3132=DIRECTION('ref_axis',(1.,0.,0.));
#3133=DIRECTION('',(-2.16363355039202E-16,1.,-2.16363355039202E-16));
#3134=DIRECTION('',(-1.,0.,0.));
#3135=DIRECTION('',(0.,-1.,2.16363355039202E-16));
#3136=DIRECTION('center_axis',(1.,2.16363355039202E-16,0.));
#3137=DIRECTION('ref_axis',(-2.16363355039202E-16,1.,-2.16363355039202E-16));
#3138=DIRECTION('',(0.,0.,-1.));
#3139=DIRECTION('center_axis',(0.,-0.707106781186548,-0.707106781186548));
#3140=DIRECTION('ref_axis',(-1.,0.,0.));
#3141=DIRECTION('',(0.,0.707106781186548,-0.707106781186548));
#3142=DIRECTION('',(1.,0.,0.));
#3143=DIRECTION('',(0.,-0.707106781186548,0.707106781186548));
#3144=DIRECTION('',(1.,0.,-2.59796825171912E-17));
#3145=DIRECTION('center_axis',(0.,0.,-1.));
#3146=DIRECTION('ref_axis',(-1.,0.,0.));
#3147=DIRECTION('',(0.,1.,1.460331274665E-49));
#3148=DIRECTION('',(1.,0.,0.));
#3149=DIRECTION('',(0.,-1.,0.));
#3150=DIRECTION('center_axis',(-1.,0.,0.));
#3151=DIRECTION('ref_axis',(0.,1.,1.460331274665E-49));
#3152=DIRECTION('',(0.,-1.,0.));
#3153=DIRECTION('',(0.,0.,-1.));
#3154=DIRECTION('center_axis',(-1.,0.,0.));
#3155=DIRECTION('ref_axis',(0.,-1.,2.16363355039202E-16));
#3156=DIRECTION('',(0.,0.,1.));
#3157=DIRECTION('center_axis',(0.,1.,0.));
#3158=DIRECTION('ref_axis',(-1.,0.,0.));
#3159=DIRECTION('center_axis',(1.,0.,0.));
#3160=DIRECTION('ref_axis',(0.,-1.,0.));
#3161=DIRECTION('',(0.,0.,-1.));
#3162=DIRECTION('',(0.,1.,0.));
#3163=DIRECTION('center_axis',(0.,1.,0.));
#3164=DIRECTION('ref_axis',(1.,0.,0.));
#3165=DIRECTION('',(-1.,0.,2.59796825171912E-17));
#3166=DIRECTION('center_axis',(0.,0.,-1.));
#3167=DIRECTION('ref_axis',(0.,1.,0.));
#3168=DIRECTION('',(0.,1.,0.));
#3169=DIRECTION('',(1.,0.,0.));
#3170=DIRECTION('',(0.,1.,0.));
#3171=DIRECTION('',(1.,0.,0.));
#3172=DIRECTION('center_axis',(0.,-1.,0.));
#3173=DIRECTION('ref_axis',(0.,0.,-1.));
#3174=DIRECTION('',(3.10551895000044E-16,0.,1.));
#3175=DIRECTION('center_axis',(0.,-1.,0.));
#3176=DIRECTION('ref_axis',(0.,0.,-1.));
#3177=DIRECTION('',(1.,0.,0.));
#3178=DIRECTION('',(3.10551895000044E-16,0.,1.));
#3179=DIRECTION('',(1.,0.,0.));
#3180=DIRECTION('center_axis',(0.,0.,-1.));
#3181=DIRECTION('ref_axis',(0.,1.,0.));
#3182=DIRECTION('',(0.,-1.,0.));
#3183=DIRECTION('',(1.,0.,0.));
#3184=DIRECTION('center_axis',(0.,0.,1.));
#3185=DIRECTION('ref_axis',(0.,-1.,0.));
#3186=DIRECTION('',(0.,1.,0.));
#3187=DIRECTION('',(-1.,0.,0.));
#3188=DIRECTION('',(0.,1.,0.));
#3189=DIRECTION('center_axis',(1.,0.,-3.10551895000044E-16));
#3190=DIRECTION('ref_axis',(-3.10551895000044E-16,0.,-1.));
#3191=DIRECTION('',(-3.10551895000044E-16,0.,-1.));
#3192=DIRECTION('',(0.,1.,0.));
#3193=DIRECTION('',(0.,0.,1.));
#3194=DIRECTION('',(0.,1.,0.));
#3195=DIRECTION('center_axis',(0.,-1.,0.));
#3196=DIRECTION('ref_axis',(-1.,0.,0.));
#3197=DIRECTION('center_axis',(0.,-1.,0.));
#3198=DIRECTION('ref_axis',(1.,0.,0.));
#3199=DIRECTION('',(-1.,0.,2.59796825171912E-17));
#3200=DIRECTION('',(-1.,0.,2.59796825171912E-17));
#3201=DIRECTION('',(-1.,0.,2.59796825171912E-17));
#3202=DIRECTION('center_axis',(0.,-1.,0.));
#3203=DIRECTION('ref_axis',(-2.96059473233374E-15,0.,1.));
#3204=DIRECTION('',(-1.,0.,0.));
#3205=DIRECTION('center_axis',(0.,1.,0.));
#3206=DIRECTION('ref_axis',(-2.96059473233374E-15,0.,1.));
#3207=DIRECTION('',(1.,0.,-2.59796825171912E-17));
#3208=DIRECTION('center_axis',(0.,1.,0.));
#3209=DIRECTION('ref_axis',(1.,0.,0.));
#3210=DIRECTION('center_axis',(0.,-1.,0.));
#3211=DIRECTION('ref_axis',(-1.,0.,0.));
#3212=DIRECTION('center_axis',(0.,0.,1.));
#3213=DIRECTION('ref_axis',(0.,1.,0.));
#3214=DIRECTION('',(0.,1.,0.));
#3215=DIRECTION('',(-1.,0.,0.));
#3216=DIRECTION('',(0.,1.,0.));
#3217=DIRECTION('center_axis',(0.,-1.,0.));
#3218=DIRECTION('ref_axis',(0.,0.,1.));
#3219=DIRECTION('',(-6.21103790000087E-16,0.,-1.));
#3220=DIRECTION('center_axis',(0.,-1.,0.));
#3221=DIRECTION('ref_axis',(0.,0.,1.));
#3222=DIRECTION('',(-1.,0.,0.));
#3223=DIRECTION('',(-6.21103790000087E-16,0.,-1.));
#3224=DIRECTION('',(-1.,0.,0.));
#3225=DIRECTION('center_axis',(0.,0.,1.));
#3226=DIRECTION('ref_axis',(0.,1.,0.));
#3227=DIRECTION('',(0.,-1.,0.));
#3228=DIRECTION('',(-1.,0.,0.));
#3229=DIRECTION('center_axis',(0.,0.,-1.));
#3230=DIRECTION('ref_axis',(0.,-1.,0.));
#3231=DIRECTION('',(0.,1.,0.));
#3232=DIRECTION('',(1.,0.,0.));
#3233=DIRECTION('',(0.,1.,0.));
#3234=DIRECTION('center_axis',(-1.,0.,6.21103790000087E-16));
#3235=DIRECTION('ref_axis',(6.21103790000087E-16,0.,1.));
#3236=DIRECTION('',(6.21103790000087E-16,0.,1.));
#3237=DIRECTION('',(0.,1.,0.));
#3238=DIRECTION('',(0.,0.,1.));
#3239=DIRECTION('',(0.,1.,0.));
#3240=DIRECTION('center_axis',(0.,-1.,0.));
#3241=DIRECTION('ref_axis',(-1.,0.,0.));
#3242=DIRECTION('center_axis',(0.,-1.,0.));
#3243=DIRECTION('ref_axis',(-1.,0.,0.));
#3244=DIRECTION('',(0.,0.,-1.));
#3245=DIRECTION('',(-1.,0.,-1.42888253844551E-16));
#3246=DIRECTION('center_axis',(0.,1.,0.));
#3247=DIRECTION('ref_axis',(-1.,0.,0.));
#3248=DIRECTION('center_axis',(0.,-1.,0.));
#3249=DIRECTION('ref_axis',(-1.,0.,0.));
#3250=DIRECTION('center_axis',(0.,0.,1.));
#3251=DIRECTION('ref_axis',(-1.,0.,0.));
#3252=DIRECTION('',(0.,0.,-1.));
#3253=DIRECTION('center_axis',(1.42888253844551E-16,0.,-1.));
#3254=DIRECTION('ref_axis',(-1.,0.,0.));
#3255=DIRECTION('',(0.,0.,-1.));
#3256=DIRECTION('center_axis',(0.,-1.,0.));
#3257=DIRECTION('ref_axis',(-1.,0.,0.));
#3258=DIRECTION('center_axis',(0.,1.,0.));
#3259=DIRECTION('ref_axis',(2.22044604925031E-15,0.,-1.));
#3260=DIRECTION('',(-1.,0.,-1.42888253844551E-16));
#3261=DIRECTION('center_axis',(0.,-1.,0.));
#3262=DIRECTION('ref_axis',(2.22044604925031E-15,0.,-1.));
#3263=DIRECTION('center_axis',(0.866025403784393,0.500000000000079,-7.41137738526068E-14));
#3264=DIRECTION('ref_axis',(7.66053886991358E-14,1.55431223447522E-14,1.));
#3265=DIRECTION('center_axis',(2.59796825171912E-17,0.,1.));
#3266=DIRECTION('ref_axis',(1.,0.,0.));
#3267=DIRECTION('center_axis',(1.,0.,0.));
#3268=DIRECTION('ref_axis',(0.,0.,1.));
#3269=DIRECTION('center_axis',(-2.59796825171912E-17,0.,-1.));
#3270=DIRECTION('ref_axis',(0.126004292482707,-0.992029696267169,-3.27355151450402E-18));
#3271=DIRECTION('center_axis',(2.59796825171912E-17,0.,1.));
#3272=DIRECTION('ref_axis',(0.126004292482707,-0.99202969626717,0.));
#3273=DIRECTION('center_axis',(-1.,0.,2.59796825171912E-17));
#3274=DIRECTION('ref_axis',(0.,-0.707106781186547,0.707106781186547));
#3275=DIRECTION('center_axis',(1.,0.,0.));
#3276=DIRECTION('ref_axis',(0.,0.,1.));
#3277=DIRECTION('',(-1.,0.,2.59796825171912E-17));
#3278=DIRECTION('',(1.,0.,-2.59796825171912E-17));
#3279=DIRECTION('',(1.,0.,-2.59796825171912E-17));
#3280=DIRECTION('',(-1.,0.,2.59796825171912E-17));
#3281=DIRECTION('center_axis',(2.59796825171912E-17,0.,1.));
#3282=DIRECTION('ref_axis',(1.,0.,0.));
#3283=DIRECTION('center_axis',(0.866025403784396,-0.500000000000074,1.11022302462502E-15));
#3284=DIRECTION('ref_axis',(0.,2.22044604924972E-15,1.));
#3285=DIRECTION('center_axis',(-2.59796825171912E-17,0.,-1.));
#3286=DIRECTION('ref_axis',(-0.126004292482749,-0.992029696267164,3.27355151450511E-18));
#3287=DIRECTION('center_axis',(2.59796825171912E-17,0.,1.));
#3288=DIRECTION('ref_axis',(-0.126004292482749,-0.992029696267164,0.));
#3289=DIRECTION('',(0.,-1.,0.));
#3290=DIRECTION('',(-4.44089209850063E-15,-1.,1.49417515397469E-14));
#3291=DIRECTION('center_axis',(2.59796825171912E-17,0.,1.));
#3292=DIRECTION('ref_axis',(1.,0.,-2.59796825171912E-17));
#3293=DIRECTION('',(0.,1.,0.));
#3294=DIRECTION('',(-4.39463280580791E-15,-1.,1.49417515397469E-14));
#3295=DIRECTION('',(0.,1.,0.));
#3296=DIRECTION('',(0.,-1.,0.));
#3297=DIRECTION('center_axis',(0.,1.,0.));
#3298=DIRECTION('ref_axis',(1.,0.,0.));
#3299=DIRECTION('center_axis',(-0.866025403784306,0.50000000000023,5.87193931892771E-14));
#3300=DIRECTION('ref_axis',(-7.54951656745106E-14,-1.33226762955019E-14,
-1.));
#3301=DIRECTION('center_axis',(1.42888253844551E-16,0.,-1.));
#3302=DIRECTION('ref_axis',(-1.,0.,0.));
#3303=DIRECTION('center_axis',(-1.,0.,0.));
#3304=DIRECTION('ref_axis',(0.,0.,-1.));
#3305=DIRECTION('center_axis',(1.42888253844551E-16,0.,-1.));
#3306=DIRECTION('ref_axis',(-0.126004292482747,-0.992029696267164,0.));
#3307=DIRECTION('center_axis',(1.,0.,1.42888253844551E-16));
#3308=DIRECTION('ref_axis',(0.,-0.707106781186548,-0.707106781186547));
#3309=DIRECTION('center_axis',(-1.,0.,0.));
#3310=DIRECTION('ref_axis',(0.,0.,-1.));
#3311=DIRECTION('',(-1.,0.,-1.42888253844551E-16));
#3312=DIRECTION('',(-1.,0.,-1.42888253844551E-16));
#3313=DIRECTION('',(1.,0.,1.42888253844551E-16));
#3314=DIRECTION('center_axis',(1.42888253844551E-16,0.,-1.));
#3315=DIRECTION('ref_axis',(-1.,0.,0.));
#3316=DIRECTION('center_axis',(-0.866025403784483,-0.499999999999923,1.11022302462528E-15));
#3317=DIRECTION('ref_axis',(0.,-2.22044604925091E-15,-1.));
#3318=DIRECTION('center_axis',(1.42888253844551E-16,0.,-1.));
#3319=DIRECTION('ref_axis',(0.126004292482708,-0.992029696267169,0.));
#3320=DIRECTION('',(0.,-1.,0.));
#3321=DIRECTION('',(0.,-1.,0.));
#3322=DIRECTION('center_axis',(0.,1.,0.));
#3323=DIRECTION('ref_axis',(-1.,0.,0.));
#3324=DIRECTION('center_axis',(0.,0.,1.));
#3325=DIRECTION('ref_axis',(0.,-1.,0.));
#3326=DIRECTION('',(-2.77555756156289E-16,0.,-1.));
#3327=DIRECTION('center_axis',(0.,0.,1.));
#3328=DIRECTION('ref_axis',(1.,0.,0.));
#3329=DIRECTION('',(-1.38777878078145E-16,0.,-1.));
#3330=DIRECTION('center_axis',(0.,-1.,0.));
#3331=DIRECTION('ref_axis',(-1.,0.,0.));
#3332=DIRECTION('center_axis',(0.,1.,0.));
#3333=DIRECTION('ref_axis',(-2.96059473233374E-15,0.,1.));
#3334=DIRECTION('center_axis',(0.,1.,0.));
#3335=DIRECTION('ref_axis',(2.22044604925031E-15,0.,-1.));
#3336=DIRECTION('center_axis',(0.,0.,1.));
#3337=DIRECTION('ref_axis',(1.,0.,0.));
#3338=DIRECTION('center_axis',(-1.42888253844551E-16,0.,1.));
#3339=DIRECTION('ref_axis',(1.,0.,0.));
#3340=DIRECTION('',(0.,0.,-1.));
#3341=DIRECTION('center_axis',(0.,0.,1.));
#3342=DIRECTION('ref_axis',(1.,0.,0.));
#3343=DIRECTION('',(0.,0.,-1.));
#3344=DIRECTION('center_axis',(-2.59796825171912E-17,0.,-1.));
#3345=DIRECTION('ref_axis',(1.,0.,0.));
#3346=DIRECTION('center_axis',(0.,-1.,0.));
#3347=DIRECTION('ref_axis',(-1.,0.,0.));
#3348=DIRECTION('',(-1.,0.,-1.42888253844551E-16));
#3349=DIRECTION('',(0.,0.,-1.));
#3350=DIRECTION('center_axis',(0.,-1.,0.));
#3351=DIRECTION('ref_axis',(-1.,0.,0.));
#3352=DIRECTION('',(0.,0.,-1.));
#3353=DIRECTION('',(1.,0.,-2.59796825171912E-17));
#3354=DIRECTION('center_axis',(0.,0.,1.));
#3355=DIRECTION('ref_axis',(0.,-1.,0.));
#3356=DIRECTION('center_axis',(-1.42888253844551E-16,0.,1.));
#3357=DIRECTION('ref_axis',(0.,-1.,0.));
#3358=DIRECTION('center_axis',(1.42888253844551E-16,0.,-1.));
#3359=DIRECTION('ref_axis',(-1.,0.,-1.42888253844551E-16));
#3360=DIRECTION('center_axis',(0.617914380709542,0.700649049692494,-0.356753034012814));
#3361=DIRECTION('ref_axis',(0.49999999997269,0.,0.866025403800206));
#3362=DIRECTION('center_axis',(0.866025403784393,0.500000000000079,-7.41137738526068E-14));
#3363=DIRECTION('ref_axis',(7.66053886991358E-14,1.55431223447522E-14,1.));
#3364=DIRECTION('center_axis',(1.,0.,0.));
#3365=DIRECTION('ref_axis',(0.,0.,1.));
#3366=DIRECTION('center_axis',(2.59796825171912E-17,0.,1.));
#3367=DIRECTION('ref_axis',(0.126004292482707,-0.992029696267169,0.));
#3368=DIRECTION('center_axis',(-2.59796825171912E-17,0.,-1.));
#3369=DIRECTION('ref_axis',(0.126004292482707,-0.992029696267169,-3.27355151450402E-18));
#3370=DIRECTION('center_axis',(-1.,0.,2.59796825171912E-17));
#3371=DIRECTION('ref_axis',(0.,-0.707106781186548,0.707106781186548));
#3372=DIRECTION('center_axis',(1.,0.,0.));
#3373=DIRECTION('ref_axis',(0.,0.,1.));
#3374=DIRECTION('',(1.,0.,-2.59796825171912E-17));
#3375=DIRECTION('',(-1.,0.,2.59796825171912E-17));
#3376=DIRECTION('center_axis',(0.866025403784396,-0.500000000000074,1.11022302462502E-15));
#3377=DIRECTION('ref_axis',(0.,2.22044604924972E-15,1.));
#3378=DIRECTION('center_axis',(2.59796825171912E-17,0.,1.));
#3379=DIRECTION('ref_axis',(-0.126004292482749,-0.992029696267164,0.));
#3380=DIRECTION('center_axis',(-2.59796825171912E-17,0.,-1.));
#3381=DIRECTION('ref_axis',(-0.126004292482749,-0.992029696267164,3.27355151450511E-18));
#3382=DIRECTION('center_axis',(0.61791438065371,-0.700649049743897,0.356753034008565));
#3383=DIRECTION('ref_axis',(-0.500000000002094,1.55431223447522E-14,0.86602540378323));
#3384=DIRECTION('',(-4.44089209850063E-15,-1.,1.49417515397469E-14));
#3385=DIRECTION('',(0.,-1.,0.));
#3386=DIRECTION('center_axis',(2.59796825171912E-17,0.,1.));
#3387=DIRECTION('ref_axis',(1.,0.,-2.59796825171912E-17));
#3388=DIRECTION('',(-4.39463280580791E-15,-1.,1.49417515397469E-14));
#3389=DIRECTION('',(0.,1.,0.));
#3390=DIRECTION('',(0.,1.,0.));
#3391=DIRECTION('',(0.,-1.,0.));
#3392=DIRECTION('center_axis',(0.,1.,0.));
#3393=DIRECTION('ref_axis',(1.,0.,0.));
#3394=DIRECTION('center_axis',(-0.617914380709939,0.700649049692119,0.356753034012862));
#3395=DIRECTION('ref_axis',(-0.499999999972499,0.,-0.866025403800316));
#3396=DIRECTION('center_axis',(-0.866025403784306,0.50000000000023,5.87193931892771E-14));
#3397=DIRECTION('ref_axis',(-7.54951656745106E-14,-1.33226762955019E-14,
-1.));
#3398=DIRECTION('center_axis',(-1.,0.,0.));
#3399=DIRECTION('ref_axis',(0.,0.,-1.));
#3400=DIRECTION('center_axis',(1.42888253844551E-16,0.,-1.));
#3401=DIRECTION('ref_axis',(-0.126004292482747,-0.992029696267164,0.));
#3402=DIRECTION('center_axis',(-1.42888253844551E-16,0.,1.));
#3403=DIRECTION('ref_axis',(-0.126004292482747,-0.992029696267164,-1.80045333297778E-17));
#3404=DIRECTION('center_axis',(1.,0.,1.42888253844551E-16));
#3405=DIRECTION('ref_axis',(0.,-0.707106781186548,-0.707106781186547));
#3406=DIRECTION('center_axis',(-1.,0.,0.));
#3407=DIRECTION('ref_axis',(0.,0.,-1.));
#3408=DIRECTION('',(-1.,0.,-1.42888253844551E-16));
#3409=DIRECTION('',(1.,0.,1.42888253844551E-16));
#3410=DIRECTION('center_axis',(-0.866025403784483,-0.499999999999923,1.11022302462528E-15));
#3411=DIRECTION('ref_axis',(0.,-2.22044604925091E-15,-1.));
#3412=DIRECTION('center_axis',(1.42888253844551E-16,0.,-1.));
#3413=DIRECTION('ref_axis',(0.126004292482708,-0.992029696267169,0.));
#3414=DIRECTION('center_axis',(-1.42888253844551E-16,0.,1.));
#3415=DIRECTION('ref_axis',(0.126004292482708,-0.992029696267169,1.80045333297722E-17));
#3416=DIRECTION('center_axis',(-0.617914380653338,-0.700649049745816,-0.356753034005441));
#3417=DIRECTION('ref_axis',(0.499999999999062,-1.55431223447522E-14,-0.86602540378498));
#3418=DIRECTION('',(-4.39463280580791E-15,-1.,1.49417515397469E-14));
#3419=DIRECTION('',(0.,-1.,0.));
#3420=DIRECTION('center_axis',(1.42888253844551E-16,0.,-1.));
#3421=DIRECTION('ref_axis',(-1.,0.,-1.42888253844551E-16));
#3422=DIRECTION('',(-4.44089209850063E-15,-1.,1.49417515397469E-14));
#3423=DIRECTION('',(0.,1.,0.));
#3424=DIRECTION('center_axis',(1.42888253844551E-16,0.,-1.));
#3425=DIRECTION('ref_axis',(0.,1.,0.));
#3426=DIRECTION('',(0.,-1.,0.));
#3427=DIRECTION('center_axis',(0.,0.,-1.));
#3428=DIRECTION('ref_axis',(0.,-1.,0.));
#3429=DIRECTION('',(1.,0.,1.42888253844551E-16));
#3430=DIRECTION('center_axis',(0.,0.,-1.));
#3431=DIRECTION('ref_axis',(1.,5.55111512312578E-17,0.));
#3432=DIRECTION('',(0.,1.,0.));
#3433=DIRECTION('',(0.,1.,0.));
#3434=DIRECTION('',(0.,-1.,0.));
#3435=DIRECTION('center_axis',(0.,1.,0.));
#3436=DIRECTION('ref_axis',(-1.,0.,0.));
#3437=DIRECTION('center_axis',(0.,0.,1.));
#3438=DIRECTION('ref_axis',(0.,-1.,0.));
#3439=DIRECTION('',(-2.77555756156289E-16,0.,-1.));
#3440=DIRECTION('center_axis',(0.,0.,1.));
#3441=DIRECTION('ref_axis',(1.,0.,0.));
#3442=DIRECTION('',(-1.38777878078145E-16,0.,-1.));
#3443=DIRECTION('center_axis',(0.,-1.,0.));
#3444=DIRECTION('ref_axis',(-1.,0.,0.));
#3445=DIRECTION('center_axis',(0.,0.,1.));
#3446=DIRECTION('ref_axis',(0.,-1.,0.));
#3447=DIRECTION('center_axis',(-2.59796825171912E-17,0.,-1.));
#3448=DIRECTION('ref_axis',(0.,-1.,0.));
#3449=DIRECTION('center_axis',(2.59796825171912E-17,0.,1.));
#3450=DIRECTION('ref_axis',(1.,0.,-2.59796825171912E-17));
#3451=DIRECTION('center_axis',(0.,1.,0.));
#3452=DIRECTION('ref_axis',(-2.96059473233374E-15,0.,1.));
#3453=DIRECTION('center_axis',(0.,0.,1.));
#3454=DIRECTION('ref_axis',(0.,1.,0.));
#3455=DIRECTION('',(0.,0.,-1.));
#3456=DIRECTION('center_axis',(1.,0.,0.));
#3457=DIRECTION('ref_axis',(0.,1.,0.));
#3458=DIRECTION('',(0.,0.,-1.));
#3459=DIRECTION('center_axis',(-1.,0.,0.));
#3460=DIRECTION('ref_axis',(0.,-1.,0.));
#3461=DIRECTION('',(0.,0.,-1.));
#3462=DIRECTION('center_axis',(0.,0.,1.));
#3463=DIRECTION('ref_axis',(0.,-1.,0.));
#3464=DIRECTION('',(0.,0.,-1.));
#3465=DIRECTION('center_axis',(0.,-1.,0.));
#3466=DIRECTION('ref_axis',(1.,0.,0.));
#3467=DIRECTION('',(0.,0.,-1.));
#3468=DIRECTION('center_axis',(0.,0.,1.));
#3469=DIRECTION('ref_axis',(1.,5.55111512312578E-17,0.));
#3470=DIRECTION('center_axis',(0.,1.,0.));
#3471=DIRECTION('ref_axis',(2.22044604925031E-15,0.,-1.));
#3472=DIRECTION('',(0.,0.,1.));
#3473=DIRECTION('',(1.,0.,0.));
#3474=CARTESIAN_POINT('',(0.,0.,0.));
#3475=CARTESIAN_POINT('',(0.,0.,0.));
#3476=CARTESIAN_POINT('Origin',(-72.71654051308,-21.914239268474,-1.45000000000009));
#3477=CARTESIAN_POINT('',(-72.71654051308,-21.914239268474,-2.45000000000009));
#3478=CARTESIAN_POINT('',(-72.71654051308,-21.914239268474,-1.45000000000009));
#3479=CARTESIAN_POINT('',(-72.71654051308,-21.914239268474,-7.05000000000001));
#3480=CARTESIAN_POINT('',(-72.41654051308,-21.914239268474,-2.45000000000009));
#3481=CARTESIAN_POINT('',(-72.71654051308,-21.914239268474,-2.45000000000009));
#3482=CARTESIAN_POINT('',(-72.41654051308,-21.914239268474,-1.45000000000009));
#3483=CARTESIAN_POINT('',(-72.41654051308,-21.914239268474,-1.45000000000009));
#3484=CARTESIAN_POINT('',(-72.71654051308,-21.914239268474,-1.45000000000009));
#3485=CARTESIAN_POINT('Origin',(-72.71654051308,10.931760731526,-1.45000000000009));
#3486=CARTESIAN_POINT('',(-72.71654051308,10.931760731526,-1.45000000000009));
#3487=CARTESIAN_POINT('',(-72.71654051308,-7.49123926847401,-1.45000000000009));
#3488=CARTESIAN_POINT('',(-72.41654051308,10.931760731526,-1.45000000000009));
#3489=CARTESIAN_POINT('',(-72.41654051308,10.931760731526,-1.45000000000009));
#3490=CARTESIAN_POINT('',(-72.71654051308,10.931760731526,-1.45000000000009));
#3491=CARTESIAN_POINT('Origin',(-72.71654051308,10.931760731526,-2.45000000000009));
#3492=CARTESIAN_POINT('',(-72.71654051308,10.931760731526,-2.45000000000009));
#3493=CARTESIAN_POINT('',(-72.71654051308,10.931760731526,2.89999999999996));
#3494=CARTESIAN_POINT('',(-72.41654051308,10.931760731526,-2.45000000000009));
#3495=CARTESIAN_POINT('',(-72.41654051308,10.931760731526,-2.45000000000009));
#3496=CARTESIAN_POINT('',(-72.71654051308,10.931760731526,-2.45000000000009));
#3497=CARTESIAN_POINT('Origin',(-72.71654051308,-21.914239268474,-2.45000000000009));
#3498=CARTESIAN_POINT('',(-72.71654051308,-23.914239268474,-2.45000000000009));
#3499=CARTESIAN_POINT('',(-72.41654051308,-21.914239268474,-2.45000000000009));
#3500=CARTESIAN_POINT('Origin',(-72.41654051308,-5.49123926847401,-1.95000000000009));
#3501=CARTESIAN_POINT('Origin',(-72.71654051308,-25.914239268474,-4.05));
#3502=CARTESIAN_POINT('',(-72.71654051308,10.931760731526,7.64999999999992));
#3503=CARTESIAN_POINT('',(-72.71654051308,10.931760731526,2.89999999999996));
#3504=CARTESIAN_POINT('',(-72.71654051308,-21.914239268474,7.64999999999992));
#3505=CARTESIAN_POINT('',(-72.71654051308,-23.914239268474,7.64999999999992));
#3506=CARTESIAN_POINT('',(-72.71654051308,-21.914239268474,-7.05000000000001));
#3507=CARTESIAN_POINT('Origin',(-72.71654051308,-25.914239268474,-4.05));
#3508=CARTESIAN_POINT('',(-72.71654051308,-21.914239268474,-4.05));
#3509=CARTESIAN_POINT('',(-72.71654051308,-21.914239268474,-7.05000000000001));
#3510=CARTESIAN_POINT('',(-72.71654051308,2.056760731526,-4.05000000000005));
#3511=CARTESIAN_POINT('',(-72.71654051308,-25.914239268474,-4.05));
#3512=CARTESIAN_POINT('',(-72.71654051308,2.056760731526,-3.65000000000005));
#3513=CARTESIAN_POINT('',(-72.71654051308,2.056760731526,-4.05000000000002));
#3514=CARTESIAN_POINT('',(-72.71654051308,10.931760731526,-3.65000000000009));
#3515=CARTESIAN_POINT('',(-72.71654051308,-11.928739268474,-3.65000000000005));
#3516=CARTESIAN_POINT('',(-72.71654051308,10.931760731526,2.89999999999996));
#3517=CARTESIAN_POINT('Origin',(-72.71654051308,10.931760731526,8.64999999999992));
#3518=CARTESIAN_POINT('',(-72.71654051308,-21.914239268474,8.64999999999992));
#3519=CARTESIAN_POINT('',(-72.71654051308,10.931760731526,8.64999999999992));
#3520=CARTESIAN_POINT('',(-72.71654051308,-7.49123926847401,8.64999999999992));
#3521=CARTESIAN_POINT('',(-72.41654051308,-21.914239268474,8.64999999999992));
#3522=CARTESIAN_POINT('',(-72.71654051308,-21.914239268474,8.64999999999992));
#3523=CARTESIAN_POINT('',(-72.41654051308,10.931760731526,8.64999999999992));
#3524=CARTESIAN_POINT('',(-72.41654051308,-21.914239268474,8.64999999999992));
#3525=CARTESIAN_POINT('',(-72.71654051308,10.931760731526,8.64999999999992));
#3526=CARTESIAN_POINT('Origin',(-72.71654051308,10.931760731526,7.64999999999992));
#3527=CARTESIAN_POINT('',(-72.71654051308,10.931760731526,2.89999999999996));
#3528=CARTESIAN_POINT('',(-72.41654051308,10.931760731526,7.64999999999992));
#3529=CARTESIAN_POINT('',(-72.41654051308,10.931760731526,8.64999999999992));
#3530=CARTESIAN_POINT('',(-72.71654051308,10.931760731526,7.64999999999992));
#3531=CARTESIAN_POINT('Origin',(-72.71654051308,-21.914239268474,7.64999999999992));
#3532=CARTESIAN_POINT('',(-72.41654051308,-21.914239268474,7.64999999999992));
#3533=CARTESIAN_POINT('',(-72.41654051308,10.931760731526,7.64999999999992));
#3534=CARTESIAN_POINT('',(-72.71654051308,-21.914239268474,7.64999999999992));
#3535=CARTESIAN_POINT('Origin',(-72.71654051308,-21.914239268474,8.64999999999992));
#3536=CARTESIAN_POINT('',(-72.71654051308,-21.914239268474,-7.05000000000001));
#3537=CARTESIAN_POINT('',(-72.41654051308,-21.914239268474,7.64999999999992));
#3538=CARTESIAN_POINT('Origin',(-72.41654051308,-5.49123926847401,8.14999999999992));
#3539=CARTESIAN_POINT('Origin',(-72.71654051308,-25.914239268474,-4.05));
#3540=CARTESIAN_POINT('',(-72.71654051308,10.931760731526,9.84999999999992));
#3541=CARTESIAN_POINT('',(-72.71654051308,10.931760731526,2.89999999999996));
#3542=CARTESIAN_POINT('',(-72.71654051308,2.05676073152599,9.84999999999996));
#3543=CARTESIAN_POINT('',(-72.71654051308,-6.92873926847401,9.84999999999996));
#3544=CARTESIAN_POINT('',(-72.71654051308,2.05676073152599,10.25));
#3545=CARTESIAN_POINT('',(-72.71654051308,2.05676073152599,2.89999999999998));
#3546=CARTESIAN_POINT('',(-72.71654051308,-21.914239268474,10.25));
#3547=CARTESIAN_POINT('',(-72.71654051308,-25.914239268474,10.25));
#3548=CARTESIAN_POINT('',(-72.71654051308,-21.914239268474,-7.05000000000001));
#3549=CARTESIAN_POINT('Origin',(16.152019304039,-21.914239268474,7.65000000000001));
#3550=CARTESIAN_POINT('',(16.152019304039,-21.914239268474,7.65000000000001));
#3551=CARTESIAN_POINT('',(16.152019304039,-21.914239268474,8.65000000000001));
#3552=CARTESIAN_POINT('',(16.152019304039,-21.914239268474,-7.05000000000001));
#3553=CARTESIAN_POINT('',(15.852019304039,-21.914239268474,8.65000000000001));
#3554=CARTESIAN_POINT('',(16.152019304039,-21.914239268474,8.65000000000001));
#3555=CARTESIAN_POINT('',(15.852019304039,-21.914239268474,7.65000000000001));
#3556=CARTESIAN_POINT('',(15.852019304039,-21.914239268474,7.65000000000001));
#3557=CARTESIAN_POINT('',(16.152019304039,-21.914239268474,7.65000000000001));
#3558=CARTESIAN_POINT('Origin',(16.152019304039,10.931760731526,7.65000000000001));
#3559=CARTESIAN_POINT('',(16.152019304039,10.931760731526,7.65000000000001));
#3560=CARTESIAN_POINT('',(16.152019304039,-7.49123926847401,7.65000000000001));
#3561=CARTESIAN_POINT('',(15.852019304039,10.931760731526,7.65000000000001));
#3562=CARTESIAN_POINT('',(15.852019304039,10.931760731526,7.65000000000001));
#3563=CARTESIAN_POINT('',(16.152019304039,10.931760731526,7.65000000000001));
#3564=CARTESIAN_POINT('Origin',(16.152019304039,10.931760731526,8.65000000000001));
#3565=CARTESIAN_POINT('',(16.152019304039,10.931760731526,8.65000000000001));
#3566=CARTESIAN_POINT('',(16.152019304039,10.931760731526,3.3));
#3567=CARTESIAN_POINT('',(15.852019304039,10.931760731526,8.65000000000001));
#3568=CARTESIAN_POINT('',(15.852019304039,10.931760731526,8.65000000000001));
#3569=CARTESIAN_POINT('',(16.152019304039,10.931760731526,8.65000000000001));
#3570=CARTESIAN_POINT('Origin',(16.152019304039,-21.914239268474,8.65000000000001));
#3571=CARTESIAN_POINT('',(16.152019304039,-23.914239268474,8.65000000000001));
#3572=CARTESIAN_POINT('',(15.852019304039,-21.914239268474,8.65000000000001));
#3573=CARTESIAN_POINT('Origin',(15.852019304039,-5.49123926847401,8.15000000000001));
#3574=CARTESIAN_POINT('Origin',(16.152019304039,-25.914239268474,10.25));
#3575=CARTESIAN_POINT('',(16.152019304039,-21.914239268474,10.25));
#3576=CARTESIAN_POINT('',(16.152019304039,-21.914239268474,-7.05000000000001));
#3577=CARTESIAN_POINT('',(16.152019304039,2.05676073152599,10.25));
#3578=CARTESIAN_POINT('',(16.152019304039,-25.914239268474,10.25));
#3579=CARTESIAN_POINT('',(16.152019304039,2.05676073152599,9.85));
#3580=CARTESIAN_POINT('',(16.152019304039,2.05676073152599,10.25));
#3581=CARTESIAN_POINT('',(16.152019304039,10.931760731526,9.85000000000001));
#3582=CARTESIAN_POINT('',(16.152019304039,-11.928739268474,9.85));
#3583=CARTESIAN_POINT('',(16.152019304039,10.931760731526,3.3));
#3584=CARTESIAN_POINT('Origin',(16.152019304039,10.931760731526,-2.44999999999999));
#3585=CARTESIAN_POINT('',(16.152019304039,-21.914239268474,-2.44999999999999));
#3586=CARTESIAN_POINT('',(16.152019304039,10.931760731526,-2.44999999999999));
#3587=CARTESIAN_POINT('',(16.152019304039,-7.49123926847401,-2.44999999999999));
#3588=CARTESIAN_POINT('',(15.852019304039,-21.914239268474,-2.44999999999999));
#3589=CARTESIAN_POINT('',(16.152019304039,-21.914239268474,-2.44999999999999));
#3590=CARTESIAN_POINT('',(15.852019304039,10.931760731526,-2.44999999999999));
#3591=CARTESIAN_POINT('',(15.852019304039,-21.914239268474,-2.44999999999999));
#3592=CARTESIAN_POINT('',(16.152019304039,10.931760731526,-2.44999999999999));
#3593=CARTESIAN_POINT('Origin',(16.152019304039,10.931760731526,-1.44999999999999));
#3594=CARTESIAN_POINT('',(16.152019304039,10.931760731526,-1.44999999999999));
#3595=CARTESIAN_POINT('',(16.152019304039,10.931760731526,3.3));
#3596=CARTESIAN_POINT('',(15.852019304039,10.931760731526,-1.44999999999999));
#3597=CARTESIAN_POINT('',(15.852019304039,10.931760731526,-2.44999999999999));
#3598=CARTESIAN_POINT('',(16.152019304039,10.931760731526,-1.44999999999999));
#3599=CARTESIAN_POINT('Origin',(16.152019304039,-21.914239268474,-1.44999999999999));
#3600=CARTESIAN_POINT('',(16.152019304039,-21.914239268474,-1.44999999999999));
#3601=CARTESIAN_POINT('',(16.152019304039,-23.914239268474,-1.44999999999999));
#3602=CARTESIAN_POINT('',(15.852019304039,-21.914239268474,-1.44999999999999));
#3603=CARTESIAN_POINT('',(15.852019304039,10.931760731526,-1.44999999999999));
#3604=CARTESIAN_POINT('',(16.152019304039,-21.914239268474,-1.44999999999999));
#3605=CARTESIAN_POINT('Origin',(16.152019304039,-21.914239268474,-2.44999999999999));
#3606=CARTESIAN_POINT('',(16.152019304039,-21.914239268474,-7.05000000000001));
#3607=CARTESIAN_POINT('',(15.852019304039,-21.914239268474,-1.44999999999999));
#3608=CARTESIAN_POINT('Origin',(15.852019304039,-5.49123926847401,-1.94999999999999));
#3609=CARTESIAN_POINT('Origin',(16.152019304039,-25.914239268474,10.25));
#3610=CARTESIAN_POINT('',(16.152019304039,10.931760731526,-3.64999999999999));
#3611=CARTESIAN_POINT('',(16.152019304039,10.931760731526,3.3));
#3612=CARTESIAN_POINT('',(16.152019304039,2.05676073152599,-3.65));
#3613=CARTESIAN_POINT('',(16.152019304039,-6.92873926847401,-3.65));
#3614=CARTESIAN_POINT('',(16.152019304039,2.05676073152599,-4.05));
#3615=CARTESIAN_POINT('',(16.152019304039,2.05676073152599,3.3));
#3616=CARTESIAN_POINT('',(16.152019304039,-21.914239268474,-4.05));
#3617=CARTESIAN_POINT('',(16.152019304039,-25.914239268474,-4.05));
#3618=CARTESIAN_POINT('',(16.152019304039,-21.914239268474,-7.05000000000001));
#3619=CARTESIAN_POINT('Origin',(16.152019304039,-25.914239268474,10.25));
#3620=CARTESIAN_POINT('',(16.152019304039,10.931760731526,3.3));
#3621=CARTESIAN_POINT('',(16.152019304039,-21.914239268474,-7.05000000000001));
#3622=CARTESIAN_POINT('Origin',(15.652019304039,11.431760731526,-0.274999999999992));
#3623=CARTESIAN_POINT('',(15.152019304039,11.931760731526,9.85000000000001));
#3624=CARTESIAN_POINT('',(18.070769304039,9.01301073152599,9.85));
#3625=CARTESIAN_POINT('',(15.152019304039,11.931760731526,-3.64999999999999));
#3626=CARTESIAN_POINT('',(15.152019304039,11.931760731526,-0.274999999999992));
#3627=CARTESIAN_POINT('',(15.570769304039,11.513010731526,-3.65));
#3628=CARTESIAN_POINT('Origin',(15.952019304039,12.056760731526,-3.65));
#3629=CARTESIAN_POINT('',(15.152019304039,12.056760731526,-3.64999999999999));
#3630=CARTESIAN_POINT('',(15.152019304039,10.931760731526,-3.64999999999999));
#3631=CARTESIAN_POINT('',(17.452019304039,12.056760731526,-3.65));
#3632=CARTESIAN_POINT('',(16.152019304039,12.056760731526,-3.64999999999999));
#3633=CARTESIAN_POINT('',(17.452019304039,2.05676073152599,-3.65));
#3634=CARTESIAN_POINT('',(17.452019304039,-6.92873926847401,-3.65));
#3635=CARTESIAN_POINT('',(15.952019304039,2.05676073152599,-3.65));
#3636=CARTESIAN_POINT('Origin',(15.152019304039,11.494260731526,3.10000000000001));
#3637=CARTESIAN_POINT('',(15.152019304039,12.056760731526,9.85000000000001));
#3638=CARTESIAN_POINT('',(15.152019304039,12.056760731526,9.85000000000001));
#3639=CARTESIAN_POINT('',(15.152019304039,12.056760731526,-3.64999999999999));
#3640=CARTESIAN_POINT('Origin',(-72.21654051308,11.431760731526,6.47499999999992));
#3641=CARTESIAN_POINT('',(-71.71654051308,11.931760731526,-3.65000000000009));
#3642=CARTESIAN_POINT('',(-74.63529051308,9.01301073152599,-3.65000000000005));
#3643=CARTESIAN_POINT('',(-71.71654051308,11.931760731526,9.84999999999992));
#3644=CARTESIAN_POINT('',(-71.71654051308,11.931760731526,6.47499999999992));
#3645=CARTESIAN_POINT('',(-72.13529051308,11.513010731526,9.84999999999996));
#3646=CARTESIAN_POINT('Origin',(-72.51654051308,12.056760731526,9.84999999999996));
#3647=CARTESIAN_POINT('',(-71.71654051308,12.056760731526,9.84999999999992));
#3648=CARTESIAN_POINT('',(-71.71654051308,10.931760731526,9.84999999999992));
#3649=CARTESIAN_POINT('',(-74.01654051308,12.056760731526,9.84999999999996));
#3650=CARTESIAN_POINT('',(-72.71654051308,12.056760731526,9.84999999999992));
#3651=CARTESIAN_POINT('',(-74.01654051308,2.05676073152599,9.84999999999996));
#3652=CARTESIAN_POINT('',(-74.01654051308,-6.92873926847401,9.84999999999996));
#3653=CARTESIAN_POINT('',(-72.51654051308,2.05676073152599,9.84999999999996));
#3654=CARTESIAN_POINT('Origin',(-71.71654051308,11.494260731526,3.09999999999991));
#3655=CARTESIAN_POINT('',(-71.71654051308,12.056760731526,-3.65000000000009));
#3656=CARTESIAN_POINT('',(-71.71654051308,12.056760731526,-3.65000000000009));
#3657=CARTESIAN_POINT('',(-71.71654051308,12.056760731526,9.84999999999992));
#3658=CARTESIAN_POINT('Origin',(1.71773939547951,12.056760731526,-5.55));
#3659=CARTESIAN_POINT('',(1.71773939547951,12.056760731526,-5.75));
#3660=CARTESIAN_POINT('',(1.71773939547951,12.056760731526,-5.55));
#3661=CARTESIAN_POINT('',(1.71773939547951,12.056760731526,-5.75));
#3662=CARTESIAN_POINT('',(1.71773939547951,-22.943239268474,-5.75));
#3663=CARTESIAN_POINT('',(1.71773939547951,-6.92873926847401,-5.75));
#3664=CARTESIAN_POINT('',(1.71773939547951,-22.943239268474,-5.55));
#3665=CARTESIAN_POINT('',(1.71773939547951,-22.943239268474,-5.75));
#3666=CARTESIAN_POINT('',(1.71773939547951,12.056760731526,-5.55));
#3667=CARTESIAN_POINT('Origin',(2.71773939547951,12.056760731526,-5.55));
#3668=CARTESIAN_POINT('',(2.71773939547951,12.056760731526,-5.55));
#3669=CARTESIAN_POINT('',(1.71773939547951,12.056760731526,-5.55));
#3670=CARTESIAN_POINT('',(2.71773939547951,-22.943239268474,-5.55));
#3671=CARTESIAN_POINT('',(1.71773939547951,-22.943239268474,-5.55));
#3672=CARTESIAN_POINT('',(2.71773939547951,12.056760731526,-5.55));
#3673=CARTESIAN_POINT('Origin',(2.71773939547951,12.056760731526,-5.75));
#3674=CARTESIAN_POINT('',(2.71773939547951,12.056760731526,-5.75));
#3675=CARTESIAN_POINT('',(2.71773939547951,12.056760731526,-5.55));
#3676=CARTESIAN_POINT('',(2.71773939547951,-22.943239268474,-5.75));
#3677=CARTESIAN_POINT('',(2.71773939547951,-22.943239268474,-5.55));
#3678=CARTESIAN_POINT('',(2.71773939547951,-6.92873926847401,-5.75));
#3679=CARTESIAN_POINT('Origin',(2.21773939547951,-22.943239268474,-5.65));
#3680=CARTESIAN_POINT('',(8.33487934975926,-22.943239268474,-5.75));
#3681=CARTESIAN_POINT('Origin',(14.452019304039,-25.914239268474,-5.75));
#3682=CARTESIAN_POINT('',(1.23532665390573,12.056760731526,-5.75));
#3683=CARTESIAN_POINT('',(-6.91512065024075,12.056760731526,-5.75));
#3684=CARTESIAN_POINT('',(-3.76467334609427,7.05676073152599,-5.75));
#3685=CARTESIAN_POINT('Origin',(1.23532665390573,7.05676073152599,-5.75000000000001));
#3686=CARTESIAN_POINT('',(-3.76467334609427,0.277644769362835,-5.75));
#3687=CARTESIAN_POINT('',(-3.76467334609427,-5.37235523063717,-5.75));
#3688=CARTESIAN_POINT('',(-8.76467334609427,-4.72235523063716,-5.75));
#3689=CARTESIAN_POINT('Origin',(-8.76467334609427,0.277644769362835,-5.75));
#3690=CARTESIAN_POINT('',(-47.7196651542724,-4.72235523063716,-5.75));
#3691=CARTESIAN_POINT('',(-53.3696651542724,-4.72235523063716,-5.75));
#3692=CARTESIAN_POINT('',(-52.7196651542724,0.277644769362834,-5.75));
#3693=CARTESIAN_POINT('Origin',(-47.7196651542724,0.277644769362834,-5.75));
#3694=CARTESIAN_POINT('',(-52.7196651542724,7.05676073152599,-5.75));
#3695=CARTESIAN_POINT('',(-52.7196651542724,3.01720275044441,-5.75));
#3696=CARTESIAN_POINT('',(-57.7196651542724,12.056760731526,-5.75000000000001));
#3697=CARTESIAN_POINT('Origin',(-57.7196651542724,7.05676073152599,-5.75000000000001));
#3698=CARTESIAN_POINT('',(-58.2822606045205,12.056760731526,-5.75000000000001));
#3699=CARTESIAN_POINT('',(-43.0009628793965,12.056760731526,-5.75000000000001));
#3700=CARTESIAN_POINT('',(-58.2822606045205,-22.943239268474,-5.75000000000001));
#3701=CARTESIAN_POINT('',(-58.2822606045205,-6.92873926847401,-5.75000000000001));
#3702=CARTESIAN_POINT('',(-59.2822606045205,-22.943239268474,-5.75000000000001));
#3703=CARTESIAN_POINT('',(-22.1651206502407,-22.943239268474,-5.75000000000001));
#3704=CARTESIAN_POINT('',(-59.2822606045205,12.056760731526,-5.75000000000001));
#3705=CARTESIAN_POINT('',(-59.2822606045205,-6.92873926847401,-5.75000000000001));
#3706=CARTESIAN_POINT('',(-71.01654051308,12.056760731526,-5.75000000000001));
#3707=CARTESIAN_POINT('',(-43.0009628793965,12.056760731526,-5.75000000000001));
#3708=CARTESIAN_POINT('',(-71.01654051308,-22.3828662350709,-5.75000000000001));
#3709=CARTESIAN_POINT('',(-71.01654051308,-25.914239268474,-5.75000000000001));
#3710=CARTESIAN_POINT('',(-71.0165405130803,-23.6462900760426,-5.74999999999948));
#3711=CARTESIAN_POINT('',(-71.01654051308,12.056760731526,-5.75000000000002));
#3712=CARTESIAN_POINT('',(-70.01654051308,-23.914239268474,-5.75000000000001));
#3713=CARTESIAN_POINT('Origin',(-70.01654051308,-21.914239268474,-5.75000000000001));
#3714=CARTESIAN_POINT('',(13.452019304039,-23.914239268474,-5.75));
#3715=CARTESIAN_POINT('',(-6.91512065024075,-23.914239268474,-5.75));
#3716=CARTESIAN_POINT('',(14.4520193040388,-23.646290076043,-5.74999999999947));
#3717=CARTESIAN_POINT('Origin',(13.452019304039,-21.914239268474,-5.75));
#3718=CARTESIAN_POINT('',(14.452019304039,-22.3828662350709,-5.75));
#3719=CARTESIAN_POINT('',(14.452019304039,12.056760731526,-5.75));
#3720=CARTESIAN_POINT('',(14.452019304039,12.056760731526,-5.75));
#3721=CARTESIAN_POINT('',(14.452019304039,-25.914239268474,-5.75));
#3722=CARTESIAN_POINT('',(-6.91512065024075,12.056760731526,-5.75));
#3723=CARTESIAN_POINT('',(-6.22589036160522,-12.1171812720937,-5.75000000000001));
#3724=CARTESIAN_POINT('',(-6.22589036160522,-17.2484708309194,-5.75000000000001));
#3725=CARTESIAN_POINT('',(-6.22589036160522,-21.5813550496967,-5.75));
#3726=CARTESIAN_POINT('',(-50.1451104520282,-17.2484708309194,-5.75000000000001));
#3727=CARTESIAN_POINT('',(-17.8465455739946,-17.2484708309194,-5.75000000000001));
#3728=CARTESIAN_POINT('',(-50.1451104520282,-12.1171812720937,-5.75000000000001));
#3729=CARTESIAN_POINT('',(-50.1451104520282,-19.0157102702839,-5.75000000000001));
#3730=CARTESIAN_POINT('',(4.11306447121689,-12.1171812720937,-5.75));
#3731=CARTESIAN_POINT('Origin',(-59.2822606045205,12.056760731526,11.95));
#3732=CARTESIAN_POINT('',(-59.2822606045205,12.056760731526,11.95));
#3733=CARTESIAN_POINT('',(-59.2822606045205,12.056760731526,11.75));
#3734=CARTESIAN_POINT('',(-59.2822606045205,12.056760731526,11.95));
#3735=CARTESIAN_POINT('',(-59.2822606045205,-22.943239268474,11.75));
#3736=CARTESIAN_POINT('',(-59.2822606045205,12.056760731526,11.75));
#3737=CARTESIAN_POINT('',(-59.2822606045205,-22.943239268474,11.95));
#3738=CARTESIAN_POINT('',(-59.2822606045205,-22.943239268474,11.95));
#3739=CARTESIAN_POINT('',(-59.2822606045205,-6.92873926847401,11.95));
#3740=CARTESIAN_POINT('Origin',(-58.2822606045205,12.056760731526,11.75));
#3741=CARTESIAN_POINT('',(-58.2822606045205,12.056760731526,11.75));
#3742=CARTESIAN_POINT('',(-58.2822606045205,12.056760731526,11.95));
#3743=CARTESIAN_POINT('',(-58.2822606045205,12.056760731526,11.75));
#3744=CARTESIAN_POINT('',(-58.2822606045205,-22.943239268474,11.95));
#3745=CARTESIAN_POINT('',(-58.2822606045205,-6.92873926847401,11.95));
#3746=CARTESIAN_POINT('',(-58.2822606045205,-22.943239268474,11.75));
#3747=CARTESIAN_POINT('',(-58.2822606045205,-22.943239268474,11.75));
#3748=CARTESIAN_POINT('',(-58.2822606045205,12.056760731526,11.75));
#3749=CARTESIAN_POINT('Origin',(-59.2822606045205,12.056760731526,11.75));
#3750=CARTESIAN_POINT('',(-59.2822606045205,12.056760731526,11.75));
#3751=CARTESIAN_POINT('',(-59.2822606045205,-22.943239268474,11.75));
#3752=CARTESIAN_POINT('Origin',(-58.7822606045205,-22.943239268474,11.85));
#3753=CARTESIAN_POINT('',(-64.8994005588003,-22.943239268474,11.95));
#3754=CARTESIAN_POINT('Origin',(1.71773939547951,12.056760731526,11.95));
#3755=CARTESIAN_POINT('',(1.71773939547951,12.056760731526,11.95));
#3756=CARTESIAN_POINT('',(1.71773939547951,12.056760731526,11.75));
#3757=CARTESIAN_POINT('',(1.71773939547951,12.056760731526,11.95));
#3758=CARTESIAN_POINT('',(1.71773939547951,-22.943239268474,11.75));
#3759=CARTESIAN_POINT('',(1.71773939547951,12.056760731526,11.75));
#3760=CARTESIAN_POINT('',(1.71773939547951,-22.943239268474,11.95));
#3761=CARTESIAN_POINT('',(1.71773939547951,-22.943239268474,11.95));
#3762=CARTESIAN_POINT('',(1.71773939547951,-6.92873926847401,11.95));
#3763=CARTESIAN_POINT('Origin',(2.71773939547951,12.056760731526,11.75));
#3764=CARTESIAN_POINT('',(2.71773939547951,12.056760731526,11.75));
#3765=CARTESIAN_POINT('',(2.71773939547951,12.056760731526,11.95));
#3766=CARTESIAN_POINT('',(2.71773939547951,12.056760731526,11.75));
#3767=CARTESIAN_POINT('',(2.71773939547951,-22.943239268474,11.95));
#3768=CARTESIAN_POINT('',(2.71773939547951,-6.92873926847401,11.95));
#3769=CARTESIAN_POINT('',(2.71773939547951,-22.943239268474,11.75));
#3770=CARTESIAN_POINT('',(2.71773939547951,-22.943239268474,11.75));
#3771=CARTESIAN_POINT('',(2.71773939547951,12.056760731526,11.75));
#3772=CARTESIAN_POINT('Origin',(1.71773939547951,12.056760731526,11.75));
#3773=CARTESIAN_POINT('',(1.71773939547951,12.056760731526,11.75));
#3774=CARTESIAN_POINT('',(1.71773939547951,-22.943239268474,11.75));
#3775=CARTESIAN_POINT('Origin',(2.21773939547951,-22.943239268474,11.85));
#3776=CARTESIAN_POINT('',(-34.3994005588002,-22.943239268474,11.95));
#3777=CARTESIAN_POINT('Origin',(-58.2822606045205,12.056760731526,-5.75000000000001));
#3778=CARTESIAN_POINT('',(-58.2822606045205,12.056760731526,-5.55000000000001));
#3779=CARTESIAN_POINT('',(-58.2822606045205,12.056760731526,-5.75000000000001));
#3780=CARTESIAN_POINT('',(-58.2822606045205,-22.943239268474,-5.55000000000001));
#3781=CARTESIAN_POINT('',(-58.2822606045205,12.056760731526,-5.55000000000001));
#3782=CARTESIAN_POINT('',(-58.2822606045205,-22.943239268474,-5.75000000000001));
#3783=CARTESIAN_POINT('Origin',(-59.2822606045205,12.056760731526,-5.55000000000001));
#3784=CARTESIAN_POINT('',(-59.2822606045205,12.056760731526,-5.55000000000001));
#3785=CARTESIAN_POINT('',(-59.2822606045205,12.056760731526,-5.55000000000001));
#3786=CARTESIAN_POINT('',(-59.2822606045205,-22.943239268474,-5.55000000000001));
#3787=CARTESIAN_POINT('',(-59.2822606045205,-22.943239268474,-5.55000000000001));
#3788=CARTESIAN_POINT('',(-59.2822606045205,12.056760731526,-5.55000000000001));
#3789=CARTESIAN_POINT('Origin',(-58.2822606045205,12.056760731526,-5.55000000000001));
#3790=CARTESIAN_POINT('',(-58.2822606045205,12.056760731526,-5.55000000000001));
#3791=CARTESIAN_POINT('',(-58.2822606045205,-22.943239268474,-5.55000000000001));
#3792=CARTESIAN_POINT('Origin',(-58.7822606045205,-22.943239268474,-5.65000000000001));
#3793=CARTESIAN_POINT('Origin',(3.50672027023017,-24.614239268474,1.8));
#3794=CARTESIAN_POINT('',(3.50672027023017,-24.614239268474,1.8));
#3795=CARTESIAN_POINT('',(3.50672027023017,-24.614239268474,4.20000008940697));
#3796=CARTESIAN_POINT('',(3.50672027023017,-24.614239268474,2.44999999999998));
#3797=CARTESIAN_POINT('',(3.50672027023017,-25.214239268474,1.8));
#3798=CARTESIAN_POINT('',(3.50672027023017,-24.614239268474,1.8));
#3799=CARTESIAN_POINT('',(3.50672027023017,-25.214239268474,4.20000008940697));
#3800=CARTESIAN_POINT('',(3.50672027023017,-25.214239268474,1.8));
#3801=CARTESIAN_POINT('',(3.50672027023017,-24.614239268474,4.20000008940697));
#3802=CARTESIAN_POINT('Origin',(-61.0000009089708,-24.614239268474,1.8));
#3803=CARTESIAN_POINT('',(-61.0000009089708,-24.614239268474,1.8));
#3804=CARTESIAN_POINT('',(-44.6411307567457,-24.614239268474,1.8));
#3805=CARTESIAN_POINT('',(-61.0000009089708,-25.214239268474,1.8));
#3806=CARTESIAN_POINT('',(-61.0000009089708,-24.614239268474,1.8));
#3807=CARTESIAN_POINT('',(-61.0000009089708,-25.214239268474,1.8));
#3808=CARTESIAN_POINT('Origin',(-61.0000009089708,-24.614239268474,4.20000008940697));
#3809=CARTESIAN_POINT('',(-61.0000009089708,-24.614239268474,4.20000008940697));
#3810=CARTESIAN_POINT('',(-61.0000009089708,-24.614239268474,3.65000004470348));
#3811=CARTESIAN_POINT('',(-61.0000009089708,-25.214239268474,4.20000008940697));
#3812=CARTESIAN_POINT('',(-61.0000009089708,-24.614239268474,4.20000008940697));
#3813=CARTESIAN_POINT('',(-61.0000009089708,-25.214239268474,4.20000008940697));
#3814=CARTESIAN_POINT('Origin',(3.50672027023017,-24.614239268474,4.20000008940697));
#3815=CARTESIAN_POINT('',(-12.3877701671452,-24.614239268474,4.20000008940697));
#3816=CARTESIAN_POINT('',(3.50672027023017,-25.214239268474,4.20000008940697));
#3817=CARTESIAN_POINT('Origin',(-28.7466403193703,-25.214239268474,3.00000004470348));
#3818=CARTESIAN_POINT('Origin',(-39.1653054294225,-16.2484708309194,-4.75));
#3819=CARTESIAN_POINT('',(-6.22589036160522,-15.2484708309194,-3.75));
#3820=CARTESIAN_POINT('',(-6.22589036160522,-16.6984708309194,-5.2));
#3821=CARTESIAN_POINT('',(-50.1451104520282,-15.2484708309194,-3.75));
#3822=CARTESIAN_POINT('',(-39.1653054294225,-15.2484708309194,-3.75000000000001));
#3823=CARTESIAN_POINT('',(-50.1451104520282,-15.415648441213,-3.91717761029358));
#3824=CARTESIAN_POINT('Origin',(-28.1855004068167,-14.6828260515066,-3.75000000000001));
#3825=CARTESIAN_POINT('',(-6.22589036160522,-12.1171812720937,-3.75000000000001));
#3826=CARTESIAN_POINT('',(-6.22589036160522,-12.1171812720937,-3.75000000000001));
#3827=CARTESIAN_POINT('',(-50.1451104520282,-12.1171812720937,-3.75000000000001));
#3828=CARTESIAN_POINT('',(-50.1451104520282,-12.1171812720937,-3.75000000000001));
#3829=CARTESIAN_POINT('',(-50.1451104520282,-17.2484708309194,-3.75));
#3830=CARTESIAN_POINT('Origin',(-6.22589036160522,-17.2484708309194,-5.55000000000001));
#3831=CARTESIAN_POINT('',(-6.22589036160522,-12.1171812720937,-5.55000000000001));
#3832=CARTESIAN_POINT('Origin',(-17.205695384211,-16.2484708309194,10.95));
#3833=CARTESIAN_POINT('',(-50.1451104520282,-17.2484708309194,11.95));
#3834=CARTESIAN_POINT('',(-50.1451104520282,-15.2484708309194,9.95));
#3835=CARTESIAN_POINT('',(-50.1451104520282,-16.7484708309194,11.45));
#3836=CARTESIAN_POINT('',(-6.22589036160522,-15.2484708309194,9.95));
#3837=CARTESIAN_POINT('',(-17.205695384211,-15.2484708309194,9.95));
#3838=CARTESIAN_POINT('',(-6.22589036160522,-17.2484708309194,11.95));
#3839=CARTESIAN_POINT('',(-6.22589036160522,-15.465648441213,10.1671776102936));
#3840=CARTESIAN_POINT('',(-38.6212154373426,-17.2484708309194,11.95));
#3841=CARTESIAN_POINT('Origin',(-28.1855004068167,-14.6828260515066,9.95));
#3842=CARTESIAN_POINT('',(-50.1451104520282,-12.1171812720937,9.95));
#3843=CARTESIAN_POINT('',(-50.1451104520282,-12.1171812720937,9.95));
#3844=CARTESIAN_POINT('',(-6.22589036160522,-12.1171812720937,9.95));
#3845=CARTESIAN_POINT('',(-6.22589036160522,-12.1171812720937,9.95));
#3846=CARTESIAN_POINT('',(-6.22589036160522,-17.2484708309194,9.95));
#3847=CARTESIAN_POINT('Origin',(-50.1451104520282,-17.2484708309194,11.95));
#3848=CARTESIAN_POINT('',(-50.1451104520282,-12.1171812720937,11.95));
#3849=CARTESIAN_POINT('',(-50.1451104520282,-21.5813550496967,11.95));
#3850=CARTESIAN_POINT('',(-50.1451104520282,-12.1171812720937,11.95));
#3851=CARTESIAN_POINT('Origin',(-50.1451104520282,-12.1171812720937,-5.55000000000001));
#3852=CARTESIAN_POINT('',(-50.1451104520282,-12.1171812720937,-5.55000000000001));
#3853=CARTESIAN_POINT('Origin',(-6.22589036160522,-12.1171812720937,-5.55000000000001));
#3854=CARTESIAN_POINT('Origin',(-6.22589036160522,-12.1171812720937,11.95));
#3855=CARTESIAN_POINT('',(-6.22589036160522,-12.1171812720937,11.95));
#3856=CARTESIAN_POINT('',(-6.22589036160522,-12.1171812720937,11.95));
#3857=CARTESIAN_POINT('',(-6.22589036160522,-19.0157102702839,11.95));
#3858=CARTESIAN_POINT('Origin',(-50.1451104520282,-12.1171812720937,11.95));
#3859=CARTESIAN_POINT('',(-60.5808254825541,-12.1171812720937,11.95));
#3860=CARTESIAN_POINT('Origin',(15.952019304039,2.05676073152599,-4.05));
#3861=CARTESIAN_POINT('',(16.152019304039,12.056760731526,-4.05));
#3862=CARTESIAN_POINT('',(16.152019304039,-25.914239268474,-4.05));
#3863=CARTESIAN_POINT('',(17.452019304039,2.05676073152599,-4.05));
#3864=CARTESIAN_POINT('',(15.952019304039,2.05676073152599,-4.05));
#3865=CARTESIAN_POINT('',(17.452019304039,12.056760731526,-4.05));
#3866=CARTESIAN_POINT('',(17.452019304039,-25.914239268474,-4.05));
#3867=CARTESIAN_POINT('',(-6.16512065024075,12.056760731526,-4.05));
#3868=CARTESIAN_POINT('Origin',(15.952019304039,2.05676073152599,-3.65));
#3869=CARTESIAN_POINT('',(17.452019304039,2.05676073152599,3.3));
#3870=CARTESIAN_POINT('Origin',(15.952019304039,2.05676073152599,10.25));
#3871=CARTESIAN_POINT('',(17.452019304039,2.05676073152599,10.25));
#3872=CARTESIAN_POINT('',(15.952019304039,2.05676073152599,10.25));
#3873=CARTESIAN_POINT('',(17.452019304039,2.05676073152599,9.85));
#3874=CARTESIAN_POINT('',(17.452019304039,2.05676073152599,10.25));
#3875=CARTESIAN_POINT('',(15.952019304039,2.05676073152599,9.85));
#3876=CARTESIAN_POINT('Origin',(15.952019304039,2.05676073152599,9.85));
#3877=CARTESIAN_POINT('',(17.452019304039,12.056760731526,9.85));
#3878=CARTESIAN_POINT('',(17.452019304039,-11.928739268474,9.85));
#3879=CARTESIAN_POINT('',(-6.16512065024075,12.056760731526,9.85));
#3880=CARTESIAN_POINT('Origin',(15.952019304039,12.056760731526,10.25));
#3881=CARTESIAN_POINT('',(16.152019304039,12.056760731526,10.25));
#3882=CARTESIAN_POINT('',(16.152019304039,-25.914239268474,10.25));
#3883=CARTESIAN_POINT('',(17.452019304039,12.056760731526,10.25));
#3884=CARTESIAN_POINT('',(-6.16512065024075,12.056760731526,10.25));
#3885=CARTESIAN_POINT('',(17.452019304039,-25.914239268474,10.25));
#3886=CARTESIAN_POINT('Origin',(17.452019304039,-25.914239268474,10.25));
#3887=CARTESIAN_POINT('',(17.452019304039,12.056760731526,3.3));
#3888=CARTESIAN_POINT('',(17.452019304039,-21.914239268474,10.25));
#3889=CARTESIAN_POINT('',(17.452019304039,-25.914239268474,10.25));
#3890=CARTESIAN_POINT('',(17.452019304039,-21.914239268474,-4.05));
#3891=CARTESIAN_POINT('',(17.452019304039,-21.914239268474,-7.05000000000001));
#3892=CARTESIAN_POINT('',(17.452019304039,-25.914239268474,-4.05));
#3893=CARTESIAN_POINT('Origin',(-28.2822606045205,12.056760731526,3.09999999999999));
#3894=CARTESIAN_POINT('',(14.452019304039,12.056760731526,11.95));
#3895=CARTESIAN_POINT('Origin',(14.452019304039,12.056760731526,10.25));
#3896=CARTESIAN_POINT('',(-49.6494005588002,12.056760731526,11.95));
#3897=CARTESIAN_POINT('',(-49.6494005588002,12.056760731526,11.95));
#3898=CARTESIAN_POINT('',(-71.01654051308,12.056760731526,11.95));
#3899=CARTESIAN_POINT('',(-49.6494005588002,12.056760731526,11.95));
#3900=CARTESIAN_POINT('',(-72.71654051308,12.056760731526,10.25));
#3901=CARTESIAN_POINT('Origin',(-71.01654051308,12.056760731526,10.25));
#3902=CARTESIAN_POINT('',(-74.01654051308,12.056760731526,10.25));
#3903=CARTESIAN_POINT('',(-50.3994005588003,12.056760731526,10.25));
#3904=CARTESIAN_POINT('',(-71.01654051308,12.056760731526,13.25));
#3905=CARTESIAN_POINT('Origin',(-71.01654051308,12.056760731526,10.25));
#3906=CARTESIAN_POINT('',(14.452019304039,12.056760731526,13.25));
#3907=CARTESIAN_POINT('',(14.452019304039,12.056760731526,13.25));
#3908=CARTESIAN_POINT('Origin',(14.452019304039,12.056760731526,10.25));
#3909=CARTESIAN_POINT('Origin',(-28.2822606045205,12.056760731526,3.09999999999999));
#3910=CARTESIAN_POINT('Origin',(-72.51654051308,2.05676073152599,10.25));
#3911=CARTESIAN_POINT('',(-72.71654051308,-25.914239268474,10.25));
#3912=CARTESIAN_POINT('',(-74.01654051308,2.05676073152599,10.25));
#3913=CARTESIAN_POINT('',(-72.51654051308,2.05676073152599,10.25));
#3914=CARTESIAN_POINT('',(-74.01654051308,-25.914239268474,10.25));
#3915=CARTESIAN_POINT('Origin',(-72.51654051308,2.05676073152599,9.84999999999996));
#3916=CARTESIAN_POINT('',(-74.01654051308,2.05676073152599,2.89999999999998));
#3917=CARTESIAN_POINT('Origin',(-72.51654051308,2.056760731526,-4.05000000000005));
#3918=CARTESIAN_POINT('',(-74.01654051308,2.056760731526,-4.05000000000005));
#3919=CARTESIAN_POINT('',(-72.51654051308,2.056760731526,-4.05000000000005));
#3920=CARTESIAN_POINT('',(-74.01654051308,2.056760731526,-3.65000000000005));
#3921=CARTESIAN_POINT('',(-74.01654051308,2.056760731526,-4.05000000000002));
#3922=CARTESIAN_POINT('',(-72.51654051308,2.056760731526,-3.65000000000005));
#3923=CARTESIAN_POINT('Origin',(-72.51654051308,2.056760731526,-3.65000000000005));
#3924=CARTESIAN_POINT('',(-74.01654051308,12.056760731526,-3.65000000000005));
#3925=CARTESIAN_POINT('',(-74.01654051308,-11.928739268474,-3.65000000000005));
#3926=CARTESIAN_POINT('',(-50.3994005588003,12.056760731526,-3.65000000000005));
#3927=CARTESIAN_POINT('Origin',(-72.51654051308,12.056760731526,-4.05000000000005));
#3928=CARTESIAN_POINT('',(-72.71654051308,12.056760731526,-4.05));
#3929=CARTESIAN_POINT('',(-72.71654051308,-25.914239268474,-4.05));
#3930=CARTESIAN_POINT('',(-74.01654051308,12.056760731526,-4.05));
#3931=CARTESIAN_POINT('',(-50.3994005588003,12.056760731526,-4.05000000000005));
#3932=CARTESIAN_POINT('',(-74.01654051308,-25.914239268474,-4.05));
#3933=CARTESIAN_POINT('Origin',(-74.01654051308,-25.914239268474,-4.05));
#3934=CARTESIAN_POINT('',(-74.01654051308,12.056760731526,2.89999999999998));
#3935=CARTESIAN_POINT('',(-74.01654051308,-21.914239268474,-4.05));
#3936=CARTESIAN_POINT('',(-74.01654051308,-25.914239268474,-4.05));
#3937=CARTESIAN_POINT('',(-74.01654051308,-21.914239268474,10.25));
#3938=CARTESIAN_POINT('',(-74.01654051308,-21.914239268474,-7.05000000000001));
#3939=CARTESIAN_POINT('',(-74.01654051308,-25.914239268474,10.25));
#3940=CARTESIAN_POINT('Origin',(-28.2822606045205,12.056760731526,3.09999999999999));
#3941=CARTESIAN_POINT('Origin',(-71.01654051308,12.056760731526,-4.05));
#3942=CARTESIAN_POINT('',(-57.7196651542724,12.056760731526,-7.05000000000001));
#3943=CARTESIAN_POINT('',(-57.7196651542724,12.056760731526,-7.05000000000001));
#3944=CARTESIAN_POINT('',(-71.01654051308,12.056760731526,-7.05000000000001));
#3945=CARTESIAN_POINT('',(-71.01654051308,12.056760731526,-7.05000000000001));
#3946=CARTESIAN_POINT('Origin',(-71.01654051308,12.056760731526,-4.05));
#3947=CARTESIAN_POINT('Origin',(-28.2822606045205,12.056760731526,3.09999999999999));
#3948=CARTESIAN_POINT('Origin',(1.23532665390573,7.05676073152599,-7.05000000000001));
#3949=CARTESIAN_POINT('',(1.23532665390573,12.056760731526,-7.05000000000001));
#3950=CARTESIAN_POINT('',(1.23532665390573,12.056760731526,-7.05000000000001));
#3951=CARTESIAN_POINT('',(-3.76467334609427,7.05676073152599,-7.05000000000001));
#3952=CARTESIAN_POINT('Origin',(1.23532665390573,7.05676073152599,-7.05));
#3953=CARTESIAN_POINT('',(-3.76467334609427,7.05676073152599,-7.05000000000001));
#3954=CARTESIAN_POINT('Origin',(-28.2822606045205,12.056760731526,3.09999999999999));
#3955=CARTESIAN_POINT('',(14.452019304039,12.056760731526,-7.05));
#3956=CARTESIAN_POINT('Origin',(14.452019304039,12.056760731526,-4.05));
#3957=CARTESIAN_POINT('',(-71.01654051308,12.056760731526,-7.05000000000001));
#3958=CARTESIAN_POINT('Origin',(14.452019304039,12.056760731526,-4.05));
#3959=CARTESIAN_POINT('Ctrl Pts',(16.152019304039,-21.914239268474,10.25));
#3960=CARTESIAN_POINT('Ctrl Pts',(16.152019304039,-21.9161978161403,10.2523543339753));
#3961=CARTESIAN_POINT('Ctrl Pts',(16.1520173688448,-21.9181581753184,10.254717689138));
#3962=CARTESIAN_POINT('Ctrl Pts',(16.1487417809253,-22.3751788187928,10.8018223783165));
#3963=CARTESIAN_POINT('Ctrl Pts',(15.8882327222564,-22.8461128434464,11.3837927117217));
#3964=CARTESIAN_POINT('Ctrl Pts',(15.3020193038533,-23.2371149241302,11.7222431865408));
#3965=CARTESIAN_POINT('Ctrl Pts',(16.152019304039,-21.914239268474,10.25));
#3966=CARTESIAN_POINT('Ctrl Pts',(16.1517547952647,-21.9164413847431,10.2519811462368));
#3967=CARTESIAN_POINT('Ctrl Pts',(16.1522705149611,-21.918600454903,10.2541187913636));
#3968=CARTESIAN_POINT('Ctrl Pts',(16.1426270556893,-22.4296891211387,10.7245912716773));
#3969=CARTESIAN_POINT('Ctrl Pts',(15.9822187172851,-22.952557711099,11.2332064424035));
#3970=CARTESIAN_POINT('Ctrl Pts',(15.4699920910214,-23.4346323560779,11.625264052681));
#3971=CARTESIAN_POINT('Ctrl Pts',(16.152019304039,-21.914239268474,10.25));
#3972=CARTESIAN_POINT('Ctrl Pts',(16.1517837614163,-21.916657443837,10.2516653135471));
#3973=CARTESIAN_POINT('Ctrl Pts',(16.1522425640965,-21.919070224856,10.2534613943678));
#3974=CARTESIAN_POINT('Ctrl Pts',(16.1438046934176,-22.4827820317739,10.6501835352837));
#3975=CARTESIAN_POINT('Ctrl Pts',(15.9966241402837,-23.0634932657888,11.0712833924073));
#3976=CARTESIAN_POINT('Ctrl Pts',(15.5423420544501,-23.626052366651,11.3746364275489));
#3977=CARTESIAN_POINT('Ctrl Pts',(16.152019304039,-21.914239268474,10.25));
#3978=CARTESIAN_POINT('Ctrl Pts',(16.152019304039,-21.916883307825,10.2513849023395));
#3979=CARTESIAN_POINT('Ctrl Pts',(16.1520177672671,-21.919529792714,10.2527751112576));
#3980=CARTESIAN_POINT('Ctrl Pts',(16.149416565096,-22.5365076614041,10.5746013990091));
#3981=CARTESIAN_POINT('Ctrl Pts',(15.9425417243881,-23.1722685946868,10.9169368892481));
#3982=CARTESIAN_POINT('Ctrl Pts',(15.4770193038915,-23.7001214036098,11.1160254038475));
#3983=CARTESIAN_POINT('',(15.3020193039462,-23.2371149241302,11.7222431864871));
#3984=CARTESIAN_POINT('',(15.4770193038915,-23.7001214036098,11.1160254038475));
#3985=CARTESIAN_POINT('Ctrl Pts',(15.3020193038533,-23.2371149241302,11.7222431865408));
#3986=CARTESIAN_POINT('Ctrl Pts',(15.4699920910214,-23.4346323560779,11.625264052681));
#3987=CARTESIAN_POINT('Ctrl Pts',(15.5423420544501,-23.626052366651,11.3746364275489));
#3988=CARTESIAN_POINT('Ctrl Pts',(15.4770193038915,-23.7001214036098,11.1160254038475));
#3989=CARTESIAN_POINT('Ctrl Pts',(16.152019304039,-21.914239268474,10.25));
#3990=CARTESIAN_POINT('Ctrl Pts',(16.152019304039,-21.9161978161403,10.2523543339753));
#3991=CARTESIAN_POINT('Ctrl Pts',(16.1520173688448,-21.9181581753184,10.254717689138));
#3992=CARTESIAN_POINT('Ctrl Pts',(16.1487417809253,-22.3751788187928,10.8018223783165));
#3993=CARTESIAN_POINT('Ctrl Pts',(15.8882327222564,-22.8461128434464,11.3837927117217));
#3994=CARTESIAN_POINT('Ctrl Pts',(15.3020193038533,-23.2371149241302,11.7222431865408));
#3995=CARTESIAN_POINT('Ctrl Pts',(15.4770193038915,-23.7001214036098,11.1160254038475));
#3996=CARTESIAN_POINT('Ctrl Pts',(15.9425417243881,-23.1722685946868,10.9169368892481));
#3997=CARTESIAN_POINT('Ctrl Pts',(16.149416565096,-22.5365076614041,10.5746013990091));
#3998=CARTESIAN_POINT('Ctrl Pts',(16.1520177672671,-21.919529792714,10.2527751112576));
#3999=CARTESIAN_POINT('Ctrl Pts',(16.152019304039,-21.916883307825,10.2513849023395));
#4000=CARTESIAN_POINT('Ctrl Pts',(16.152019304039,-21.914239268474,10.25));
#4001=CARTESIAN_POINT('Ctrl Pts',(15.3020193038926,-23.2371149241056,11.7222431865185));
#4002=CARTESIAN_POINT('Ctrl Pts',(15.0687171929562,-23.392726528785,11.8569402230397));
#4003=CARTESIAN_POINT('Ctrl Pts',(14.7789991590916,-23.535241895258,11.9500000000004));
#4004=CARTESIAN_POINT('Ctrl Pts',(14.4520193040394,-23.6462900760428,11.9500000000005));
#4005=CARTESIAN_POINT('Ctrl Pts',(15.3980037537001,-23.3499820280723,11.6668265385967));
#4006=CARTESIAN_POINT('Ctrl Pts',(15.1798817291308,-23.5263033730768,11.8134923914943));
#4007=CARTESIAN_POINT('Ctrl Pts',(14.8978280514213,-23.6935970039735,11.9292424224567));
#4008=CARTESIAN_POINT('Ctrl Pts',(14.556739059159,-23.8276700124662,11.9500000000005));
#4009=CARTESIAN_POINT('Ctrl Pts',(15.5165738498208,-23.5468025734026,11.4856480919326));
#4010=CARTESIAN_POINT('Ctrl Pts',(15.3248676300471,-23.7585523442946,11.6226616695356));
#4011=CARTESIAN_POINT('Ctrl Pts',(15.0690590650456,-23.9694566515573,11.7421637191067));
#4012=CARTESIAN_POINT('Ctrl Pts',(14.7380163088458,-24.14165141918,11.7741712852601));
#4013=CARTESIAN_POINT('Ctrl Pts',(15.5050147684466,-23.6683775305931,11.2268586997041));
#4014=CARTESIAN_POINT('Ctrl Pts',(15.3205089342326,-23.8843510010016,11.3233728194775));
#4015=CARTESIAN_POINT('Ctrl Pts',(15.0842609961598,-24.0893551006491,11.3975459040495));
#4016=CARTESIAN_POINT('Ctrl Pts',(14.8020193040393,-24.2525078586918,11.40707963268));
#4017=CARTESIAN_POINT('Ctrl Pts',(15.4770193039215,-23.7001214035765,11.1160254038351));
#4018=CARTESIAN_POINT('Ctrl Pts',(15.291749980703,-23.9101970698938,11.1952589546563));
#4019=CARTESIAN_POINT('Ctrl Pts',(15.0616797771691,-24.1025928146324,11.2500000000005));
#4020=CARTESIAN_POINT('Ctrl Pts',(14.8020193040392,-24.2525078586919,11.2500000000005));
#4021=CARTESIAN_POINT('',(14.4520193040392,-23.6462900760428,11.9500000000005));
#4022=CARTESIAN_POINT('',(14.8020193040392,-24.2525078586919,11.2500000000005));
#4023=CARTESIAN_POINT('Origin',(14.4520193040392,-23.6462900760428,11.2500000000005));
#4024=CARTESIAN_POINT('Ctrl Pts',(15.3020193038926,-23.2371149241056,11.7222431865185));
#4025=CARTESIAN_POINT('Ctrl Pts',(15.0687171929562,-23.392726528785,11.8569402230397));
#4026=CARTESIAN_POINT('Ctrl Pts',(14.7789991590916,-23.535241895258,11.9500000000004));
#4027=CARTESIAN_POINT('Ctrl Pts',(14.4520193040394,-23.6462900760428,11.9500000000005));
#4028=CARTESIAN_POINT('Ctrl Pts',(14.8020193040392,-24.2525078586919,11.2500000000005));
#4029=CARTESIAN_POINT('Ctrl Pts',(15.0616797771691,-24.1025928146324,11.2500000000005));
#4030=CARTESIAN_POINT('Ctrl Pts',(15.291749980703,-23.9101970698938,11.1952589546563));
#4031=CARTESIAN_POINT('Ctrl Pts',(15.4770193039215,-23.7001214035765,11.1160254038351));
#4032=CARTESIAN_POINT('Origin',(13.452019304039,-21.914239268474,11.25));
#4033=CARTESIAN_POINT('',(13.452019304039,-23.914239268474,11.95));
#4034=CARTESIAN_POINT('',(13.452019304039,-24.614239268474,11.25));
#4035=CARTESIAN_POINT('Origin',(13.452019304039,-23.914239268474,11.25));
#4036=CARTESIAN_POINT('Origin',(13.452019304039,-21.914239268474,11.95));
#4037=CARTESIAN_POINT('Origin',(13.452019304039,-21.914239268474,11.25));
#4038=CARTESIAN_POINT('Origin',(-49.6494005588002,-23.914239268474,11.25));
#4039=CARTESIAN_POINT('',(-70.01654051308,-23.914239268474,11.95));
#4040=CARTESIAN_POINT('',(-70.01654051308,-24.614239268474,11.25));
#4041=CARTESIAN_POINT('Origin',(-70.01654051308,-23.914239268474,11.25));
#4042=CARTESIAN_POINT('',(-49.6494005588002,-23.914239268474,11.95));
#4043=CARTESIAN_POINT('',(-49.6494005588002,-24.614239268474,11.25));
#4044=CARTESIAN_POINT('',(-66.8645671871684,-24.4041372170306,11.75));
#4045=CARTESIAN_POINT('',(10.3000459781274,-24.4041372170306,11.75));
#4046=CARTESIAN_POINT('',(-49.6494005588002,-24.4041372170306,11.75));
#4047=CARTESIAN_POINT('',(-66.51654051308,-24.414239268474,11.7398979485566));
#4048=CARTESIAN_POINT('Ctrl Pts',(-66.51654051308,-24.414239268474,11.7398979485566));
#4049=CARTESIAN_POINT('Ctrl Pts',(-66.6311150320372,-24.414239268474,11.7398979485566));
#4050=CARTESIAN_POINT('Ctrl Pts',(-66.7473612043017,-24.4109471508143,11.7433276548192));
#4051=CARTESIAN_POINT('Ctrl Pts',(-66.8645671871684,-24.4041372170306,11.75));
#4052=CARTESIAN_POINT('',(9.95201930403899,-24.414239268474,11.7398979485566));
#4053=CARTESIAN_POINT('',(-49.6494005588002,-24.414239268474,11.7398979485566));
#4054=CARTESIAN_POINT('Ctrl Pts',(10.3000459781274,-24.4041372170306,11.75));
#4055=CARTESIAN_POINT('Ctrl Pts',(10.1828399952607,-24.4109471508143,11.7433276548192));
#4056=CARTESIAN_POINT('Ctrl Pts',(10.0665938229962,-24.414239268474,11.7398979485566));
#4057=CARTESIAN_POINT('Ctrl Pts',(9.95201930403899,-24.414239268474,11.7398979485566));
#4058=CARTESIAN_POINT('Origin',(-70.01654051308,-21.914239268474,11.25));
#4059=CARTESIAN_POINT('',(-71.0165405130801,-23.6462900760428,11.9500000000005));
#4060=CARTESIAN_POINT('',(-71.3665405130802,-24.2525078586919,11.25));
#4061=CARTESIAN_POINT('Origin',(-71.0165405130801,-23.6462900760428,11.25));
#4062=CARTESIAN_POINT('Origin',(-70.01654051308,-21.914239268474,11.95));
#4063=CARTESIAN_POINT('Origin',(-70.01654051308,-21.914239268474,11.25));
#4064=CARTESIAN_POINT('Ctrl Pts',(-71.0165405130802,-23.6462900760428,11.9500000000005));
#4065=CARTESIAN_POINT('Ctrl Pts',(-71.3435198368129,-23.5352420757035,11.9500000000005));
#4066=CARTESIAN_POINT('Ctrl Pts',(-71.6332387804131,-23.3927262758336,11.8569400045926));
#4067=CARTESIAN_POINT('Ctrl Pts',(-71.8665405130775,-23.2371149240064,11.7222431864356));
#4068=CARTESIAN_POINT('Ctrl Pts',(-71.1212602681999,-23.8276700124662,11.9500000000005));
#4069=CARTESIAN_POINT('Ctrl Pts',(-71.4623487062162,-23.6935972218328,11.9292424561864));
#4070=CARTESIAN_POINT('Ctrl Pts',(-71.7444032921121,-23.5263030865085,11.8134921536554));
#4071=CARTESIAN_POINT('Ctrl Pts',(-71.9625249628754,-23.3499820279602,11.6668265385065));
#4072=CARTESIAN_POINT('Ctrl Pts',(-71.30250333371,-24.1415922104491,11.7741143049357));
#4073=CARTESIAN_POINT('Ctrl Pts',(-71.6335455519881,-23.969397722631,11.7421067907925));
#4074=CARTESIAN_POINT('Ctrl Pts',(-71.8893659508681,-23.7585387701522,11.6226472477336));
#4075=CARTESIAN_POINT('Ctrl Pts',(-72.0810718593852,-23.5467893432057,11.4856338923003));
#4076=CARTESIAN_POINT('Ctrl Pts',(-71.3665405130803,-24.2525078586918,11.40707963268));
#4077=CARTESIAN_POINT('Ctrl Pts',(-71.6487817465775,-24.0893553657612,11.3975459195412));
#4078=CARTESIAN_POINT('Ctrl Pts',(-71.8850304431596,-23.8843506499924,11.3233726627372));
#4079=CARTESIAN_POINT('Ctrl Pts',(-72.0695359776001,-23.6683775304563,11.2268586996454));
#4080=CARTESIAN_POINT('Ctrl Pts',(-71.3665405130803,-24.2525078586918,11.2500000000005));
#4081=CARTESIAN_POINT('Ctrl Pts',(-71.6262005642797,-24.102593058234,11.2500000000005));
#4082=CARTESIAN_POINT('Ctrl Pts',(-71.8562714909237,-23.9101967284104,11.1952588258698));
#4083=CARTESIAN_POINT('Ctrl Pts',(-72.0415405130754,-23.7001214034434,11.1160254037874));
#4084=CARTESIAN_POINT('',(-71.8665405130822,-23.2371149240064,11.7222431864329));
#4085=CARTESIAN_POINT('',(-72.0415405130776,-23.7001214034453,11.1160254037874));
#4086=CARTESIAN_POINT('Ctrl Pts',(-71.8665405130775,-23.2371149240064,11.7222431864356));
#4087=CARTESIAN_POINT('Ctrl Pts',(-71.9625249628754,-23.3499820279602,11.6668265385065));
#4088=CARTESIAN_POINT('Ctrl Pts',(-72.0810718593852,-23.5467893432057,11.4856338923003));
#4089=CARTESIAN_POINT('Ctrl Pts',(-72.0695359776001,-23.6683775304563,11.2268586996454));
#4090=CARTESIAN_POINT('Ctrl Pts',(-72.0415405130754,-23.7001214034434,11.1160254037874));
#4091=CARTESIAN_POINT('Ctrl Pts',(-71.0165405130802,-23.6462900760428,11.9500000000005));
#4092=CARTESIAN_POINT('Ctrl Pts',(-71.3435198368129,-23.5352420757035,11.9500000000005));
#4093=CARTESIAN_POINT('Ctrl Pts',(-71.6332387804131,-23.3927262758336,11.8569400045926));
#4094=CARTESIAN_POINT('Ctrl Pts',(-71.8665405130775,-23.2371149240064,11.7222431864356));
#4095=CARTESIAN_POINT('Ctrl Pts',(-72.0415405130754,-23.7001214034434,11.1160254037874));
#4096=CARTESIAN_POINT('Ctrl Pts',(-71.8562714909237,-23.9101967284104,11.1952588258698));
#4097=CARTESIAN_POINT('Ctrl Pts',(-71.6262005642797,-24.102593058234,11.2500000000005));
#4098=CARTESIAN_POINT('Ctrl Pts',(-71.3665405130803,-24.2525078586918,11.2500000000005));
#4099=CARTESIAN_POINT('Ctrl Pts',(-71.8665405130783,-23.2371149240075,11.7222431864345));
#4100=CARTESIAN_POINT('Ctrl Pts',(-72.4527539620799,-22.8461128228502,11.3837926938518));
#4101=CARTESIAN_POINT('Ctrl Pts',(-72.7135041472278,-22.3755087180611,10.8029890774497));
#4102=CARTESIAN_POINT('Ctrl Pts',(-72.7165378557986,-21.9181571130405,10.254714078745));
#4103=CARTESIAN_POINT('Ctrl Pts',(-72.71654051308,-21.9161977897015,10.2523543021843));
#4104=CARTESIAN_POINT('Ctrl Pts',(-72.71654051308,-21.914239268474,10.25));
#4105=CARTESIAN_POINT('Ctrl Pts',(-71.950526906652,-23.3358736399671,11.6737536194966));
#4106=CARTESIAN_POINT('Ctrl Pts',(-72.5035315462622,-22.8994921775637,11.3091811524464));
#4107=CARTESIAN_POINT('Ctrl Pts',(-72.71242956566,-22.4025086300609,10.7646098429261));
#4108=CARTESIAN_POINT('Ctrl Pts',(-72.7165427204627,-21.918385376027,10.2543918604031));
#4109=CARTESIAN_POINT('Ctrl Pts',(-72.71654051308,-21.9163120367728,10.2521927324263));
#4110=CARTESIAN_POINT('Ctrl Pts',(-72.71654051308,-21.914239268474,10.25));
#4111=CARTESIAN_POINT('Ctrl Pts',(-72.0758218073846,-23.5330587675407,11.5035068507698));
#4112=CARTESIAN_POINT('Ctrl Pts',(-72.5617647273152,-23.0068216945618,11.1528013178289));
#4113=CARTESIAN_POINT('Ctrl Pts',(-72.711686055572,-22.4564903257158,10.6888796629852));
#4114=CARTESIAN_POINT('Ctrl Pts',(-72.7165470056739,-21.9188419602174,10.2537443282709));
#4115=CARTESIAN_POINT('Ctrl Pts',(-72.71654051308,-21.9165405309153,10.2518695929103));
#4116=CARTESIAN_POINT('Ctrl Pts',(-72.71654051308,-21.914239268474,10.25));
#4117=CARTESIAN_POINT('Ctrl Pts',(-72.0742018883573,-23.6630868849594,11.2453309156198));
#4118=CARTESIAN_POINT('Ctrl Pts',(-72.537229461766,-23.1176965334247,10.9953239937996));
#4119=CARTESIAN_POINT('Ctrl Pts',(-72.7130526872802,-22.5100025548767,10.6131578058799));
#4120=CARTESIAN_POINT('Ctrl Pts',(-72.7165424609915,-21.9192999473438,10.2530967477765));
#4121=CARTESIAN_POINT('Ctrl Pts',(-72.71654051308,-21.9167690250578,10.2515464533943));
#4122=CARTESIAN_POINT('Ctrl Pts',(-72.71654051308,-21.914239268474,10.25));
#4123=CARTESIAN_POINT('Ctrl Pts',(-72.0415405130786,-23.7001214034442,11.116025403785));
#4124=CARTESIAN_POINT('Ctrl Pts',(-72.5070629578741,-23.1722685668818,10.9169368787363));
#4125=CARTESIAN_POINT('Ctrl Pts',(-72.7141292813743,-22.5369530254153,10.5752876926166));
#4126=CARTESIAN_POINT('Ctrl Pts',(-72.7165384028859,-21.9195283586387,10.252772987497));
#4127=CARTESIAN_POINT('Ctrl Pts',(-72.71654051308,-21.916883272129,10.2513848836363));
#4128=CARTESIAN_POINT('Ctrl Pts',(-72.71654051308,-21.914239268474,10.25));
#4129=CARTESIAN_POINT('Ctrl Pts',(-71.8665405130783,-23.2371149240075,11.7222431864345));
#4130=CARTESIAN_POINT('Ctrl Pts',(-72.4527539620799,-22.8461128228502,11.3837926938518));
#4131=CARTESIAN_POINT('Ctrl Pts',(-72.7135041472278,-22.3755087180611,10.8029890774497));
#4132=CARTESIAN_POINT('Ctrl Pts',(-72.7165378557986,-21.9181571130405,10.254714078745));
#4133=CARTESIAN_POINT('Ctrl Pts',(-72.71654051308,-21.9161977897015,10.2523543021843));
#4134=CARTESIAN_POINT('Ctrl Pts',(-72.71654051308,-21.914239268474,10.25));
#4135=CARTESIAN_POINT('Ctrl Pts',(-72.71654051308,-21.914239268474,10.25));
#4136=CARTESIAN_POINT('Ctrl Pts',(-72.71654051308,-21.916883272129,10.2513848836363));
#4137=CARTESIAN_POINT('Ctrl Pts',(-72.7165384028859,-21.9195283586387,10.252772987497));
#4138=CARTESIAN_POINT('Ctrl Pts',(-72.7141292813743,-22.5369530254153,10.5752876926166));
#4139=CARTESIAN_POINT('Ctrl Pts',(-72.5070629578741,-23.1722685668818,10.9169368787363));
#4140=CARTESIAN_POINT('Ctrl Pts',(-72.0415405130786,-23.7001214034442,11.116025403785));
#4141=CARTESIAN_POINT('Ctrl Pts',(-71.86654051308,-18.414239268474,11.7222431864341));
#4142=CARTESIAN_POINT('Ctrl Pts',(-71.86654051308,-23.6462900760428,11.7222431864342));
#4143=CARTESIAN_POINT('Ctrl Pts',(-71.8418918427984,-18.414239268474,11.7364741028563));
#4144=CARTESIAN_POINT('Ctrl Pts',(-71.8418918427984,-23.6462900760428,11.7364741028564));
#4145=CARTESIAN_POINT('Ctrl Pts',(-71.7542177832538,-18.414239268474,11.7936703679479));
#4146=CARTESIAN_POINT('Ctrl Pts',(-71.7542177832538,-23.6462900760428,11.7936703679479));
#4147=CARTESIAN_POINT('Ctrl Pts',(-71.5722190061581,-18.414239268474,11.856618004484));
#4148=CARTESIAN_POINT('Ctrl Pts',(-71.5722190061581,-23.6462900760428,11.856618004484));
#4149=CARTESIAN_POINT('Ctrl Pts',(-71.4301426582069,-18.414239268474,11.9057577319806));
#4150=CARTESIAN_POINT('Ctrl Pts',(-71.4301426582069,-23.6462900760428,11.9057577319807));
#4151=CARTESIAN_POINT('Ctrl Pts',(-71.238915354747,-18.414239268474,11.9500000000005));
#4152=CARTESIAN_POINT('Ctrl Pts',(-71.238915354747,-23.6462900760428,11.9500000000005));
#4153=CARTESIAN_POINT('Ctrl Pts',(-71.0165405130801,-18.414239268474,11.9500000000005));
#4154=CARTESIAN_POINT('Ctrl Pts',(-71.0165405130802,-23.6462900760428,11.9500000000005));
#4155=CARTESIAN_POINT('',(-71.86654051308,-18.414239268474,11.7222431864335));
#4156=CARTESIAN_POINT('',(-71.86654051308,-7.914239268474,11.7222431864335));
#4157=CARTESIAN_POINT('',(-71.01654051308,-22.3828662350709,11.95));
#4158=CARTESIAN_POINT('Ctrl Pts',(-71.86654051308,-18.414239268474,11.7222431864335));
#4159=CARTESIAN_POINT('Ctrl Pts',(-71.86654051308,-19.6643676147189,11.7222431864335));
#4160=CARTESIAN_POINT('Ctrl Pts',(-71.6168184927479,-21.0082471228907,11.8998400664283));
#4161=CARTESIAN_POINT('Ctrl Pts',(-71.180331673126,-22.0288021746065,11.9420911488128));
#4162=CARTESIAN_POINT('Ctrl Pts',(-71.1279294481829,-22.1513244432816,11.9471635831308));
#4163=CARTESIAN_POINT('Ctrl Pts',(-71.0732042447518,-22.2694827660587,11.95));
#4164=CARTESIAN_POINT('Ctrl Pts',(-71.01654051308,-22.3828662350709,11.95));
#4165=CARTESIAN_POINT('',(-71.01654051308,12.056760731526,11.95));
#4166=CARTESIAN_POINT('Origin',(-71.01654051308,-25.914239268474,11.95));
#4167=CARTESIAN_POINT('',(14.452019304039,-22.3828662350709,11.95));
#4168=CARTESIAN_POINT('',(14.452019304039,-25.914239268474,11.95));
#4169=CARTESIAN_POINT('',(14.452019304039,12.056760731526,11.95));
#4170=CARTESIAN_POINT('',(-71.01654051308,-25.914239268474,11.95));
#4171=CARTESIAN_POINT('Ctrl Pts',(14.4520193040389,-18.414239268474,11.9500000000005));
#4172=CARTESIAN_POINT('Ctrl Pts',(14.4520193040388,-23.6462900760428,11.9500000000005));
#4173=CARTESIAN_POINT('Ctrl Pts',(14.8064980963056,-18.414239268474,11.9500000000005));
#4174=CARTESIAN_POINT('Ctrl Pts',(14.8064980963055,-23.6462900760428,11.9500000000005));
#4175=CARTESIAN_POINT('Ctrl Pts',(15.077634439131,-18.414239268474,11.8372323285317));
#4176=CARTESIAN_POINT('Ctrl Pts',(15.077634439131,-23.6462900760428,11.8372323285318));
#4177=CARTESIAN_POINT('Ctrl Pts',(15.2065633489051,-18.414239268474,11.7733723393702));
#4178=CARTESIAN_POINT('Ctrl Pts',(15.206563348905,-23.6462900760428,11.7733723393703));
#4179=CARTESIAN_POINT('Ctrl Pts',(15.2621230738579,-18.414239268474,11.7458529611367));
#4180=CARTESIAN_POINT('Ctrl Pts',(15.2621230738579,-23.6462900760428,11.7458529611368));
#4181=CARTESIAN_POINT('Ctrl Pts',(15.2888014426471,-18.414239268474,11.7298745222666));
#4182=CARTESIAN_POINT('Ctrl Pts',(15.2888014426471,-23.6462900760428,11.7298745222667));
#4183=CARTESIAN_POINT('Ctrl Pts',(15.3020193040391,-18.414239268474,11.7222431864339));
#4184=CARTESIAN_POINT('Ctrl Pts',(15.302019304039,-23.6462900760428,11.722243186434));
#4185=CARTESIAN_POINT('',(15.302019304039,-18.414239268474,11.7222431864335));
#4186=CARTESIAN_POINT('Ctrl Pts',(14.452019304039,-22.3828662350709,11.9500000000005));
#4187=CARTESIAN_POINT('Ctrl Pts',(14.7044787964152,-21.8776977227597,11.9500000000005));
#4188=CARTESIAN_POINT('Ctrl Pts',(14.9146637965927,-21.2752412401675,11.8928014659198));
#4189=CARTESIAN_POINT('Ctrl Pts',(15.0613122009418,-20.62577418398,11.8368081159683));
#4190=CARTESIAN_POINT('Ctrl Pts',(15.0898786293049,-20.4992610165365,11.8259008713427));
#4191=CARTESIAN_POINT('Ctrl Pts',(15.1161933626018,-20.3709853922916,11.8149754825241));
#4192=CARTESIAN_POINT('Ctrl Pts',(15.1399587699366,-20.2413949502894,11.8045067426945));
#4193=CARTESIAN_POINT('Ctrl Pts',(15.1586825183697,-20.1392961812175,11.7962588701367));
#4194=CARTESIAN_POINT('Ctrl Pts',(15.1758245836472,-20.0363812797242,11.7882952925236));
#4195=CARTESIAN_POINT('Ctrl Pts',(15.1912621887486,-19.9328691583115,11.7808507703855));
#4196=CARTESIAN_POINT('Ctrl Pts',(15.1963680992823,-19.8986330428251,11.7783885319907));
#4197=CARTESIAN_POINT('Ctrl Pts',(15.2015010026689,-19.8643318718027,11.7758797783639));
#4198=CARTESIAN_POINT('Ctrl Pts',(15.2065633489051,-19.8299758637379,11.7733723393703));
#4199=CARTESIAN_POINT('Ctrl Pts',(15.2128590797103,-19.7872493949765,11.7702539906485));
#4200=CARTESIAN_POINT('Ctrl Pts',(15.2190114167649,-19.7444381131745,11.7671706585974));
#4201=CARTESIAN_POINT('Ctrl Pts',(15.2248913474374,-19.7015616731844,11.7641880081667));
#4202=CARTESIAN_POINT('Ctrl Pts',(15.2308425069282,-19.6581658328255,11.7611692262443));
#4203=CARTESIAN_POINT('Ctrl Pts',(15.2365146762484,-19.6147032460789,11.7582536508442));
#4204=CARTESIAN_POINT('Ctrl Pts',(15.2418244019288,-19.571194290775,11.755489995683));
#4205=CARTESIAN_POINT('Ctrl Pts',(15.2473173392088,-19.5261840629419,11.7526309808528));
#4206=CARTESIAN_POINT('Ctrl Pts',(15.252422622722,-19.4811242114598,11.749934585438));
#4207=CARTESIAN_POINT('Ctrl Pts',(15.2570994452161,-19.4360372971868,11.747433193838));
#4208=CARTESIAN_POINT('Ctrl Pts',(15.2622757929847,-19.3861347087566,11.7446646318831));
#4209=CARTESIAN_POINT('Ctrl Pts',(15.2669274204318,-19.336198967718,11.7421351257661));
#4210=CARTESIAN_POINT('Ctrl Pts',(15.2710591144629,-19.2862606636352,11.739860476429));
#4211=CARTESIAN_POINT('Ctrl Pts',(15.275709431383,-19.2300539506762,11.7373003061404));
#4212=CARTESIAN_POINT('Ctrl Pts',(15.2797021361357,-19.1738439908472,11.7350629469519));
#4213=CARTESIAN_POINT('Ctrl Pts',(15.2831076566853,-19.1176743992091,11.7331353315654));
#4214=CARTESIAN_POINT('Ctrl Pts',(15.2879828868962,-19.0372638757383,11.7303758213438));
#4215=CARTESIAN_POINT('Ctrl Pts',(15.2916591818564,-18.9569360821739,11.7282513081765));
#4216=CARTESIAN_POINT('Ctrl Pts',(15.2944331611436,-18.8768189776674,11.7266441732886));
#4217=CARTESIAN_POINT('Ctrl Pts',(15.2965484360308,-18.8157263444309,11.7254186659158));
#4218=CARTESIAN_POINT('Ctrl Pts',(15.2981423993992,-18.7547562205288,11.7244910099771));
#4219=CARTESIAN_POINT('Ctrl Pts',(15.2993240196301,-18.6939653424101,11.723804846667));
#4220=CARTESIAN_POINT('Ctrl Pts',(15.3003062421683,-18.6434328878672,11.7232344729967));
#4221=CARTESIAN_POINT('Ctrl Pts',(15.3010037667466,-18.5930242881414,11.7228303361339));
#4222=CARTESIAN_POINT('Ctrl Pts',(15.3014470836626,-18.5427721312608,11.7225738909775));
#4223=CARTESIAN_POINT('Ctrl Pts',(15.3018261182641,-18.4998066914701,11.7223546311565));
#4224=CARTESIAN_POINT('Ctrl Pts',(15.3020193040391,-18.4569556144886,11.7222431864339));
#4225=CARTESIAN_POINT('Ctrl Pts',(15.3020193040391,-18.414239268474,11.7222431864339));
#4226=CARTESIAN_POINT('',(15.302019304039,-7.914239268474,11.7222431864335));
#4227=CARTESIAN_POINT('Origin',(14.452019304039,-25.914239268474,10.25));
#4228=CARTESIAN_POINT('Ctrl Pts',(-72.71654051308,-21.914239268474,-4.05));
#4229=CARTESIAN_POINT('Ctrl Pts',(-72.71654051308,-21.9162192677398,-4.05238012055203));
#4230=CARTESIAN_POINT('Ctrl Pts',(-72.7165384722592,-21.9182010978892,-4.05476928631308));
#4231=CARTESIAN_POINT('Ctrl Pts',(-72.7132478263921,-22.375224261389,-4.60190193338114));
#4232=CARTESIAN_POINT('Ctrl Pts',(-72.4527289634767,-22.8461294968866,-5.18380712690046));
#4233=CARTESIAN_POINT('Ctrl Pts',(-71.866540512893,-23.237114924131,-5.52224318654153));
#4234=CARTESIAN_POINT('Ctrl Pts',(-72.71654051308,-21.914239268474,-4.05));
#4235=CARTESIAN_POINT('Ctrl Pts',(-72.7162757080069,-21.9164652092355,-4.05200348565308));
#4236=CARTESIAN_POINT('Ctrl Pts',(-72.71679202044,-21.918648494615,-4.05416323794868));
#4237=CARTESIAN_POINT('Ctrl Pts',(-72.7071400371801,-22.4297380980926,-4.52466609817854));
#4238=CARTESIAN_POINT('Ctrl Pts',(-72.5467160220491,-22.9525759574777,-5.03322357872397));
#4239=CARTESIAN_POINT('Ctrl Pts',(-72.0345133000612,-23.434632356079,-5.42526405268186));
#4240=CARTESIAN_POINT('Ctrl Pts',(-72.71654051308,-21.914239268474,-4.05));
#4241=CARTESIAN_POINT('Ctrl Pts',(-72.716304772758,-21.9166839888728,-4.05168381312416));
#4242=CARTESIAN_POINT('Ctrl Pts',(-72.7167639735098,-21.9191230799811,-4.05349902747664));
#4243=CARTESIAN_POINT('Ctrl Pts',(-72.7083175970436,-22.4828399376577,-4.4502354394505));
#4244=CARTESIAN_POINT('Ctrl Pts',(-72.5611254541013,-23.063517546899,-4.87129352630041));
#4245=CARTESIAN_POINT('Ctrl Pts',(-72.1068632634901,-23.6260523666522,-5.17463642754961));
#4246=CARTESIAN_POINT('Ctrl Pts',(-72.71654051308,-21.914239268474,-4.05));
#4247=CARTESIAN_POINT('Ctrl Pts',(-72.71654051308,-21.9169122674864,-4.05140007091546));
#4248=CARTESIAN_POINT('Ctrl Pts',(-72.7165388924282,-21.9195877381845,-4.05280546253711));
#4249=CARTESIAN_POINT('Ctrl Pts',(-72.7139257324743,-22.5365690089087,-4.37464819610637));
#4250=CARTESIAN_POINT('Ctrl Pts',(-72.507043106042,-23.1722910768311,-4.71694536876501));
#4251=CARTESIAN_POINT('Ctrl Pts',(-72.0415405129315,-23.700121403611,-4.91602540384796));
#4252=CARTESIAN_POINT('',(-71.8665405129865,-23.237114924131,-5.52224318648754));
#4253=CARTESIAN_POINT('',(-72.0415405129315,-23.700121403611,-4.91602540384796));
#4254=CARTESIAN_POINT('Ctrl Pts',(-71.866540512893,-23.237114924131,-5.52224318654153));
#4255=CARTESIAN_POINT('Ctrl Pts',(-72.0345133000612,-23.434632356079,-5.42526405268186));
#4256=CARTESIAN_POINT('Ctrl Pts',(-72.1068632634901,-23.6260523666522,-5.17463642754961));
#4257=CARTESIAN_POINT('Ctrl Pts',(-72.0415405129315,-23.700121403611,-4.91602540384796));
#4258=CARTESIAN_POINT('Ctrl Pts',(-72.71654051308,-21.914239268474,-4.05));
#4259=CARTESIAN_POINT('Ctrl Pts',(-72.71654051308,-21.9162192677398,-4.05238012055203));
#4260=CARTESIAN_POINT('Ctrl Pts',(-72.7165384722592,-21.9182010978892,-4.05476928631308));
#4261=CARTESIAN_POINT('Ctrl Pts',(-72.7132478263921,-22.375224261389,-4.60190193338114));
#4262=CARTESIAN_POINT('Ctrl Pts',(-72.4527289634767,-22.8461294968866,-5.18380712690046));
#4263=CARTESIAN_POINT('Ctrl Pts',(-71.866540512893,-23.237114924131,-5.52224318654153));
#4264=CARTESIAN_POINT('Ctrl Pts',(-72.0415405129315,-23.700121403611,-4.91602540384796));
#4265=CARTESIAN_POINT('Ctrl Pts',(-72.507043106042,-23.1722910768311,-4.71694536876501));
#4266=CARTESIAN_POINT('Ctrl Pts',(-72.7139257324743,-22.5365690089087,-4.37464819610637));
#4267=CARTESIAN_POINT('Ctrl Pts',(-72.7165388924282,-21.9195877381845,-4.05280546253711));
#4268=CARTESIAN_POINT('Ctrl Pts',(-72.71654051308,-21.9169122674864,-4.05140007091546));
#4269=CARTESIAN_POINT('Ctrl Pts',(-72.71654051308,-21.914239268474,-4.05));
#4270=CARTESIAN_POINT('Ctrl Pts',(-71.8665405129308,-23.2371149241106,-5.52224318651923));
#4271=CARTESIAN_POINT('Ctrl Pts',(-71.6332384017614,-23.392726528789,-5.65694022317513));
#4272=CARTESIAN_POINT('Ctrl Pts',(-71.3435203681318,-23.5352418952582,-5.74999999999938));
#4273=CARTESIAN_POINT('Ctrl Pts',(-71.0165405130807,-23.6462900760426,-5.74999999999948));
#4274=CARTESIAN_POINT('Ctrl Pts',(-71.9625249627381,-23.3499820280777,-5.46682653859745));
#4275=CARTESIAN_POINT('Ctrl Pts',(-71.7444029379899,-23.5263033730946,-5.61349239164853));
#4276=CARTESIAN_POINT('Ctrl Pts',(-71.4623492604616,-23.6935970039737,-5.72924242245566));
#4277=CARTESIAN_POINT('Ctrl Pts',(-71.1212602682004,-23.827670012466,-5.74999999999945));
#4278=CARTESIAN_POINT('Ctrl Pts',(-72.0810732592898,-23.5467901417405,-5.28563474928543));
#4279=CARTESIAN_POINT('Ctrl Pts',(-71.8893670394398,-23.758539912667,-5.4226483270142));
#4280=CARTESIAN_POINT('Ctrl Pts',(-71.6335481528215,-23.9694010158948,-5.54211017737207));
#4281=CARTESIAN_POINT('Ctrl Pts',(-71.3025053966224,-24.1415957835172,-5.57411774352536));
#4282=CARTESIAN_POINT('Ctrl Pts',(-72.0695359774832,-23.6683775305996,-5.02685869970505));
#4283=CARTESIAN_POINT('Ctrl Pts',(-71.8850301432541,-23.8843510010242,-5.1233728195163));
#4284=CARTESIAN_POINT('Ctrl Pts',(-71.6487822052007,-24.0893551006492,-5.19754590404847));
#4285=CARTESIAN_POINT('Ctrl Pts',(-71.3665405130807,-24.2525078586916,-5.20707963267895));
#4286=CARTESIAN_POINT('Ctrl Pts',(-72.0415405129579,-23.7001214035831,-4.91602540383607));
#4287=CARTESIAN_POINT('Ctrl Pts',(-71.8562711897396,-23.9101970698989,-4.99525895465766));
#4288=CARTESIAN_POINT('Ctrl Pts',(-71.6262009862101,-24.1025928146324,-5.04999999999942));
#4289=CARTESIAN_POINT('Ctrl Pts',(-71.3665405130806,-24.2525078586916,-5.04999999999948));
#4290=CARTESIAN_POINT('',(-71.3665405130806,-24.2525078586916,-5.04999999999948));
#4291=CARTESIAN_POINT('Origin',(-71.0165405130805,-23.6462900760426,-5.04999999999948));
#4292=CARTESIAN_POINT('Ctrl Pts',(-71.8665405129308,-23.2371149241106,-5.52224318651923));
#4293=CARTESIAN_POINT('Ctrl Pts',(-71.6332384017614,-23.392726528789,-5.65694022317513));
#4294=CARTESIAN_POINT('Ctrl Pts',(-71.3435203681318,-23.5352418952582,-5.74999999999938));
#4295=CARTESIAN_POINT('Ctrl Pts',(-71.0165405130807,-23.6462900760426,-5.74999999999948));
#4296=CARTESIAN_POINT('Ctrl Pts',(-71.3665405130806,-24.2525078586916,-5.04999999999948));
#4297=CARTESIAN_POINT('Ctrl Pts',(-71.6262009862101,-24.1025928146324,-5.04999999999942));
#4298=CARTESIAN_POINT('Ctrl Pts',(-71.8562711897396,-23.9101970698989,-4.99525895465766));
#4299=CARTESIAN_POINT('Ctrl Pts',(-72.0415405129579,-23.7001214035831,-4.91602540383607));
#4300=CARTESIAN_POINT('Origin',(-70.01654051308,-21.914239268474,-5.05));
#4301=CARTESIAN_POINT('',(-70.01654051308,-24.614239268474,-5.05));
#4302=CARTESIAN_POINT('Origin',(-70.01654051308,-23.914239268474,-5.05));
#4303=CARTESIAN_POINT('Origin',(-70.01654051308,-21.914239268474,-5.05));
#4304=CARTESIAN_POINT('Origin',(-6.91512065024075,-23.914239268474,-5.05));
#4305=CARTESIAN_POINT('',(13.452019304039,-24.614239268474,-5.05));
#4306=CARTESIAN_POINT('Origin',(13.452019304039,-23.914239268474,-5.05));
#4307=CARTESIAN_POINT('',(-6.91512065024075,-24.614239268474,-5.05));
#4308=CARTESIAN_POINT('',(10.3000459781274,-24.4041372170306,-5.55));
#4309=CARTESIAN_POINT('',(-66.8645671871683,-24.4041372170306,-5.55));
#4310=CARTESIAN_POINT('',(-6.91512065024075,-24.4041372170306,-5.55));
#4311=CARTESIAN_POINT('',(9.952019304039,-24.414239268474,-5.53989794855664));
#4312=CARTESIAN_POINT('Ctrl Pts',(9.952019304039,-24.414239268474,-5.53989794855664));
#4313=CARTESIAN_POINT('Ctrl Pts',(10.0665938229962,-24.414239268474,-5.53989794855664));
#4314=CARTESIAN_POINT('Ctrl Pts',(10.1828399952607,-24.4109471508143,-5.54332765481919));
#4315=CARTESIAN_POINT('Ctrl Pts',(10.3000459781274,-24.4041372170306,-5.55));
#4316=CARTESIAN_POINT('',(-66.51654051308,-24.414239268474,-5.53989794855665));
#4317=CARTESIAN_POINT('',(-6.91512065024075,-24.414239268474,-5.53989794855664));
#4318=CARTESIAN_POINT('Ctrl Pts',(-66.8645671871683,-24.4041372170306,-5.55000000000001));
#4319=CARTESIAN_POINT('Ctrl Pts',(-66.7473612043016,-24.4109471508143,-5.54332765481921));
#4320=CARTESIAN_POINT('Ctrl Pts',(-66.6311150320372,-24.414239268474,-5.53989794855665));
#4321=CARTESIAN_POINT('Ctrl Pts',(-66.51654051308,-24.414239268474,-5.53989794855665));
#4322=CARTESIAN_POINT('Origin',(13.452019304039,-21.914239268474,-5.05));
#4323=CARTESIAN_POINT('',(14.8020193040388,-24.2525078586921,-5.05));
#4324=CARTESIAN_POINT('Origin',(14.4520193040388,-23.646290076043,-5.05));
#4325=CARTESIAN_POINT('Origin',(13.452019304039,-21.914239268474,-5.05));
#4326=CARTESIAN_POINT('Ctrl Pts',(14.4520193040389,-23.646290076043,-5.74999999999947));
#4327=CARTESIAN_POINT('Ctrl Pts',(14.778998627774,-23.535242075703,-5.74999999999947));
#4328=CARTESIAN_POINT('Ctrl Pts',(15.0687175725966,-23.3927262758357,-5.65694000388326));
#4329=CARTESIAN_POINT('Ctrl Pts',(15.30201930404,-23.237114924007,-5.52224318643235));
#4330=CARTESIAN_POINT('Ctrl Pts',(14.5567390591585,-23.8276700124664,-5.74999999999946));
#4331=CARTESIAN_POINT('Ctrl Pts',(14.8978274971775,-23.6935972218321,-5.72924245618519));
#4332=CARTESIAN_POINT('Ctrl Pts',(15.1798820840117,-23.5263030864397,-5.61349215284822));
#4333=CARTESIAN_POINT('Ctrl Pts',(15.3980037538386,-23.3499820279607,-5.46682653850327));
#4334=CARTESIAN_POINT('Ctrl Pts',(14.7380242933144,-24.1416652486864,-5.57418459427172));
#4335=CARTESIAN_POINT('Ctrl Pts',(15.0690665115955,-23.9694707608669,-5.54217708012827));
#4336=CARTESIAN_POINT('Ctrl Pts',(15.3248733606015,-23.7585550902017,-5.42266476323757));
#4337=CARTESIAN_POINT('Ctrl Pts',(15.5165792687206,-23.5468056634417,-5.28565140846272));
#4338=CARTESIAN_POINT('Ctrl Pts',(14.8020193040388,-24.2525078586921,-5.20707963267895));
#4339=CARTESIAN_POINT('Ctrl Pts',(15.0842605375387,-24.08935536576,-5.19754591954008));
#4340=CARTESIAN_POINT('Ctrl Pts',(15.3205092342035,-23.8843506499022,-5.12337266253673));
#4341=CARTESIAN_POINT('Ctrl Pts',(15.5050147685653,-23.6683775304562,-5.02685869964121));
#4342=CARTESIAN_POINT('Ctrl Pts',(14.8020193040388,-24.2525078586921,-5.04999999999947));
#4343=CARTESIAN_POINT('Ctrl Pts',(15.0616793552407,-24.1025930582329,-5.04999999999947));
#4344=CARTESIAN_POINT('Ctrl Pts',(15.2917502818881,-23.9101967284118,-4.99525882586634));
#4345=CARTESIAN_POINT('Ctrl Pts',(15.4770193040408,-23.7001214034431,-4.91602540378287));
#4346=CARTESIAN_POINT('',(15.3020193040389,-23.237114924007,-5.522243186433));
#4347=CARTESIAN_POINT('',(15.4770193040395,-23.700121403442,-4.91602540378287));
#4348=CARTESIAN_POINT('Ctrl Pts',(15.30201930404,-23.237114924007,-5.52224318643235));
#4349=CARTESIAN_POINT('Ctrl Pts',(15.3980037538386,-23.3499820279607,-5.46682653850327));
#4350=CARTESIAN_POINT('Ctrl Pts',(15.5165792687206,-23.5468056634417,-5.28565140846272));
#4351=CARTESIAN_POINT('Ctrl Pts',(15.5050147685653,-23.6683775304562,-5.02685869964121));
#4352=CARTESIAN_POINT('Ctrl Pts',(15.4770193040408,-23.7001214034431,-4.91602540378287));
#4353=CARTESIAN_POINT('Ctrl Pts',(14.4520193040389,-23.646290076043,-5.74999999999947));
#4354=CARTESIAN_POINT('Ctrl Pts',(14.778998627774,-23.535242075703,-5.74999999999947));
#4355=CARTESIAN_POINT('Ctrl Pts',(15.0687175725966,-23.3927262758357,-5.65694000388326));
#4356=CARTESIAN_POINT('Ctrl Pts',(15.30201930404,-23.237114924007,-5.52224318643235));
#4357=CARTESIAN_POINT('Ctrl Pts',(15.4770193040408,-23.7001214034431,-4.91602540378287));
#4358=CARTESIAN_POINT('Ctrl Pts',(15.2917502818881,-23.9101967284118,-4.99525882586634));
#4359=CARTESIAN_POINT('Ctrl Pts',(15.0616793552407,-24.1025930582329,-5.04999999999947));
#4360=CARTESIAN_POINT('Ctrl Pts',(14.8020193040388,-24.2525078586921,-5.04999999999947));
#4361=CARTESIAN_POINT('Ctrl Pts',(15.3020193040398,-23.2371149240057,-5.52224318643307));
#4362=CARTESIAN_POINT('Ctrl Pts',(15.8882077544873,-22.8461294967864,-5.1838071267709));
#4363=CARTESIAN_POINT('Ctrl Pts',(16.1489610838313,-22.3755347568259,-4.60300524178186));
#4364=CARTESIAN_POINT('Ctrl Pts',(16.1520165531522,-21.9182001352931,-4.05476588982711));
#4365=CARTESIAN_POINT('Ctrl Pts',(16.152019304039,-21.916219267743,-4.0523801205469));
#4366=CARTESIAN_POINT('Ctrl Pts',(16.152019304039,-21.914239268474,-4.05));
#4367=CARTESIAN_POINT('Ctrl Pts',(15.3860056976134,-23.3358736399652,-5.47375361949505));
#4368=CARTESIAN_POINT('Ctrl Pts',(15.9389867548296,-22.8995107866624,-5.10919669931402));
#4369=CARTESIAN_POINT('Ctrl Pts',(16.1478753227309,-22.4025369237858,-4.56462076912123));
#4370=CARTESIAN_POINT('Ctrl Pts',(16.152021522564,-21.9184309026822,-4.05444014251141));
#4371=CARTESIAN_POINT('Ctrl Pts',(16.152019304039,-21.9163347677004,-4.05221677894074));
#4372=CARTESIAN_POINT('Ctrl Pts',(16.152019304039,-21.914239268474,-4.05));
#4373=CARTESIAN_POINT('Ctrl Pts',(15.5113588637604,-23.5330895986978,-5.30354721823175));
#4374=CARTESIAN_POINT('Ctrl Pts',(15.9972810610846,-23.0068749666326,-4.95285664081712));
#4375=CARTESIAN_POINT('Ctrl Pts',(16.1471277033135,-22.4565259201061,-4.48889227032426));
#4376=CARTESIAN_POINT('Ctrl Pts',(16.1520258902514,-21.9188924883476,-4.05378548246945));
#4377=CARTESIAN_POINT('Ctrl Pts',(16.152019304039,-21.9165657676151,-4.05189009572844));
#4378=CARTESIAN_POINT('Ctrl Pts',(16.152019304039,-21.914239268474,-4.05));
#4379=CARTESIAN_POINT('Ctrl Pts',(15.5096806793183,-23.663086884957,-5.0453309156187));
#4380=CARTESIAN_POINT('Ctrl Pts',(15.9726885073255,-23.1177197911104,-4.79533465512168));
#4381=CARTESIAN_POINT('Ctrl Pts',(16.1485037818204,-22.5100362181578,-4.41316710287485));
#4382=CARTESIAN_POINT('Ctrl Pts',(16.1520212620703,-21.9193555191196,-4.05313078725242));
#4383=CARTESIAN_POINT('Ctrl Pts',(16.152019304039,-21.9167967675299,-4.05156341251613));
#4384=CARTESIAN_POINT('Ctrl Pts',(16.152019304039,-21.914239268474,-4.05));
#4385=CARTESIAN_POINT('Ctrl Pts',(15.4770193040397,-23.7001214034419,-4.91602540378416));
#4386=CARTESIAN_POINT('Ctrl Pts',(15.9425218970421,-23.1722910766957,-4.71694536868876));
#4387=CARTESIAN_POINT('Ctrl Pts',(16.1495907174035,-22.5369881777483,-4.37529720104772));
#4388=CARTESIAN_POINT('Ctrl Pts',(16.1520171195113,-21.9195864386798,-4.05280346460418));
#4389=CARTESIAN_POINT('Ctrl Pts',(16.152019304039,-21.9169122674872,-4.05140007090997));
#4390=CARTESIAN_POINT('Ctrl Pts',(16.152019304039,-21.914239268474,-4.05));
#4391=CARTESIAN_POINT('Ctrl Pts',(15.3020193040398,-23.2371149240057,-5.52224318643307));
#4392=CARTESIAN_POINT('Ctrl Pts',(15.8882077544873,-22.8461294967864,-5.1838071267709));
#4393=CARTESIAN_POINT('Ctrl Pts',(16.1489610838313,-22.3755347568259,-4.60300524178186));
#4394=CARTESIAN_POINT('Ctrl Pts',(16.1520165531522,-21.9182001352931,-4.05476588982711));
#4395=CARTESIAN_POINT('Ctrl Pts',(16.152019304039,-21.916219267743,-4.0523801205469));
#4396=CARTESIAN_POINT('Ctrl Pts',(16.152019304039,-21.914239268474,-4.05));
#4397=CARTESIAN_POINT('Ctrl Pts',(16.152019304039,-21.914239268474,-4.05));
#4398=CARTESIAN_POINT('Ctrl Pts',(16.152019304039,-21.9169122674872,-4.05140007090997));
#4399=CARTESIAN_POINT('Ctrl Pts',(16.1520171195113,-21.9195864386798,-4.05280346460418));
#4400=CARTESIAN_POINT('Ctrl Pts',(16.1495907174035,-22.5369881777483,-4.37529720104772));
#4401=CARTESIAN_POINT('Ctrl Pts',(15.9425218970421,-23.1722910766957,-4.71694536868876));
#4402=CARTESIAN_POINT('Ctrl Pts',(15.4770193040397,-23.7001214034419,-4.91602540378416));
#4403=CARTESIAN_POINT('Ctrl Pts',(15.302019304039,-18.414239268474,-5.52224318643303));
#4404=CARTESIAN_POINT('Ctrl Pts',(15.302019304039,-23.646290076043,-5.52224318643295));
#4405=CARTESIAN_POINT('Ctrl Pts',(15.2773706337857,-18.414239268474,-5.5364741028389));
#4406=CARTESIAN_POINT('Ctrl Pts',(15.2773706337857,-23.646290076043,-5.53647410283882));
#4407=CARTESIAN_POINT('Ctrl Pts',(15.1896965745738,-18.414239268474,-5.59367036769922));
#4408=CARTESIAN_POINT('Ctrl Pts',(15.1896965745738,-23.646290076043,-5.59367036769914));
#4409=CARTESIAN_POINT('Ctrl Pts',(15.007697798085,-18.414239268474,-5.65661800414821));
#4410=CARTESIAN_POINT('Ctrl Pts',(15.007697798085,-23.646290076043,-5.65661800414813));
#4411=CARTESIAN_POINT('Ctrl Pts',(14.8656214500335,-18.414239268474,-5.70575773177543));
#4412=CARTESIAN_POINT('Ctrl Pts',(14.8656214500334,-23.646290076043,-5.70575773177535));
#4413=CARTESIAN_POINT('Ctrl Pts',(14.6743941462107,-18.414239268474,-5.74999999999955));
#4414=CARTESIAN_POINT('Ctrl Pts',(14.6743941462107,-23.646290076043,-5.74999999999947));
#4415=CARTESIAN_POINT('Ctrl Pts',(14.4520193040389,-18.414239268474,-5.74999999999955));
#4416=CARTESIAN_POINT('Ctrl Pts',(14.4520193040388,-23.646290076043,-5.74999999999947));
#4417=CARTESIAN_POINT('',(15.302019304039,-18.414239268474,-5.52224318643355));
#4418=CARTESIAN_POINT('',(15.302019304039,-7.914239268474,-5.52224318643355));
#4419=CARTESIAN_POINT('Ctrl Pts',(15.302019304039,-18.414239268474,-5.52224318643355));
#4420=CARTESIAN_POINT('Ctrl Pts',(15.302019304039,-19.6643676147138,-5.52224318643355));
#4421=CARTESIAN_POINT('Ctrl Pts',(15.0522972837092,-21.0082471228797,-5.69984006642666));
#4422=CARTESIAN_POINT('Ctrl Pts',(14.6158104640904,-22.0288021745939,-5.74209114881232));
#4423=CARTESIAN_POINT('Ctrl Pts',(14.5634082391457,-22.1513244432735,-5.74716358313065));
#4424=CARTESIAN_POINT('Ctrl Pts',(14.5086830357128,-22.2694827660547,-5.75));
#4425=CARTESIAN_POINT('Ctrl Pts',(14.452019304039,-22.3828662350709,-5.75));
#4426=CARTESIAN_POINT('Ctrl Pts',(-71.0165405130801,-18.414239268474,-5.74999999999956));
#4427=CARTESIAN_POINT('Ctrl Pts',(-71.0165405130802,-23.6462900760426,-5.74999999999948));
#4428=CARTESIAN_POINT('Ctrl Pts',(-71.3710193058738,-18.414239268474,-5.74999999999956));
#4429=CARTESIAN_POINT('Ctrl Pts',(-71.3710193058738,-23.6462900760426,-5.74999999999948));
#4430=CARTESIAN_POINT('Ctrl Pts',(-71.6421556489424,-18.414239268474,-5.63723232821005));
#4431=CARTESIAN_POINT('Ctrl Pts',(-71.6421556489424,-23.6462900760426,-5.63723232820997));
#4432=CARTESIAN_POINT('Ctrl Pts',(-71.7710845585215,-18.414239268474,-5.57337233908445));
#4433=CARTESIAN_POINT('Ctrl Pts',(-71.7710845585215,-23.6462900760426,-5.57337233908437));
#4434=CARTESIAN_POINT('Ctrl Pts',(-71.8266442831155,-18.414239268474,-5.54585296100258));
#4435=CARTESIAN_POINT('Ctrl Pts',(-71.8266442831155,-23.6462900760426,-5.5458529610025));
#4436=CARTESIAN_POINT('Ctrl Pts',(-71.8533226517462,-18.414239268474,-5.52987452223239));
#4437=CARTESIAN_POINT('Ctrl Pts',(-71.8533226517462,-23.6462900760426,-5.52987452223231));
#4438=CARTESIAN_POINT('Ctrl Pts',(-71.8665405130799,-18.414239268474,-5.52224318643322));
#4439=CARTESIAN_POINT('Ctrl Pts',(-71.86654051308,-23.6462900760426,-5.52224318643314));
#4440=CARTESIAN_POINT('',(-71.86654051308,-18.414239268474,-5.52224318643356));
#4441=CARTESIAN_POINT('Ctrl Pts',(-71.0165405130802,-22.3828662350709,-5.7499999999995));
#4442=CARTESIAN_POINT('Ctrl Pts',(-71.269000005456,-21.8776977227597,-5.74999999999951));
#4443=CARTESIAN_POINT('Ctrl Pts',(-71.4791850056148,-21.2752412401675,-5.69280146592644));
#4444=CARTESIAN_POINT('Ctrl Pts',(-71.6258334099666,-20.62577418398,-5.63680811597399));
#4445=CARTESIAN_POINT('Ctrl Pts',(-71.6543998383345,-20.4992610165178,-5.62590087134654));
#4446=CARTESIAN_POINT('Ctrl Pts',(-71.6807145716362,-20.3709853922535,-5.61497548252585));
#4447=CARTESIAN_POINT('Ctrl Pts',(-71.7044799789762,-20.2413949502316,-5.6045067426938));
#4448=CARTESIAN_POINT('Ctrl Pts',(-71.7232037274066,-20.1392961811807,-5.59625887013708));
#4449=CARTESIAN_POINT('Ctrl Pts',(-71.7403457926829,-20.0363812797087,-5.58829529252477));
#4450=CARTESIAN_POINT('Ctrl Pts',(-71.7557833977846,-19.9328691583175,-5.58085077038679));
#4451=CARTESIAN_POINT('Ctrl Pts',(-71.7608893085133,-19.8986330415313,-5.57838853189812));
#4452=CARTESIAN_POINT('Ctrl Pts',(-71.766022212097,-19.8643318692041,-5.57587977817373));
#4453=CARTESIAN_POINT('Ctrl Pts',(-71.7710845585215,-19.8299758598308,-5.57337233908443));
#4454=CARTESIAN_POINT('Ctrl Pts',(-71.7773802893185,-19.7872493910877,-5.57025399036383));
#4455=CARTESIAN_POINT('Ctrl Pts',(-71.7835326263598,-19.7444381093048,-5.56717065831644));
#4456=CARTESIAN_POINT('Ctrl Pts',(-71.7894125570155,-19.7015616693344,-5.56418800789156));
#4457=CARTESIAN_POINT('Ctrl Pts',(-71.7953637164938,-19.6581658289632,-5.56116922597285));
#4458=CARTESIAN_POINT('Ctrl Pts',(-71.8010358857976,-19.6147032422048,-5.55825365057861));
#4459=CARTESIAN_POINT('Ctrl Pts',(-71.806345611459,-19.5711942868897,-5.55548999542491));
#4460=CARTESIAN_POINT('Ctrl Pts',(-71.8118385487236,-19.5261840590104,-5.55263098060031));
#4461=CARTESIAN_POINT('Ctrl Pts',(-71.8169438322181,-19.4811242074827,-5.54993458519314));
#4462=CARTESIAN_POINT('Ctrl Pts',(-71.8216206546918,-19.4360372931646,-5.54743319360207));
#4463=CARTESIAN_POINT('Ctrl Pts',(-71.8267970024453,-19.386134704611,-5.54466463165304));
#4464=CARTESIAN_POINT('Ctrl Pts',(-71.8314486298735,-19.3361989634497,-5.54213512554437));
#4465=CARTESIAN_POINT('Ctrl Pts',(-71.8355803238837,-19.286260659245,-5.53986047621708));
#4466=CARTESIAN_POINT('Ctrl Pts',(-71.8402306407911,-19.2300539460187,-5.53730030593364));
#4467=CARTESIAN_POINT('Ctrl Pts',(-71.8442233455254,-19.1738439859235,-5.53506294675376));
#4468=CARTESIAN_POINT('Ctrl Pts',(-71.8476288660538,-19.1176743940209,-5.53313533137817));
#4469=CARTESIAN_POINT('Ctrl Pts',(-71.852504096288,-19.0372638692847,-5.53037582114156));
#4470=CARTESIAN_POINT('Ctrl Pts',(-71.8561803912395,-18.9569360744602,-5.52825130797777));
#4471=CARTESIAN_POINT('Ctrl Pts',(-71.8589543705011,-18.8768189687051,-5.5266441731042));
#4472=CARTESIAN_POINT('Ctrl Pts',(-71.8610696453172,-18.8157263360077,-5.52541866577214));
#4473=CARTESIAN_POINT('Ctrl Pts',(-71.86266360863,-18.7547562126453,-5.52449100986602));
#4474=CARTESIAN_POINT('Ctrl Pts',(-71.8638452288161,-18.6939653350655,-5.52380484658205));
#4475=CARTESIAN_POINT('Ctrl Pts',(-71.8648274513231,-18.6434328806633,-5.52323447292995));
#4476=CARTESIAN_POINT('Ctrl Pts',(-71.8655249758742,-18.5930242810793,-5.52283033608307));
#4477=CARTESIAN_POINT('Ctrl Pts',(-71.8659682927649,-18.5427721243411,-5.5225738909413));
#4478=CARTESIAN_POINT('Ctrl Pts',(-71.8663473273255,-18.4998066868692,-5.52235463114393));
#4479=CARTESIAN_POINT('Ctrl Pts',(-71.8665405130799,-18.4569556121954,-5.52224318643328));
#4480=CARTESIAN_POINT('Ctrl Pts',(-71.8665405130799,-18.414239268474,-5.52224318643328));
#4481=CARTESIAN_POINT('',(-71.86654051308,-7.914239268474,-5.52224318643356));
#4482=CARTESIAN_POINT('Origin',(-71.01654051308,-25.914239268474,-4.05));
#4483=CARTESIAN_POINT('Origin',(-70.01654051308,-21.914239268474,-7.05000000000001));
#4484=CARTESIAN_POINT('',(-70.01654051308,-24.614239268474,-7.05000000000001));
#4485=CARTESIAN_POINT('Origin',(13.452019304039,-21.914239268474,-7.05000000000001));
#4486=CARTESIAN_POINT('',(13.452019304039,-24.614239268474,-7.05000000000001));
#4487=CARTESIAN_POINT('Origin',(-28.2822606045205,-24.614239268474,3.09999999999999));
#4488=CARTESIAN_POINT('Origin',(-71.01654051308,-25.914239268474,10.25));
#4489=CARTESIAN_POINT('Origin',(14.452019304039,-25.914239268474,-4.05));
#4490=CARTESIAN_POINT('Origin',(9.952019304039,-18.414239268474,-7.05000000000001));
#4491=CARTESIAN_POINT('',(9.95201930403899,-24.414239268474,-5.55));
#4492=CARTESIAN_POINT('Origin',(9.952019304039,-18.414239268474,-5.55));
#4493=CARTESIAN_POINT('',(9.952019304039,-24.414239268474,-7.05000000000001));
#4494=CARTESIAN_POINT('Origin',(9.952019304039,-18.414239268474,-7.05000000000001));
#4495=CARTESIAN_POINT('',(9.95201930403899,-24.414239268474,11.75));
#4496=CARTESIAN_POINT('',(9.952019304039,-24.414239268474,-7.05000000000001));
#4497=CARTESIAN_POINT('Origin',(9.952019304039,-18.414239268474,11.75));
#4498=CARTESIAN_POINT('Origin',(-28.2822606045205,-24.414239268474,3.09999999999999));
#4499=CARTESIAN_POINT('',(-66.51654051308,-24.414239268474,-5.55000000000001));
#4500=CARTESIAN_POINT('',(-6.91512065024075,-24.414239268474,-5.55));
#4501=CARTESIAN_POINT('',(-66.51654051308,-24.414239268474,-7.05000000000001));
#4502=CARTESIAN_POINT('Origin',(-28.2822606045205,-24.414239268474,3.09999999999999));
#4503=CARTESIAN_POINT('',(-66.51654051308,-24.414239268474,11.75));
#4504=CARTESIAN_POINT('',(-66.51654051308,-24.414239268474,-7.05000000000001));
#4505=CARTESIAN_POINT('',(-49.6494005588002,-24.414239268474,11.75));
#4506=CARTESIAN_POINT('Origin',(-66.51654051308,-18.414239268474,-7.05000000000001));
#4507=CARTESIAN_POINT('Origin',(-66.51654051308,-18.414239268474,-5.55));
#4508=CARTESIAN_POINT('Origin',(14.452019304039,-25.914239268474,-5.55));
#4509=CARTESIAN_POINT('Ctrl Pts',(17.452019304039,-21.914239268474,10.25));
#4510=CARTESIAN_POINT('Ctrl Pts',(17.452019304039,-21.9161978161403,10.2541547070152));
#4511=CARTESIAN_POINT('Ctrl Pts',(17.452010402565,-21.9181565479366,10.2583096802056));
#4512=CARTESIAN_POINT('Ctrl Pts',(17.4504220846508,-22.1023513370066,10.6490623429594));
#4513=CARTESIAN_POINT('Ctrl Pts',(17.3342467863596,-22.3795341579429,11.23746405341));
#4514=CARTESIAN_POINT('Ctrl Pts',(16.8494947392492,-22.8235980117663,12.1349072380051));
#4515=CARTESIAN_POINT('Ctrl Pts',(16.3658170108194,-23.0807140918567,12.6091699940232));
#4516=CARTESIAN_POINT('Ctrl Pts',(15.9520193037113,-23.2371149241302,12.8480762115425));
#4517=CARTESIAN_POINT('Ctrl Pts',(17.452019304039,-21.914239268474,10.25));
#4518=CARTESIAN_POINT('Ctrl Pts',(17.4520138921541,-21.9165232538128,10.253692575697));
#4519=CARTESIAN_POINT('Ctrl Pts',(17.4520192301018,-21.9188104872402,10.2573869753663));
#4520=CARTESIAN_POINT('Ctrl Pts',(17.4501934475207,-22.1336521459564,10.6046869005744));
#4521=CARTESIAN_POINT('Ctrl Pts',(17.3616536220819,-22.4570642780214,11.1281099180995));
#4522=CARTESIAN_POINT('Ctrl Pts',(16.9727121478215,-22.988900443881,11.9629034175561));
#4523=CARTESIAN_POINT('Ctrl Pts',(16.5668122453313,-23.3108553860857,12.4405550531566));
#4524=CARTESIAN_POINT('Ctrl Pts',(16.1919804282372,-23.5192826840555,12.7095345917428));
#4525=CARTESIAN_POINT('Ctrl Pts',(17.452019304039,-21.914239268474,10.25));
#4526=CARTESIAN_POINT('Ctrl Pts',(17.4520139496538,-21.9171767859891,10.2527687037028));
#4527=CARTESIAN_POINT('Ctrl Pts',(17.4520215399976,-21.9201153888123,10.255540868162));
#4528=CARTESIAN_POINT('Ctrl Pts',(17.4506681202969,-22.1964234492198,10.5160027089744));
#4529=CARTESIAN_POINT('Ctrl Pts',(17.3954844161369,-22.6122727883724,10.9087862734384));
#4530=CARTESIAN_POINT('Ctrl Pts',(17.1347657548015,-23.3195251271533,11.5638806715511));
#4531=CARTESIAN_POINT('Ctrl Pts',(16.8476293386254,-23.7713804350212,11.9692974960852));
#4532=CARTESIAN_POINT('Ctrl Pts',(16.5503762212505,-24.0828859062303,12.2233995598448));
#4533=CARTESIAN_POINT('Ctrl Pts',(17.452019304039,-21.914239268474,10.25));
#4534=CARTESIAN_POINT('Ctrl Pts',(17.4520154952836,-21.917829999903,10.2518447031033));
#4535=CARTESIAN_POINT('Ctrl Pts',(17.4520192222667,-21.9214208666274,10.2536952646968));
#4536=CARTESIAN_POINT('Ctrl Pts',(17.4507102345756,-22.259125135168,10.4272380083695));
#4537=CARTESIAN_POINT('Ctrl Pts',(17.3875747662368,-22.7674072766876,10.6889002740741));
#4538=CARTESIAN_POINT('Ctrl Pts',(17.1091739823277,-23.6083568959267,11.1067920220525));
#4539=CARTESIAN_POINT('Ctrl Pts',(16.8176944777025,-24.121457405078,11.3470728286227));
#4540=CARTESIAN_POINT('Ctrl Pts',(16.5453375189042,-24.4541776698451,11.485469723421));
#4541=CARTESIAN_POINT('Ctrl Pts',(17.452019304039,-21.914239268474,10.25));
#4542=CARTESIAN_POINT('Ctrl Pts',(17.452019304039,-21.9181563638109,10.2513849023414));
#4543=CARTESIAN_POINT('Ctrl Pts',(17.452013369723,-21.9220738273992,10.2527698934019));
#4544=CARTESIAN_POINT('Ctrl Pts',(17.4509544911135,-22.2904634055382,10.3830207809857));
#4545=CARTESIAN_POINT('Ctrl Pts',(17.3735042922527,-22.8448290474115,10.5791546844698));
#4546=CARTESIAN_POINT('Ctrl Pts',(17.0503362608458,-23.7329567550583,10.8783024126681));
#4547=CARTESIAN_POINT('Ctrl Pts',(16.7278844418926,-24.2471889152393,11.0363899980077));
#4548=CARTESIAN_POINT('Ctrl Pts',(16.4520193038205,-24.5599905797863,11.1160254038475));
#4549=CARTESIAN_POINT('',(15.9520193038751,-23.2371149241302,12.8480762114479));
#4550=CARTESIAN_POINT('',(16.4520193038205,-24.5599905797863,11.1160254038475));
#4551=CARTESIAN_POINT('Origin',(14.9520193039298,-23.2371149241302,11.1160254038475));
#4552=CARTESIAN_POINT('Ctrl Pts',(16.4520193038205,-24.5599905797863,11.1160254038475));
#4553=CARTESIAN_POINT('Ctrl Pts',(16.7278844418926,-24.2471889152393,11.0363899980077));
#4554=CARTESIAN_POINT('Ctrl Pts',(17.0503362608458,-23.7329567550583,10.8783024126681));
#4555=CARTESIAN_POINT('Ctrl Pts',(17.3735042922527,-22.8448290474115,10.5791546844698));
#4556=CARTESIAN_POINT('Ctrl Pts',(17.4509544911135,-22.2904634055382,10.3830207809857));
#4557=CARTESIAN_POINT('Ctrl Pts',(17.452013369723,-21.9220738273992,10.2527698934019));
#4558=CARTESIAN_POINT('Ctrl Pts',(17.452019304039,-21.9181563638109,10.2513849023414));
#4559=CARTESIAN_POINT('Ctrl Pts',(17.452019304039,-21.914239268474,10.25));
#4560=CARTESIAN_POINT('Ctrl Pts',(17.452019304039,-21.914239268474,10.25));
#4561=CARTESIAN_POINT('Ctrl Pts',(17.452019304039,-21.9161978161403,10.2541547070152));
#4562=CARTESIAN_POINT('Ctrl Pts',(17.452010402565,-21.9181565479366,10.2583096802056));
#4563=CARTESIAN_POINT('Ctrl Pts',(17.4504220846508,-22.1023513370066,10.6490623429594));
#4564=CARTESIAN_POINT('Ctrl Pts',(17.3342467863596,-22.3795341579429,11.23746405341));
#4565=CARTESIAN_POINT('Ctrl Pts',(16.8494947392492,-22.8235980117663,12.1349072380051));
#4566=CARTESIAN_POINT('Ctrl Pts',(16.3658170108194,-23.0807140918567,12.6091699940232));
#4567=CARTESIAN_POINT('Ctrl Pts',(15.9520193037113,-23.2371149241302,12.8480762115425));
#4568=CARTESIAN_POINT('Ctrl Pts',(15.9520193037789,-23.2371149241061,12.8480762115039));
#4569=CARTESIAN_POINT('Ctrl Pts',(15.5403096964287,-23.3927265287855,13.0857768640809));
#4570=CARTESIAN_POINT('Ctrl Pts',(15.0290425776612,-23.535241895258,13.2500000000003));
#4571=CARTESIAN_POINT('Ctrl Pts',(14.4520193040398,-23.6462900760428,13.2500000000005));
#4572=CARTESIAN_POINT('Ctrl Pts',(16.2262605889438,-23.5595923640114,12.6897429317274));
#4573=CARTESIAN_POINT('Ctrl Pts',(15.8579343934921,-23.7743843941273,12.9616580137392));
#4574=CARTESIAN_POINT('Ctrl Pts',(15.3685716830543,-23.9876614467287,13.1906618630506));
#4575=CARTESIAN_POINT('Ctrl Pts',(14.7512186043817,-24.1645184658239,13.2500000000004));
#4576=CARTESIAN_POINT('Ctrl Pts',(16.5651860081239,-24.1220043910948,12.1722236838118));
#4577=CARTESIAN_POINT('Ctrl Pts',(16.2723442189005,-24.4380252003897,12.4165885606033));
#4578=CARTESIAN_POINT('Ctrl Pts',(15.858020932447,-24.7761398787112,12.6566429619599));
#4579=CARTESIAN_POINT('Ctrl Pts',(15.2693411858078,-25.0619331014028,12.7481747640982));
#4580=CARTESIAN_POINT('Ctrl Pts',(16.5320063453634,-24.4692937997857,11.4326919634617));
#4581=CARTESIAN_POINT('Ctrl Pts',(16.2596988184951,-24.7973573007388,11.5612673676394));
#4582=CARTESIAN_POINT('Ctrl Pts',(15.9011863829614,-25.1184515308325,11.671615455554));
#4583=CARTESIAN_POINT('Ctrl Pts',(15.4520193040394,-25.3783408836115,11.6987989505133));
#4584=CARTESIAN_POINT('Ctrl Pts',(16.4520193038632,-24.5599905797381,11.1160254038356));
#4585=CARTESIAN_POINT('Ctrl Pts',(16.1775462324281,-24.871213789097,11.1952589546566));
#4586=CARTESIAN_POINT('Ctrl Pts',(15.836701486454,-25.156244522042,11.2500000000005));
#4587=CARTESIAN_POINT('Ctrl Pts',(15.4520193040393,-25.3783408836116,11.2500000000005));
#4588=CARTESIAN_POINT('',(14.4520193040393,-23.6462900760428,13.2500000000005));
#4589=CARTESIAN_POINT('',(15.4520193040393,-25.3783408836116,11.2500000000005));
#4590=CARTESIAN_POINT('Origin',(14.4520193040392,-23.6462900760428,11.2500000000005));
#4591=CARTESIAN_POINT('Ctrl Pts',(15.4520193040393,-25.3783408836116,11.2500000000005));
#4592=CARTESIAN_POINT('Ctrl Pts',(15.836701486454,-25.156244522042,11.2500000000005));
#4593=CARTESIAN_POINT('Ctrl Pts',(16.1775462324281,-24.871213789097,11.1952589546566));
#4594=CARTESIAN_POINT('Ctrl Pts',(16.4520193038632,-24.5599905797381,11.1160254038356));
#4595=CARTESIAN_POINT('Ctrl Pts',(15.9520193037789,-23.2371149241061,12.8480762115039));
#4596=CARTESIAN_POINT('Ctrl Pts',(15.5403096964287,-23.3927265287855,13.0857768640809));
#4597=CARTESIAN_POINT('Ctrl Pts',(15.0290425776612,-23.535241895258,13.2500000000003));
#4598=CARTESIAN_POINT('Ctrl Pts',(14.4520193040398,-23.6462900760428,13.2500000000005));
#4599=CARTESIAN_POINT('Ctrl Pts',(13.452019304039,-25.914239268474,11.25));
#4600=CARTESIAN_POINT('Ctrl Pts',(14.5238160737638,-25.914239268474,11.25));
#4601=CARTESIAN_POINT('Ctrl Pts',(15.4520193040396,-25.3783408836114,11.25));
#4602=CARTESIAN_POINT('Ctrl Pts',(13.452019304039,-25.914239268474,13.25));
#4603=CARTESIAN_POINT('Ctrl Pts',(14.5238160737638,-25.914239268474,13.25));
#4604=CARTESIAN_POINT('Ctrl Pts',(15.4520193040396,-25.3783408836114,13.25));
#4605=CARTESIAN_POINT('Ctrl Pts',(13.452019304039,-23.914239268474,13.25));
#4606=CARTESIAN_POINT('Ctrl Pts',(13.9879176889014,-23.914239268474,13.25));
#4607=CARTESIAN_POINT('Ctrl Pts',(14.4520193040393,-23.6462900760427,13.25));
#4608=CARTESIAN_POINT('',(13.452019304039,-23.914239268474,13.25));
#4609=CARTESIAN_POINT('',(13.452019304039,-25.914239268474,11.25));
#4610=CARTESIAN_POINT('Origin',(13.452019304039,-23.914239268474,11.25));
#4611=CARTESIAN_POINT('Origin',(13.452019304039,-21.914239268474,11.25));
#4612=CARTESIAN_POINT('Origin',(13.452019304039,-21.914239268474,13.25));
#4613=CARTESIAN_POINT('Origin',(-49.6494005588002,-23.914239268474,11.25));
#4614=CARTESIAN_POINT('',(-70.01654051308,-23.914239268474,13.25));
#4615=CARTESIAN_POINT('',(-70.01654051308,-25.914239268474,11.25));
#4616=CARTESIAN_POINT('Origin',(-70.01654051308,-23.914239268474,11.25));
#4617=CARTESIAN_POINT('',(-49.6494005588002,-25.914239268474,11.25));
#4618=CARTESIAN_POINT('',(-49.6494005588002,-23.914239268474,13.25));
#4619=CARTESIAN_POINT('Ctrl Pts',(-72.0165405130803,-25.3783408836116,11.25));
#4620=CARTESIAN_POINT('Ctrl Pts',(-71.0883372828047,-25.914239268474,11.25));
#4621=CARTESIAN_POINT('Ctrl Pts',(-70.01654051308,-25.914239268474,11.25));
#4622=CARTESIAN_POINT('Ctrl Pts',(-72.0165405130803,-25.3783408836116,13.25));
#4623=CARTESIAN_POINT('Ctrl Pts',(-71.0883372828047,-25.914239268474,13.25));
#4624=CARTESIAN_POINT('Ctrl Pts',(-70.01654051308,-25.914239268474,13.25));
#4625=CARTESIAN_POINT('Ctrl Pts',(-71.0165405130802,-23.6462900760428,13.25));
#4626=CARTESIAN_POINT('Ctrl Pts',(-70.5524388979424,-23.914239268474,13.25));
#4627=CARTESIAN_POINT('Ctrl Pts',(-70.01654051308,-23.914239268474,13.25));
#4628=CARTESIAN_POINT('',(-71.0165405130801,-23.6462900760428,13.2500000000005));
#4629=CARTESIAN_POINT('',(-72.0165405130803,-25.3783408836116,11.25));
#4630=CARTESIAN_POINT('Origin',(-71.0165405130801,-23.6462900760428,11.25));
#4631=CARTESIAN_POINT('Origin',(-70.01654051308,-21.914239268474,11.25));
#4632=CARTESIAN_POINT('Origin',(-70.01654051308,-21.914239268474,13.25));
#4633=CARTESIAN_POINT('Ctrl Pts',(-71.0165405130803,-23.6462900760427,13.2500000000005));
#4634=CARTESIAN_POINT('Ctrl Pts',(-71.5935628490788,-23.5352420757035,13.2500000000005));
#4635=CARTESIAN_POINT('Ctrl Pts',(-72.1048315719195,-23.3927262758336,13.0857764793621));
#4636=CARTESIAN_POINT('Ctrl Pts',(-72.5165405130801,-23.2371149240064,12.8480762113539));
#4637=CARTESIAN_POINT('Ctrl Pts',(-71.3157398134222,-24.1645184658239,13.2500000000005));
#4638=CARTESIAN_POINT('Ctrl Pts',(-71.9330918889385,-23.9876617341093,13.1906619594712));
#4639=CARTESIAN_POINT('Ctrl Pts',(-72.4224561991313,-23.7743840451352,12.9616575736201));
#4640=CARTESIAN_POINT('Ctrl Pts',(-72.7907817982172,-23.5595923638745,12.6897429315562));
#4641=CARTESIAN_POINT('Ctrl Pts',(-71.8337679634335,-25.0617695413941,12.747948037826));
#4642=CARTESIAN_POINT('Ctrl Pts',(-72.4224467535081,-24.7759767830972,12.6564163844207));
#4643=CARTESIAN_POINT('Ctrl Pts',(-72.8367919727446,-24.4379887351985,12.4165307219604));
#4644=CARTESIAN_POINT('Ctrl Pts',(-73.1296332870036,-24.1219684389811,12.1721662406999));
#4645=CARTESIAN_POINT('Ctrl Pts',(-72.0165405130804,-25.3783408836115,11.6987989505134));
#4646=CARTESIAN_POINT('Ctrl Pts',(-72.465706862136,-25.1184519531352,11.6716154997254));
#4647=CARTESIAN_POINT('Ctrl Pts',(-72.8242204700331,-24.7973567676692,11.5612671591025));
#4648=CARTESIAN_POINT('Ctrl Pts',(-73.0965275545734,-24.4692937995775,11.4326919633817));
#4649=CARTESIAN_POINT('Ctrl Pts',(-72.0165405130804,-25.3783408836115,11.2500000000005));
#4650=CARTESIAN_POINT('Ctrl Pts',(-72.4012220704122,-25.1562448829337,11.2500000000005));
#4651=CARTESIAN_POINT('Ctrl Pts',(-72.7420678876643,-24.8712132831954,11.1952588258698));
#4652=CARTESIAN_POINT('Ctrl Pts',(-73.0165405130742,-24.5599905795407,11.1160254037874));
#4653=CARTESIAN_POINT('',(-72.5165405130802,-23.2371149240064,12.8480762113538));
#4654=CARTESIAN_POINT('',(-73.0165405130764,-24.5599905795427,11.1160254037874));
#4655=CARTESIAN_POINT('Origin',(-71.516540513076,-23.2371149240064,11.1160254037874));
#4656=CARTESIAN_POINT('Ctrl Pts',(-73.0165405130742,-24.5599905795407,11.1160254037874));
#4657=CARTESIAN_POINT('Ctrl Pts',(-72.7420678876643,-24.8712132831954,11.1952588258698));
#4658=CARTESIAN_POINT('Ctrl Pts',(-72.4012220704122,-25.1562448829337,11.2500000000005));
#4659=CARTESIAN_POINT('Ctrl Pts',(-72.0165405130804,-25.3783408836115,11.2500000000005));
#4660=CARTESIAN_POINT('Ctrl Pts',(-71.0165405130803,-23.6462900760427,13.2500000000005));
#4661=CARTESIAN_POINT('Ctrl Pts',(-71.5935628490788,-23.5352420757035,13.2500000000005));
#4662=CARTESIAN_POINT('Ctrl Pts',(-72.1048315719195,-23.3927262758336,13.0857764793621));
#4663=CARTESIAN_POINT('Ctrl Pts',(-72.5165405130801,-23.2371149240064,12.8480762113539));
#4664=CARTESIAN_POINT('Ctrl Pts',(-72.5165405130769,-23.2371149240075,12.8480762113551));
#4665=CARTESIAN_POINT('Ctrl Pts',(-72.930338241784,-23.0807140835445,12.6091699812967));
#4666=CARTESIAN_POINT('Ctrl Pts',(-73.41400715427,-22.8236011531256,12.1349189825886));
#4667=CARTESIAN_POINT('Ctrl Pts',(-73.8987604276358,-22.3795369423975,11.2374738333073));
#4668=CARTESIAN_POINT('Ctrl Pts',(-74.0149412098907,-22.102352065562,10.6490649168154));
#4669=CARTESIAN_POINT('Ctrl Pts',(-74.0165316270537,-21.9181564892822,10.2583095483496));
#4670=CARTESIAN_POINT('Ctrl Pts',(-74.01654051308,-21.9161977897015,10.2541546509135));
#4671=CARTESIAN_POINT('Ctrl Pts',(-74.01654051308,-21.914239268474,10.25));
#4672=CARTESIAN_POINT('Ctrl Pts',(-72.7907817982155,-23.5595923638757,12.6897429315578));
#4673=CARTESIAN_POINT('Ctrl Pts',(-73.1609878779127,-23.3437207330806,12.4164666438705));
#4674=CARTESIAN_POINT('Ctrl Pts',(-73.5545880083784,-23.012323895861,11.93765731481));
#4675=CARTESIAN_POINT('Ctrl Pts',(-73.929906434093,-22.468015030143,11.1120760036271));
#4676=CARTESIAN_POINT('Ctrl Pts',(-74.0152230261888,-22.1381525075775,10.5982836229944));
#4677=CARTESIAN_POINT('Ctrl Pts',(-74.0165347876849,-21.9189028503853,10.2572551477545));
#4678=CARTESIAN_POINT('Ctrl Pts',(-74.01654051308,-21.9165708413628,10.2536270761935));
#4679=CARTESIAN_POINT('Ctrl Pts',(-74.01654051308,-21.914239268474,10.25));
#4680=CARTESIAN_POINT('Ctrl Pts',(-73.1294859871,-24.12189827759,12.1720489040209));
#4681=CARTESIAN_POINT('Ctrl Pts',(-73.4238355490819,-23.8042891814891,11.926490416285));
#4682=CARTESIAN_POINT('Ctrl Pts',(-73.7048610184902,-23.3431720832496,11.5316463820083));
#4683=CARTESIAN_POINT('Ctrl Pts',(-73.9617072945333,-22.6235695919558,10.8935840839584));
#4684=CARTESIAN_POINT('Ctrl Pts',(-74.0158100264229,-22.2009216142329,10.5097885753386));
#4685=CARTESIAN_POINT('Ctrl Pts',(-74.0165357501659,-21.9202081317239,10.2554072460833));
#4686=CARTESIAN_POINT('Ctrl Pts',(-74.01654051308,-21.9172236817699,10.2527038204335));
#4687=CARTESIAN_POINT('Ctrl Pts',(-74.01654051308,-21.914239268474,10.25));
#4688=CARTESIAN_POINT('Ctrl Pts',(-73.0965275545766,-24.4692937995782,11.4326919633804));
#4689=CARTESIAN_POINT('Ctrl Pts',(-73.3702002461661,-24.1395557851129,11.303433087521));
#4690=CARTESIAN_POINT('Ctrl Pts',(-73.6653691788844,-23.6260317168712,11.0743582164832));
#4691=CARTESIAN_POINT('Ctrl Pts',(-73.9503076645203,-22.7784355402723,10.6735474548679));
#4692=CARTESIAN_POINT('Ctrl Pts',(-74.0156102007427,-22.2635745820715,10.4210621324818));
#4693=CARTESIAN_POINT('Ctrl Pts',(-74.0165355595641,-21.9215142363735,10.2535609935679));
#4694=CARTESIAN_POINT('Ctrl Pts',(-74.01654051308,-21.917876522177,10.2517805646735));
#4695=CARTESIAN_POINT('Ctrl Pts',(-74.01654051308,-21.914239268474,10.25));
#4696=CARTESIAN_POINT('Ctrl Pts',(-73.0165405130779,-24.5599905795409,11.116025403785));
#4697=CARTESIAN_POINT('Ctrl Pts',(-73.2924056655495,-24.2471888986149,11.0363899937655));
#4698=CARTESIAN_POINT('Ctrl Pts',(-73.614851607207,-23.7329630377766,10.8783063275292));
#4699=CARTESIAN_POINT('Ctrl Pts',(-73.9380204561174,-22.8448346163205,10.5791579444355));
#4700=CARTESIAN_POINT('Ctrl Pts',(-74.0154743109547,-22.2904648626488,10.3830216389376));
#4701=CARTESIAN_POINT('Ctrl Pts',(-74.0165345890624,-21.9220737100905,10.2527698494498));
#4702=CARTESIAN_POINT('Ctrl Pts',(-74.01654051308,-21.9181563109229,10.2513848836335));
#4703=CARTESIAN_POINT('Ctrl Pts',(-74.01654051308,-21.914239268474,10.25));
#4704=CARTESIAN_POINT('Ctrl Pts',(-72.5165405130769,-23.2371149240075,12.8480762113551));
#4705=CARTESIAN_POINT('Ctrl Pts',(-72.930338241784,-23.0807140835445,12.6091699812967));
#4706=CARTESIAN_POINT('Ctrl Pts',(-73.41400715427,-22.8236011531256,12.1349189825886));
#4707=CARTESIAN_POINT('Ctrl Pts',(-73.8987604276358,-22.3795369423975,11.2374738333073));
#4708=CARTESIAN_POINT('Ctrl Pts',(-74.0149412098907,-22.102352065562,10.6490649168154));
#4709=CARTESIAN_POINT('Ctrl Pts',(-74.0165316270537,-21.9181564892822,10.2583095483496));
#4710=CARTESIAN_POINT('Ctrl Pts',(-74.01654051308,-21.9161977897015,10.2541546509135));
#4711=CARTESIAN_POINT('Ctrl Pts',(-74.01654051308,-21.914239268474,10.25));
#4712=CARTESIAN_POINT('Ctrl Pts',(-74.01654051308,-21.914239268474,10.25));
#4713=CARTESIAN_POINT('Ctrl Pts',(-74.01654051308,-21.9181563109229,10.2513848836335));
#4714=CARTESIAN_POINT('Ctrl Pts',(-74.0165345890624,-21.9220737100905,10.2527698494498));
#4715=CARTESIAN_POINT('Ctrl Pts',(-74.0154743109547,-22.2904648626488,10.3830216389376));
#4716=CARTESIAN_POINT('Ctrl Pts',(-73.9380204561174,-22.8448346163205,10.5791579444355));
#4717=CARTESIAN_POINT('Ctrl Pts',(-73.614851607207,-23.7329630377766,10.8783063275292));
#4718=CARTESIAN_POINT('Ctrl Pts',(-73.2924056655495,-24.2471888986149,11.0363899937655));
#4719=CARTESIAN_POINT('Ctrl Pts',(-73.0165405130779,-24.5599905795409,11.116025403785));
#4720=CARTESIAN_POINT('Ctrl Pts',(-72.51654051308,12.056760731526,12.8480762113533));
#4721=CARTESIAN_POINT('Ctrl Pts',(-72.5165405130802,-35.943239268474,12.848076211354));
#4722=CARTESIAN_POINT('Ctrl Pts',(-72.5136150336331,12.056760731526,12.8497652376995));
#4723=CARTESIAN_POINT('Ctrl Pts',(-72.5136150336333,-35.943239268474,12.8497652377002));
#4724=CARTESIAN_POINT('Ctrl Pts',(-72.5106867034622,12.056760731526,12.8514493216294));
#4725=CARTESIAN_POINT('Ctrl Pts',(-72.5106867034624,-35.943239268474,12.8514493216302));
#4726=CARTESIAN_POINT('Ctrl Pts',(-72.5077555350992,12.056760731526,12.8531284559361));
#4727=CARTESIAN_POINT('Ctrl Pts',(-72.5077555350994,-35.943239268474,12.8531284559368));
#4728=CARTESIAN_POINT('Ctrl Pts',(-72.4717072648323,12.056760731526,12.8737788860051));
#4729=CARTESIAN_POINT('Ctrl Pts',(-72.4717072648325,-35.943239268474,12.8737788860058));
#4730=CARTESIAN_POINT('Ctrl Pts',(-72.3344321950267,12.056760731526,12.9573030200986));
#4731=CARTESIAN_POINT('Ctrl Pts',(-72.3344321950269,-35.943239268474,12.9573030200993));
#4732=CARTESIAN_POINT('Ctrl Pts',(-71.8365781218567,12.056760731526,13.1489074372907));
#4733=CARTESIAN_POINT('Ctrl Pts',(-71.8365781218569,-35.943239268474,13.1489074372914));
#4734=CARTESIAN_POINT('Ctrl Pts',(-71.462057264332,12.056760731526,13.25));
#4735=CARTESIAN_POINT('Ctrl Pts',(-71.4620572643322,-35.943239268474,13.2500000000007));
#4736=CARTESIAN_POINT('Ctrl Pts',(-71.01654051308,12.056760731526,13.25));
#4737=CARTESIAN_POINT('Ctrl Pts',(-71.0165405130802,-35.943239268474,13.2500000000007));
#4738=CARTESIAN_POINT('',(-71.01654051308,-22.3828662350709,13.25));
#4739=CARTESIAN_POINT('',(-71.01654051308,12.056760731526,13.25));
#4740=CARTESIAN_POINT('',(-72.51654051308,-18.414239268474,12.8480762113533));
#4741=CARTESIAN_POINT('Ctrl Pts',(-72.51654051308,-18.414239268474,12.8480762113533));
#4742=CARTESIAN_POINT('Ctrl Pts',(-72.51654051308,-19.1457690530246,12.8480762113533));
#4743=CARTESIAN_POINT('Ctrl Pts',(-72.3758150589868,-19.9152646779403,12.9413763862552));
#4744=CARTESIAN_POINT('Ctrl Pts',(-71.8365781218567,-21.2752419595309,13.1489074372907));
#4745=CARTESIAN_POINT('Ctrl Pts',(-71.462057264332,-21.8776977227597,13.25));
#4746=CARTESIAN_POINT('Ctrl Pts',(-71.01654051308,-22.3828662350709,13.25));
#4747=CARTESIAN_POINT('',(-72.51654051308,-7.914239268474,12.8480762113533));
#4748=CARTESIAN_POINT('Origin',(-71.01654051308,-25.914239268474,13.25));
#4749=CARTESIAN_POINT('',(14.452019304039,-22.3828662350709,13.25));
#4750=CARTESIAN_POINT('',(14.452019304039,12.056760731526,13.25));
#4751=CARTESIAN_POINT('',(14.452019304039,-25.914239268474,13.25));
#4752=CARTESIAN_POINT('',(-71.01654051308,-25.914239268474,13.25));
#4753=CARTESIAN_POINT('Ctrl Pts',(14.452019304039,12.056760731526,13.25));
#4754=CARTESIAN_POINT('Ctrl Pts',(14.4520193040388,-35.943239268474,13.2500000000007));
#4755=CARTESIAN_POINT('Ctrl Pts',(14.897536055291,12.056760731526,13.25));
#4756=CARTESIAN_POINT('Ctrl Pts',(14.8975360552908,-35.943239268474,13.2500000000007));
#4757=CARTESIAN_POINT('Ctrl Pts',(15.2720569128157,12.056760731526,13.1489074372907));
#4758=CARTESIAN_POINT('Ctrl Pts',(15.2720569128155,-35.943239268474,13.1489074372914));
#4759=CARTESIAN_POINT('Ctrl Pts',(15.7699109859857,12.056760731526,12.9573030200986));
#4760=CARTESIAN_POINT('Ctrl Pts',(15.7699109859854,-35.943239268474,12.9573030200993));
#4761=CARTESIAN_POINT('Ctrl Pts',(15.9071860557913,12.056760731526,12.8737788860051));
#4762=CARTESIAN_POINT('Ctrl Pts',(15.9071860557911,-35.943239268474,12.8737788860058));
#4763=CARTESIAN_POINT('Ctrl Pts',(15.9432343260581,12.056760731526,12.8531284559361));
#4764=CARTESIAN_POINT('Ctrl Pts',(15.9432343260579,-35.943239268474,12.8531284559369));
#4765=CARTESIAN_POINT('Ctrl Pts',(15.9461654944215,12.056760731526,12.8514493216293));
#4766=CARTESIAN_POINT('Ctrl Pts',(15.9461654944213,-35.943239268474,12.85144932163));
#4767=CARTESIAN_POINT('Ctrl Pts',(15.9490938245918,12.056760731526,12.8497652376997));
#4768=CARTESIAN_POINT('Ctrl Pts',(15.9490938245916,-35.943239268474,12.8497652377004));
#4769=CARTESIAN_POINT('Ctrl Pts',(15.952019304039,12.056760731526,12.8480762113533));
#4770=CARTESIAN_POINT('Ctrl Pts',(15.9520193040388,-35.943239268474,12.848076211354));
#4771=CARTESIAN_POINT('',(15.952019304039,-18.414239268474,12.8480762113533));
#4772=CARTESIAN_POINT('',(15.952019304039,-7.914239268474,12.8480762113533));
#4773=CARTESIAN_POINT('Ctrl Pts',(14.452019304039,-22.3828662350709,13.25));
#4774=CARTESIAN_POINT('Ctrl Pts',(14.897536055291,-21.8776977227597,13.25));
#4775=CARTESIAN_POINT('Ctrl Pts',(15.2720569128157,-21.2752419595308,13.1489074372907));
#4776=CARTESIAN_POINT('Ctrl Pts',(15.8112938499458,-19.9152646779403,12.9413763862552));
#4777=CARTESIAN_POINT('Ctrl Pts',(15.952019304039,-19.1457690530246,12.8480762113533));
#4778=CARTESIAN_POINT('Ctrl Pts',(15.952019304039,-18.414239268474,12.8480762113533));
#4779=CARTESIAN_POINT('Origin',(14.452019304039,-25.914239268474,10.25));
#4780=CARTESIAN_POINT('Ctrl Pts',(-74.01654051308,-21.914239268474,-4.05));
#4781=CARTESIAN_POINT('Ctrl Pts',(-74.01654051308,-21.9162192677398,-4.05420021273888));
#4782=CARTESIAN_POINT('Ctrl Pts',(-74.0165314280906,-21.9181994507511,-4.0584006816971));
#4783=CARTESIAN_POINT('Ctrl Pts',(-74.0149238982773,-22.1024082433957,-4.44918410960614));
#4784=CARTESIAN_POINT('Ctrl Pts',(-73.8987396456806,-22.3795616929078,-5.03752470443146));
#4785=CARTESIAN_POINT('Ctrl Pts',(-73.4140032220308,-22.8236011995822,-5.93491790090313));
#4786=CARTESIAN_POINT('Ctrl Pts',(-72.930320595515,-23.0807207532333,-6.40918016944428));
#4787=CARTESIAN_POINT('Ctrl Pts',(-72.51654051275,-23.237114924131,-6.64807621154386));
#4788=CARTESIAN_POINT('Ctrl Pts',(-74.01654051308,-21.914239268474,-4.05));
#4789=CARTESIAN_POINT('Ctrl Pts',(-74.0165350667225,-21.9165482772995,-4.05373301698328));
#4790=CARTESIAN_POINT('Ctrl Pts',(-74.0165403501077,-21.9188605459708,-4.05746787474002));
#4791=CARTESIAN_POINT('Ctrl Pts',(-74.014699500086,-22.1337184173426,-4.40479489786157));
#4792=CARTESIAN_POINT('Ctrl Pts',(-73.9261536017219,-22.4570986416227,-4.92816492874319));
#4793=CARTESIAN_POINT('Ctrl Pts',(-73.5372206062513,-22.9889032858275,-5.76291508794249));
#4794=CARTESIAN_POINT('Ctrl Pts',(-73.1313207037933,-23.3108668016695,-6.24056515798644));
#4795=CARTESIAN_POINT('Ctrl Pts',(-72.7565016372761,-23.5192826840567,-6.50953459174433));
#4796=CARTESIAN_POINT('Ctrl Pts',(-74.01654051308,-21.914239268474,-4.05));
#4797=CARTESIAN_POINT('Ctrl Pts',(-74.0165335640199,-21.9172088354636,-4.05279867287749));
#4798=CARTESIAN_POINT('Ctrl Pts',(-74.016544689095,-21.9201798922398,-4.05560199773867));
#4799=CARTESIAN_POINT('Ctrl Pts',(-74.0150127006714,-22.1965027490629,-4.3160545630975));
#4800=CARTESIAN_POINT('Ctrl Pts',(-73.9598375045277,-22.6122817232715,-4.70873955315019));
#4801=CARTESIAN_POINT('Ctrl Pts',(-73.6991820666485,-23.3195176885693,-5.3638548299953));
#4802=CARTESIAN_POINT('Ctrl Pts',(-73.4116479781475,-23.7712745353147,-5.76902293164945));
#4803=CARTESIAN_POINT('Ctrl Pts',(-73.1148151981645,-24.0828423930814,-6.02334258775854));
#4804=CARTESIAN_POINT('Ctrl Pts',(-74.01654051308,-21.914239268474,-4.05));
#4805=CARTESIAN_POINT('Ctrl Pts',(-74.016536680042,-21.9178693245939,-4.05186492088116));
#4806=CARTESIAN_POINT('Ctrl Pts',(-74.0165403670349,-21.9214995251284,-4.05373572206453));
#4807=CARTESIAN_POINT('Ctrl Pts',(-74.0152207285942,-22.2592292202583,-4.22729191055241));
#4808=CARTESIAN_POINT('Ctrl Pts',(-73.9520804451757,-22.7674581687911,-4.48892979785378));
#4809=CARTESIAN_POINT('Ctrl Pts',(-73.6736866675911,-23.6083639568326,-4.90679505060746));
#4810=CARTESIAN_POINT('Ctrl Pts',(-73.382205656269,-24.1214704892035,-5.14708217516626));
#4811=CARTESIAN_POINT('Ctrl Pts',(-73.1098587279437,-24.454177669847,-5.28546972342174));
#4812=CARTESIAN_POINT('Ctrl Pts',(-74.01654051308,-21.914239268474,-4.05));
#4813=CARTESIAN_POINT('Ctrl Pts',(-74.01654051308,-21.9181992670157,-4.0514000709201));
#4814=CARTESIAN_POINT('Ctrl Pts',(-74.0165344564204,-21.9221596330282,-4.05280022723237));
#4815=CARTESIAN_POINT('Ctrl Pts',(-74.0154627698784,-22.2905772183171,-4.18306136986842));
#4816=CARTESIAN_POINT('Ctrl Pts',(-73.9380066014805,-22.8448841173415,-4.37917490147709));
#4817=CARTESIAN_POINT('Ctrl Pts',(-73.6148489857139,-23.7329631306902,-4.6783059669676));
#4818=CARTESIAN_POINT('Ctrl Pts',(-73.29239390137,-24.2472022379925,-4.83639338981476));
#4819=CARTESIAN_POINT('Ctrl Pts',(-73.01654051286,-24.5599905797881,-4.91602540384796));
#4820=CARTESIAN_POINT('',(-72.516540512915,-23.237114924131,-6.6480762114486));
#4821=CARTESIAN_POINT('',(-73.01654051286,-24.5599905797881,-4.91602540384796));
#4822=CARTESIAN_POINT('Origin',(-71.51654051297,-23.237114924131,-4.91602540384796));
#4823=CARTESIAN_POINT('Ctrl Pts',(-73.01654051286,-24.5599905797881,-4.91602540384796));
#4824=CARTESIAN_POINT('Ctrl Pts',(-73.29239390137,-24.2472022379925,-4.83639338981476));
#4825=CARTESIAN_POINT('Ctrl Pts',(-73.6148489857139,-23.7329631306902,-4.6783059669676));
#4826=CARTESIAN_POINT('Ctrl Pts',(-73.9380066014805,-22.8448841173415,-4.37917490147709));
#4827=CARTESIAN_POINT('Ctrl Pts',(-74.0154627698784,-22.2905772183171,-4.18306136986842));
#4828=CARTESIAN_POINT('Ctrl Pts',(-74.0165344564204,-21.9221596330282,-4.05280022723237));
#4829=CARTESIAN_POINT('Ctrl Pts',(-74.01654051308,-21.9181992670157,-4.0514000709201));
#4830=CARTESIAN_POINT('Ctrl Pts',(-74.01654051308,-21.914239268474,-4.05));
#4831=CARTESIAN_POINT('Ctrl Pts',(-74.01654051308,-21.914239268474,-4.05));
#4832=CARTESIAN_POINT('Ctrl Pts',(-74.01654051308,-21.9162192677398,-4.05420021273888));
#4833=CARTESIAN_POINT('Ctrl Pts',(-74.0165314280906,-21.9181994507511,-4.0584006816971));
#4834=CARTESIAN_POINT('Ctrl Pts',(-74.0149238982773,-22.1024082433957,-4.44918410960614));
#4835=CARTESIAN_POINT('Ctrl Pts',(-73.8987396456806,-22.3795616929078,-5.03752470443146));
#4836=CARTESIAN_POINT('Ctrl Pts',(-73.4140032220308,-22.8236011995822,-5.93491790090313));
#4837=CARTESIAN_POINT('Ctrl Pts',(-72.930320595515,-23.0807207532333,-6.40918016944428));
#4838=CARTESIAN_POINT('Ctrl Pts',(-72.51654051275,-23.237114924131,-6.64807621154386));
#4839=CARTESIAN_POINT('Ctrl Pts',(-72.5165405128237,-23.2371149241077,-6.64807621150088));
#4840=CARTESIAN_POINT('Ctrl Pts',(-72.1048309037754,-23.3927265287863,-6.88577686505976));
#4841=CARTESIAN_POINT('Ctrl Pts',(-71.5935637867007,-23.5352418952583,-7.04999999999931));
#4842=CARTESIAN_POINT('Ctrl Pts',(-71.0165405130811,-23.6462900760426,-7.04999999999948));
#4843=CARTESIAN_POINT('Ctrl Pts',(-72.7907817979873,-23.5595923640131,-6.48974293172411));
#4844=CARTESIAN_POINT('Ctrl Pts',(-72.422455601233,-23.7743843942264,-6.76165801485403));
#4845=CARTESIAN_POINT('Ctrl Pts',(-71.9330928920944,-23.9876614467288,-6.99066186304972));
#4846=CARTESIAN_POINT('Ctrl Pts',(-71.3157398134231,-24.1645184658237,-7.04999999999939));
#4847=CARTESIAN_POINT('Ctrl Pts',(-73.1296378311949,-24.1219706490878,-5.97216977177356));
#4848=CARTESIAN_POINT('Ctrl Pts',(-72.8367960414174,-24.4379914586427,-6.2165346494814));
#4849=CARTESIAN_POINT('Ctrl Pts',(-72.4224535146137,-24.7759863724612,-6.45643017216995));
#4850=CARTESIAN_POINT('Ctrl Pts',(-71.8337737679748,-25.0617795951528,-6.54796197430803));
#4851=CARTESIAN_POINT('Ctrl Pts',(-73.0965275544028,-24.4692937997882,-5.23269196346066));
#4852=CARTESIAN_POINT('Ctrl Pts',(-72.8242200274245,-24.7973573008672,-5.36126736791247));
#4853=CARTESIAN_POINT('Ctrl Pts',(-72.4657075920035,-25.1184515308318,-5.47161545555299));
#4854=CARTESIAN_POINT('Ctrl Pts',(-72.016540513081,-25.3783408836112,-5.49879895051226));
#4855=CARTESIAN_POINT('Ctrl Pts',(-73.0165405129021,-24.559990579741,-4.91602540383525));
#4856=CARTESIAN_POINT('Ctrl Pts',(-72.742067441468,-24.8712137890982,-4.99525895465657));
#4857=CARTESIAN_POINT('Ctrl Pts',(-72.4012226954963,-25.1562445220412,-5.04999999999943));
#4858=CARTESIAN_POINT('Ctrl Pts',(-72.0165405130809,-25.3783408836112,-5.04999999999948));
#4859=CARTESIAN_POINT('',(-71.0165405130806,-23.6462900760426,-7.04999999999948));
#4860=CARTESIAN_POINT('',(-72.0165405130809,-25.3783408836112,-5.04999999999948));
#4861=CARTESIAN_POINT('Origin',(-71.0165405130805,-23.6462900760426,-5.04999999999948));
#4862=CARTESIAN_POINT('Ctrl Pts',(-72.0165405130809,-25.3783408836112,-5.04999999999948));
#4863=CARTESIAN_POINT('Ctrl Pts',(-72.4012226954963,-25.1562445220412,-5.04999999999943));
#4864=CARTESIAN_POINT('Ctrl Pts',(-72.742067441468,-24.8712137890982,-4.99525895465657));
#4865=CARTESIAN_POINT('Ctrl Pts',(-73.0165405129021,-24.559990579741,-4.91602540383525));
#4866=CARTESIAN_POINT('Ctrl Pts',(-72.5165405128237,-23.2371149241077,-6.64807621150088));
#4867=CARTESIAN_POINT('Ctrl Pts',(-72.1048309037754,-23.3927265287863,-6.88577686505976));
#4868=CARTESIAN_POINT('Ctrl Pts',(-71.5935637867007,-23.5352418952583,-7.04999999999931));
#4869=CARTESIAN_POINT('Ctrl Pts',(-71.0165405130811,-23.6462900760426,-7.04999999999948));
#4870=CARTESIAN_POINT('Ctrl Pts',(-70.01654051308,-25.914239268474,-5.04999999999948));
#4871=CARTESIAN_POINT('Ctrl Pts',(-71.0883372828052,-25.914239268474,-5.04999999999948));
#4872=CARTESIAN_POINT('Ctrl Pts',(-72.0165405130811,-25.3783408836111,-5.04999999999948));
#4873=CARTESIAN_POINT('Ctrl Pts',(-70.01654051308,-25.9142392684745,-7.05000000000001));
#4874=CARTESIAN_POINT('Ctrl Pts',(-71.0883372828053,-25.9142392684745,-7.05000000000001));
#4875=CARTESIAN_POINT('Ctrl Pts',(-72.0165405130814,-25.3783408836116,-7.05000000000001));
#4876=CARTESIAN_POINT('Ctrl Pts',(-70.01654051308,-23.914239268474,-7.05));
#4877=CARTESIAN_POINT('Ctrl Pts',(-70.5524388979426,-23.914239268474,-7.05));
#4878=CARTESIAN_POINT('Ctrl Pts',(-71.0165405130806,-23.6462900760426,-7.05));
#4879=CARTESIAN_POINT('',(-70.01654051308,-23.914239268474,-7.05000000000001));
#4880=CARTESIAN_POINT('',(-70.01654051308,-25.914239268474,-5.05));
#4881=CARTESIAN_POINT('Origin',(-70.01654051308,-23.914239268474,-5.05));
#4882=CARTESIAN_POINT('Origin',(-70.01654051308,-21.914239268474,-5.05));
#4883=CARTESIAN_POINT('Origin',(-70.01654051308,-21.914239268474,-7.05000000000001));
#4884=CARTESIAN_POINT('Origin',(-6.91512065024075,-23.914239268474,-5.05));
#4885=CARTESIAN_POINT('',(13.452019304039,-23.914239268474,-7.05));
#4886=CARTESIAN_POINT('',(13.452019304039,-25.914239268474,-5.05));
#4887=CARTESIAN_POINT('Origin',(13.452019304039,-23.914239268474,-5.05));
#4888=CARTESIAN_POINT('',(-6.91512065024075,-25.914239268474,-5.05));
#4889=CARTESIAN_POINT('',(-6.91512065024075,-23.914239268474,-7.05));
#4890=CARTESIAN_POINT('Ctrl Pts',(15.4520193040387,-25.3783408836119,-5.05));
#4891=CARTESIAN_POINT('Ctrl Pts',(14.5238160737633,-25.914239268474,-5.05));
#4892=CARTESIAN_POINT('Ctrl Pts',(13.452019304039,-25.914239268474,-5.05));
#4893=CARTESIAN_POINT('Ctrl Pts',(15.4520193040387,-25.3783408836119,-7.05));
#4894=CARTESIAN_POINT('Ctrl Pts',(14.5238160737633,-25.914239268474,-7.05));
#4895=CARTESIAN_POINT('Ctrl Pts',(13.452019304039,-25.914239268474,-7.05));
#4896=CARTESIAN_POINT('Ctrl Pts',(14.4520193040388,-23.646290076043,-7.05));
#4897=CARTESIAN_POINT('Ctrl Pts',(13.9879176889012,-23.914239268474,-7.05));
#4898=CARTESIAN_POINT('Ctrl Pts',(13.452019304039,-23.914239268474,-7.05));
#4899=CARTESIAN_POINT('',(14.4520193040388,-23.646290076043,-7.04999999999947));
#4900=CARTESIAN_POINT('',(15.4520193040387,-25.3783408836119,-5.05));
#4901=CARTESIAN_POINT('Origin',(14.4520193040388,-23.646290076043,-5.05));
#4902=CARTESIAN_POINT('Origin',(13.452019304039,-21.914239268474,-5.05));
#4903=CARTESIAN_POINT('Origin',(13.452019304039,-21.914239268474,-7.05));
#4904=CARTESIAN_POINT('Ctrl Pts',(14.4520193040389,-23.646290076043,-7.04999999999947));
#4905=CARTESIAN_POINT('Ctrl Pts',(15.029041640042,-23.535242075703,-7.04999999999947));
#4906=CARTESIAN_POINT('Ctrl Pts',(15.5403103663684,-23.3927262758358,-6.885776477344));
#4907=CARTESIAN_POINT('Ctrl Pts',(15.9520193040388,-23.237114924007,-6.64807621135281));
#4908=CARTESIAN_POINT('Ctrl Pts',(14.7512186043807,-24.1645184658242,-7.04999999999946));
#4909=CARTESIAN_POINT('Ctrl Pts',(15.3685706799024,-23.9876617341081,-6.99066195946972));
#4910=CARTESIAN_POINT('Ctrl Pts',(15.8579349927691,-23.7743840449351,-6.76165757132198));
#4911=CARTESIAN_POINT('Ctrl Pts',(16.2262605891776,-23.5595923638748,-6.48974293155543));
#4912=CARTESIAN_POINT('Ctrl Pts',(15.2693627165077,-25.0619703936711,-6.54822645849945));
#4913=CARTESIAN_POINT('Ctrl Pts',(15.8580415065881,-24.7761776353715,-6.45669480509342));
#4914=CARTESIAN_POINT('Ctrl Pts',(16.2723615515748,-24.4380328837403,-6.21660126023424));
#4915=CARTESIAN_POINT('Ctrl Pts',(16.5652028646947,-24.1220125880581,-5.97223678085608));
#4916=CARTESIAN_POINT('Ctrl Pts',(15.4520193040387,-25.3783408836119,-5.49879895051229));
#4917=CARTESIAN_POINT('Ctrl Pts',(15.901185653099,-25.118451953133,-5.47161549972412));
#4918=CARTESIAN_POINT('Ctrl Pts',(16.2596992612257,-24.7973567674084,-5.36126715853693));
#4919=CARTESIAN_POINT('Ctrl Pts',(16.5320063455395,-24.4692937995761,-5.23269196337813));
#4920=CARTESIAN_POINT('Ctrl Pts',(15.4520193040387,-25.3783408836119,-5.04999999999947));
#4921=CARTESIAN_POINT('Ctrl Pts',(15.8367008613747,-25.1562448829318,-5.04999999999947));
#4922=CARTESIAN_POINT('Ctrl Pts',(16.1775466786296,-24.8712132831962,-4.99525882586634));
#4923=CARTESIAN_POINT('Ctrl Pts',(16.4520193040411,-24.5599905795388,-4.91602540378287));
#4924=CARTESIAN_POINT('',(15.9520193040388,-23.237114924007,-6.64807621135283));
#4925=CARTESIAN_POINT('',(16.4520193040398,-24.5599905795377,-4.91602540378287));
#4926=CARTESIAN_POINT('Origin',(14.9520193040407,-23.2371149240069,-4.91602540378287));
#4927=CARTESIAN_POINT('Ctrl Pts',(16.4520193040411,-24.5599905795388,-4.91602540378287));
#4928=CARTESIAN_POINT('Ctrl Pts',(16.1775466786296,-24.8712132831962,-4.99525882586634));
#4929=CARTESIAN_POINT('Ctrl Pts',(15.8367008613747,-25.1562448829318,-5.04999999999947));
#4930=CARTESIAN_POINT('Ctrl Pts',(15.4520193040387,-25.3783408836119,-5.04999999999947));
#4931=CARTESIAN_POINT('Ctrl Pts',(14.4520193040389,-23.646290076043,-7.04999999999947));
#4932=CARTESIAN_POINT('Ctrl Pts',(15.029041640042,-23.535242075703,-7.04999999999947));
#4933=CARTESIAN_POINT('Ctrl Pts',(15.5403103663684,-23.3927262758358,-6.885776477344));
#4934=CARTESIAN_POINT('Ctrl Pts',(15.9520193040388,-23.237114924007,-6.64807621135281));
#4935=CARTESIAN_POINT('Ctrl Pts',(15.9520193040405,-23.2371149240057,-6.64807621135247));
#4936=CARTESIAN_POINT('Ctrl Pts',(16.3657993867093,-23.080720753118,-6.40918016923801));
#4937=CARTESIAN_POINT('Ctrl Pts',(16.8494924189201,-22.8235975360112,-5.93490404182356));
#4938=CARTESIAN_POINT('Ctrl Pts',(17.3342273792071,-22.3795584340666,-5.03751315257875));
#4939=CARTESIAN_POINT('Ctrl Pts',(17.4504051761447,-22.1024073141768,-4.44918090609145));
#4940=CARTESIAN_POINT('Ctrl Pts',(17.4520102008989,-21.9181994575434,-4.0584007050869));
#4941=CARTESIAN_POINT('Ctrl Pts',(17.452019304039,-21.916219267743,-4.05420021272982));
#4942=CARTESIAN_POINT('Ctrl Pts',(17.452019304039,-21.914239268474,-4.05));
#4943=CARTESIAN_POINT('Ctrl Pts',(16.2262605891786,-23.5595923638734,-6.48974293155487));
#4944=CARTESIAN_POINT('Ctrl Pts',(16.5964508817647,-23.3437299387326,-6.21647829749233));
#4945=CARTESIAN_POINT('Ctrl Pts',(16.9900733315386,-23.0123237820249,-5.73765406996778));
#4946=CARTESIAN_POINT('Ctrl Pts',(17.3653789149019,-22.4680444111837,-4.9121197495587));
#4947=CARTESIAN_POINT('Ctrl Pts',(17.450691170295,-22.1382190371124,-4.3983866042129));
#4948=CARTESIAN_POINT('Ctrl Pts',(17.4520134232456,-21.9189539999776,-4.05733472492901));
#4949=CARTESIAN_POINT('Ctrl Pts',(17.452019304039,-21.916596410461,-4.05366685238319));
#4950=CARTESIAN_POINT('Ctrl Pts',(17.452019304039,-21.914239268474,-4.05));
#4951=CARTESIAN_POINT('Ctrl Pts',(16.5650422958562,-24.12194248376,-5.97209634957467));
#4952=CARTESIAN_POINT('Ctrl Pts',(16.859379305561,-23.8043469318177,-5.72654833346274));
#4953=CARTESIAN_POINT('Ctrl Pts',(17.1403597759995,-23.3431853278587,-5.3316470607993));
#4954=CARTESIAN_POINT('Ctrl Pts',(17.3971943775476,-22.6236193010022,-4.69362051031712));
#4955=CARTESIAN_POINT('Ctrl Pts',(17.4512824209566,-22.2010081251854,-4.30986457007752));
#4956=CARTESIAN_POINT('Ctrl Pts',(17.4520144240164,-21.9202735880918,-4.05546656121109));
#4957=CARTESIAN_POINT('Ctrl Pts',(17.452019304039,-21.9172564102173,-4.0527334717766));
#4958=CARTESIAN_POINT('Ctrl Pts',(17.452019304039,-21.914239268474,-4.05));
#4959=CARTESIAN_POINT('Ctrl Pts',(16.5320063455386,-24.4692937995746,-5.23269196337896));
#4960=CARTESIAN_POINT('Ctrl Pts',(16.805667366598,-24.1395698464947,-5.10343859964967));
#4961=CARTESIAN_POINT('Ctrl Pts',(17.1008459919417,-23.6260260933245,-4.87434558436008));
#4962=CARTESIAN_POINT('Ctrl Pts',(17.3857751072097,-22.7784769941148,-4.47355977740686));
#4963=CARTESIAN_POINT('Ctrl Pts',(17.451079314166,-22.2636772883478,-4.2211105268748));
#4964=CARTESIAN_POINT('Ctrl Pts',(17.4520142366315,-21.9215940353154,-4.05360006790333));
#4965=CARTESIAN_POINT('Ctrl Pts',(17.452019304039,-21.9179164099737,-4.05180009117));
#4966=CARTESIAN_POINT('Ctrl Pts',(17.452019304039,-21.914239268474,-4.05));
#4967=CARTESIAN_POINT('Ctrl Pts',(16.45201930404,-24.5599905795375,-4.91602540378416));
#4968=CARTESIAN_POINT('Ctrl Pts',(16.727872692486,-24.2472022377619,-4.83639338974595));
#4969=CARTESIAN_POINT('Ctrl Pts',(17.0503347139598,-23.7329558035482,-4.67830134727432));
#4970=CARTESIAN_POINT('Ctrl Pts',(17.3734913541511,-22.8448775996589,-4.37917105085944));
#4971=CARTESIAN_POINT('Ctrl Pts',(17.4509432187763,-22.290575359879,-4.18306030202998));
#4972=CARTESIAN_POINT('Ctrl Pts',(17.4520132352789,-21.9221596466128,-4.05280023502897));
#4973=CARTESIAN_POINT('Ctrl Pts',(17.452019304039,-21.9181992670122,-4.05140007091003));
#4974=CARTESIAN_POINT('Ctrl Pts',(17.452019304039,-21.914239268474,-4.05));
#4975=CARTESIAN_POINT('Ctrl Pts',(15.9520193040405,-23.2371149240057,-6.64807621135247));
#4976=CARTESIAN_POINT('Ctrl Pts',(16.3657993867093,-23.080720753118,-6.40918016923801));
#4977=CARTESIAN_POINT('Ctrl Pts',(16.8494924189201,-22.8235975360112,-5.93490404182356));
#4978=CARTESIAN_POINT('Ctrl Pts',(17.3342273792071,-22.3795584340666,-5.03751315257875));
#4979=CARTESIAN_POINT('Ctrl Pts',(17.4504051761447,-22.1024073141768,-4.44918090609145));
#4980=CARTESIAN_POINT('Ctrl Pts',(17.4520102008989,-21.9181994575434,-4.0584007050869));
#4981=CARTESIAN_POINT('Ctrl Pts',(17.452019304039,-21.916219267743,-4.05420021272982));
#4982=CARTESIAN_POINT('Ctrl Pts',(17.452019304039,-21.914239268474,-4.05));
#4983=CARTESIAN_POINT('Ctrl Pts',(17.452019304039,-21.914239268474,-4.05));
#4984=CARTESIAN_POINT('Ctrl Pts',(17.452019304039,-21.9181992670122,-4.05140007091003));
#4985=CARTESIAN_POINT('Ctrl Pts',(17.4520132352789,-21.9221596466128,-4.05280023502897));
#4986=CARTESIAN_POINT('Ctrl Pts',(17.4509432187763,-22.290575359879,-4.18306030202998));
#4987=CARTESIAN_POINT('Ctrl Pts',(17.3734913541511,-22.8448775996589,-4.37917105085944));
#4988=CARTESIAN_POINT('Ctrl Pts',(17.0503347139598,-23.7329558035482,-4.67830134727432));
#4989=CARTESIAN_POINT('Ctrl Pts',(16.727872692486,-24.2472022377619,-4.83639338974595));
#4990=CARTESIAN_POINT('Ctrl Pts',(16.45201930404,-24.5599905795375,-4.91602540378416));
#4991=CARTESIAN_POINT('Ctrl Pts',(15.952019304039,12.056760731526,-6.64807621135332));
#4992=CARTESIAN_POINT('Ctrl Pts',(15.9520193040388,-35.943239268474,-6.6480762113526));
#4993=CARTESIAN_POINT('Ctrl Pts',(15.9490938245919,12.056760731526,-6.64976523769961));
#4994=CARTESIAN_POINT('Ctrl Pts',(15.9490938245917,-35.943239268474,-6.64976523769889));
#4995=CARTESIAN_POINT('Ctrl Pts',(15.9461654944214,12.056760731526,-6.65144932162935));
#4996=CARTESIAN_POINT('Ctrl Pts',(15.9461654944212,-35.943239268474,-6.65144932162863));
#4997=CARTESIAN_POINT('Ctrl Pts',(15.9432343260581,12.056760731526,-6.65312845593614));
#4998=CARTESIAN_POINT('Ctrl Pts',(15.9432343260579,-35.943239268474,-6.65312845593542));
#4999=CARTESIAN_POINT('Ctrl Pts',(15.9071860557913,12.056760731526,-6.67377888600508));
#5000=CARTESIAN_POINT('Ctrl Pts',(15.907186055791,-35.943239268474,-6.67377888600436));
#5001=CARTESIAN_POINT('Ctrl Pts',(15.7699109859856,12.056760731526,-6.75730302009863));
#5002=CARTESIAN_POINT('Ctrl Pts',(15.7699109859854,-35.943239268474,-6.75730302009791));
#5003=CARTESIAN_POINT('Ctrl Pts',(15.2720569128157,12.056760731526,-6.94890743729069));
#5004=CARTESIAN_POINT('Ctrl Pts',(15.2720569128155,-35.943239268474,-6.94890743728997));
#5005=CARTESIAN_POINT('Ctrl Pts',(14.897536055291,12.056760731526,-7.05));
#5006=CARTESIAN_POINT('Ctrl Pts',(14.8975360552908,-35.943239268474,-7.04999999999928));
#5007=CARTESIAN_POINT('Ctrl Pts',(14.452019304039,12.056760731526,-7.05));
#5008=CARTESIAN_POINT('Ctrl Pts',(14.4520193040388,-35.943239268474,-7.04999999999928));
#5009=CARTESIAN_POINT('',(14.452019304039,-22.3828662350709,-7.05));
#5010=CARTESIAN_POINT('',(14.452019304039,12.056760731526,-7.05));
#5011=CARTESIAN_POINT('',(15.952019304039,-18.414239268474,-6.64807621135331));
#5012=CARTESIAN_POINT('Ctrl Pts',(15.952019304039,-18.414239268474,-6.64807621135332));
#5013=CARTESIAN_POINT('Ctrl Pts',(15.952019304039,-19.1457690530246,-6.64807621135332));
#5014=CARTESIAN_POINT('Ctrl Pts',(15.8112938499458,-19.9152646779403,-6.74137638625522));
#5015=CARTESIAN_POINT('Ctrl Pts',(15.2720569128157,-21.2752419595308,-6.94890743729069));
#5016=CARTESIAN_POINT('Ctrl Pts',(14.897536055291,-21.8776977227597,-7.05));
#5017=CARTESIAN_POINT('Ctrl Pts',(14.452019304039,-22.3828662350709,-7.05));
#5018=CARTESIAN_POINT('',(15.952019304039,-7.914239268474,-6.64807621135331));
#5019=CARTESIAN_POINT('Origin',(14.452019304039,-25.914239268474,-7.05));
#5020=CARTESIAN_POINT('',(-71.01654051308,-22.3828662350709,-7.05000000000001));
#5021=CARTESIAN_POINT('',(-71.01654051308,12.056760731526,-7.05000000000002));
#5022=CARTESIAN_POINT('',(-71.01654051308,-25.914239268474,-7.05000000000001));
#5023=CARTESIAN_POINT('',(-52.7196651542724,7.05676073152599,-7.05000000000001));
#5024=CARTESIAN_POINT('Origin',(-57.7196651542724,7.05676073152599,-7.05));
#5025=CARTESIAN_POINT('',(-52.7196651542724,0.277644769362835,-7.05000000000001));
#5026=CARTESIAN_POINT('',(-52.7196651542724,-6.92873926847401,-7.05000000000001));
#5027=CARTESIAN_POINT('',(-47.7196651542724,-4.72235523063716,-7.05000000000001));
#5028=CARTESIAN_POINT('Origin',(-47.7196651542724,0.277644769362834,-7.05000000000001));
#5029=CARTESIAN_POINT('',(-8.76467334609427,-4.72235523063716,-7.05000000000001));
#5030=CARTESIAN_POINT('',(-19.1338229251167,-4.72235523063716,-7.05000000000001));
#5031=CARTESIAN_POINT('',(-3.76467334609427,0.277644769362835,-7.05000000000001));
#5032=CARTESIAN_POINT('Origin',(-8.76467334609427,0.277644769362835,-7.05000000000001));
#5033=CARTESIAN_POINT('',(-3.76467334609427,-15.3182972495556,-7.05));
#5034=CARTESIAN_POINT('',(14.452019304039,-25.914239268474,-7.05));
#5035=CARTESIAN_POINT('Ctrl Pts',(-71.01654051308,12.056760731526,-7.05000000000002));
#5036=CARTESIAN_POINT('Ctrl Pts',(-71.0165405130802,-35.943239268474,-7.0499999999993));
#5037=CARTESIAN_POINT('Ctrl Pts',(-71.462057264332,12.056760731526,-7.05000000000002));
#5038=CARTESIAN_POINT('Ctrl Pts',(-71.4620572643322,-35.943239268474,-7.0499999999993));
#5039=CARTESIAN_POINT('Ctrl Pts',(-71.8365781218567,12.056760731526,-6.94890743729071));
#5040=CARTESIAN_POINT('Ctrl Pts',(-71.8365781218569,-35.943239268474,-6.94890743728999));
#5041=CARTESIAN_POINT('Ctrl Pts',(-72.3344321950266,12.056760731526,-6.75730302009864));
#5042=CARTESIAN_POINT('Ctrl Pts',(-72.3344321950269,-35.943239268474,-6.75730302009793));
#5043=CARTESIAN_POINT('Ctrl Pts',(-72.4717072648323,12.056760731526,-6.6737788860051));
#5044=CARTESIAN_POINT('Ctrl Pts',(-72.4717072648325,-35.943239268474,-6.67377888600438));
#5045=CARTESIAN_POINT('Ctrl Pts',(-72.5077555350991,12.056760731526,-6.65312845593615));
#5046=CARTESIAN_POINT('Ctrl Pts',(-72.5077555350994,-35.943239268474,-6.65312845593544));
#5047=CARTESIAN_POINT('Ctrl Pts',(-72.5106867034622,12.056760731526,-6.65144932162945));
#5048=CARTESIAN_POINT('Ctrl Pts',(-72.5106867034624,-35.943239268474,-6.65144932162874));
#5049=CARTESIAN_POINT('Ctrl Pts',(-72.5136150336331,12.056760731526,-6.64976523769954));
#5050=CARTESIAN_POINT('Ctrl Pts',(-72.5136150336333,-35.943239268474,-6.64976523769882));
#5051=CARTESIAN_POINT('Ctrl Pts',(-72.51654051308,12.056760731526,-6.64807621135333));
#5052=CARTESIAN_POINT('Ctrl Pts',(-72.5165405130802,-35.943239268474,-6.64807621135261));
#5053=CARTESIAN_POINT('',(-72.51654051308,-18.414239268474,-6.64807621135333));
#5054=CARTESIAN_POINT('',(-72.51654051308,-7.914239268474,-6.64807621135333));
#5055=CARTESIAN_POINT('Ctrl Pts',(-71.01654051308,-22.3828662350709,-7.05000000000002));
#5056=CARTESIAN_POINT('Ctrl Pts',(-71.462057264332,-21.8776977227597,-7.05000000000002));
#5057=CARTESIAN_POINT('Ctrl Pts',(-71.8365781218567,-21.2752419595308,-6.94890743729071));
#5058=CARTESIAN_POINT('Ctrl Pts',(-72.3758150589868,-19.9152646779403,-6.74137638625524));
#5059=CARTESIAN_POINT('Ctrl Pts',(-72.51654051308,-19.1457690530246,-6.64807621135333));
#5060=CARTESIAN_POINT('Ctrl Pts',(-72.51654051308,-18.414239268474,-6.64807621135333));
#5061=CARTESIAN_POINT('Origin',(-71.01654051308,-25.914239268474,-4.05));
#5062=CARTESIAN_POINT('Origin',(-70.01654051308,-21.914239268474,-7.05000000000001));
#5063=CARTESIAN_POINT('',(-70.01654051308,-25.914239268474,-7.05000000000001));
#5064=CARTESIAN_POINT('Origin',(13.452019304039,-21.914239268474,-7.05000000000001));
#5065=CARTESIAN_POINT('',(13.452019304039,-25.914239268474,-7.05000000000001));
#5066=CARTESIAN_POINT('Origin',(-28.2822606045205,-25.914239268474,3.09999999999999));
#5067=CARTESIAN_POINT('Origin',(-66.51654051308,-18.414239268474,-7.05000000000001));
#5068=CARTESIAN_POINT('Origin',(-66.51654051308,-18.414239268474,11.75));
#5069=CARTESIAN_POINT('Origin',(-71.01654051308,-25.914239268474,11.75));
#5070=CARTESIAN_POINT('Origin',(-71.01654051308,-25.914239268474,10.25));
#5071=CARTESIAN_POINT('Origin',(-57.7196651542724,7.05676073152599,-7.05000000000001));
#5072=CARTESIAN_POINT('',(-52.7196651542724,7.05676073152599,-7.05000000000001));
#5073=CARTESIAN_POINT('Origin',(-3.76467334609427,-4.72235523063716,-7.05000000000001));
#5074=CARTESIAN_POINT('',(-3.76467334609427,0.277644769362835,-7.05000000000001));
#5075=CARTESIAN_POINT('Origin',(-52.7196651542724,12.056760731526,-7.05000000000001));
#5076=CARTESIAN_POINT('',(-52.7196651542724,0.277644769362834,-7.05000000000001));
#5077=CARTESIAN_POINT('Origin',(-47.7196651542724,0.277644769362834,-7.05000000000001));
#5078=CARTESIAN_POINT('',(-47.7196651542724,-4.72235523063716,-7.05000000000001));
#5079=CARTESIAN_POINT('Origin',(-52.7196651542724,-4.72235523063716,-7.05000000000001));
#5080=CARTESIAN_POINT('',(-8.76467334609427,-4.72235523063716,-7.05000000000001));
#5081=CARTESIAN_POINT('Origin',(-8.76467334609427,0.277644769362835,-7.05000000000001));
#5082=CARTESIAN_POINT('Origin',(14.452019304039,-25.914239268474,-4.05));
#5083=CARTESIAN_POINT('',(0.,0.,0.));
#5084=UNCERTAINTY_MEASURE_WITH_UNIT(LENGTH_MEASURE(0.01),#5090,
'DISTANCE_ACCURACY_VALUE',
'Maximum model space distance between geometric entities at asserted c
onnectivities');
#5085=UNCERTAINTY_MEASURE_WITH_UNIT(LENGTH_MEASURE(0.01),#5090,
'DISTANCE_ACCURACY_VALUE',
'Maximum model space distance between geometric entities at asserted c
onnectivities');
#5086=UNCERTAINTY_MEASURE_WITH_UNIT(LENGTH_MEASURE(0.01),#5090,
'DISTANCE_ACCURACY_VALUE',
'Maximum model space distance between geometric entities at asserted c
onnectivities');
#5087=(
GEOMETRIC_REPRESENTATION_CONTEXT(3)
GLOBAL_UNCERTAINTY_ASSIGNED_CONTEXT((#5084))
GLOBAL_UNIT_ASSIGNED_CONTEXT((#5090,#5092,#5093))
REPRESENTATION_CONTEXT('','3D')
);
#5088=(
GEOMETRIC_REPRESENTATION_CONTEXT(3)
GLOBAL_UNCERTAINTY_ASSIGNED_CONTEXT((#5085))
GLOBAL_UNIT_ASSIGNED_CONTEXT((#5090,#5092,#5093))
REPRESENTATION_CONTEXT('','3D')
);
#5089=(
GEOMETRIC_REPRESENTATION_CONTEXT(3)
GLOBAL_UNCERTAINTY_ASSIGNED_CONTEXT((#5086))
GLOBAL_UNIT_ASSIGNED_CONTEXT((#5090,#5092,#5093))
REPRESENTATION_CONTEXT('','3D')
);
#5090=(
LENGTH_UNIT()
NAMED_UNIT(*)
SI_UNIT(.MILLI.,.METRE.)
);
#5091=(
LENGTH_UNIT()
NAMED_UNIT(*)
SI_UNIT($,.METRE.)
);
#5092=(
NAMED_UNIT(*)
PLANE_ANGLE_UNIT()
SI_UNIT($,.RADIAN.)
);
#5093=(
NAMED_UNIT(*)
SI_UNIT($,.STERADIAN.)
SOLID_ANGLE_UNIT()
);
#5094=SHAPE_DEFINITION_REPRESENTATION(#5096,#5099);
#5095=SHAPE_DEFINITION_REPRESENTATION(#5097,#5100);
#5096=PRODUCT_DEFINITION_SHAPE('',$,#5102);
#5097=PRODUCT_DEFINITION_SHAPE('',$,#5103);
#5098=PRODUCT_DEFINITION_SHAPE($,$,#14);
#5099=SHAPE_REPRESENTATION('',(#2660,#2839),#5087);
#5100=SHAPE_REPRESENTATION('',(#2661),#5088);
#5101=PRODUCT_DEFINITION_CONTEXT('part definition',#5109,'design');
#5102=PRODUCT_DEFINITION('hWa2-PCBModel','\X2\63A0593A800553CC98917387\X0\ 
v19',#5104,#5101);
#5103=PRODUCT_DEFINITION('\X2\65367EB358F3\X0\','\X2\65367EB358F3\X0\',
#5105,#5101);
#5104=PRODUCT_DEFINITION_FORMATION('',$,#5111);
#5105=PRODUCT_DEFINITION_FORMATION('',$,#5112);
#5106=PRODUCT_RELATED_PRODUCT_CATEGORY('\X2\63A0593A800553CC98917387\X0\ 
v19','\X2\63A0593A800553CC98917387\X0\ v19',(#5111));
#5107=PRODUCT_RELATED_PRODUCT_CATEGORY('\X2\65367EB358F3\X0\',
'\X2\65367EB358F3\X0\',(#5112));
#5108=APPLICATION_PROTOCOL_DEFINITION('international standard',
'automotive_design',2009,#5109);
#5109=APPLICATION_CONTEXT(
'Core Data for Automotive Mechanical Design Process');
#5110=PRODUCT_CONTEXT('part definition',#5109,'mechanical');
#5111=PRODUCT('hWa2-PCBModel','\X2\63A0593A800553CC98917387\X0\ v19',
'Designed by EasyEDA Pro',(#5110));
#5112=PRODUCT('\X2\65367EB358F3\X0\','\X2\65367EB358F3\X0\',$,(#5110));
#5113=PRESENTATION_STYLE_ASSIGNMENT((#5114));
#5114=SURFACE_STYLE_USAGE(.BOTH.,#5115);
#5115=SURFACE_SIDE_STYLE('',(#5116));
#5116=SURFACE_STYLE_FILL_AREA(#5117);
#5117=FILL_AREA_STYLE('\X2\94A2\X0\ - \X2\7F0E5149\X0\',(#5118));
#5118=FILL_AREA_STYLE_COLOUR('\X2\94A2\X0\ - \X2\7F0E5149\X0\',#5119);
#5119=COLOUR_RGB('\X2\94A2\X0\ - \X2\7F0E5149\X0\',0.627450980392157,0.627450980392157,
0.627450980392157);
ENDSEC;
END-ISO-10303-21;
