ISO-10303-21;
HEADER;
/* Generated by software containing ST-Developer
 * from STEP Tools, Inc. (www.steptools.com) 
 */

FILE_DESCRIPTION(
/* description */ ('Designed by EasyEDA Pro'),
/* implementation_level */ '2;1');

FILE_NAME(
/* name */ '',
/* time_stamp */ '2026-01-09T18:54:28+08:00',
/* author */ (''),
/* organization */ (''),
/* preprocessor_version */ 'ST-DEVELOPER v20.1',
/* originating_system */ 'Autodesk Translation Framework v14.21.0.0',
/* authorisation */ '');

FILE_SCHEMA (('AUTOMOTIVE_DESIGN { 1 0 10303 214 3 1 1 }'));
ENDSEC;

DATA;
#10=MECHANICAL_DESIGN_GEOMETRIC_PRESENTATION_REPRESENTATION('',(#17),#4083);
#11=ITEM_DEFINED_TRANSFORMATION($,$,#2395,#2608);
#12=(
REPRESENTATION_RELATIONSHIP($,$,#4094,#4093)
REPRESENTATION_RELATIONSHIP_WITH_TRANSFORMATION(#11)
SHAPE_REPRESENTATION_RELATIONSHIP()
);
#13=CONTEXT_DEPENDENT_SHAPE_REPRESENTATION(#12,#4092);
#14=NEXT_ASSEMBLY_USAGE_OCCURRENCE('\X2\987658F3\X0\:1','\X2\987658F3\X0\:
1','\X2\987658F3\X0\:1',#4096,#4097,'\X2\987658F3\X0\:1');
#15=SHAPE_REPRESENTATION_RELATIONSHIP('SRR','None',#4094,#16);
#16=ADVANCED_BREP_SHAPE_REPRESENTATION('',(#18),#4082);
#17=STYLED_ITEM('',(#4107),#18);
#18=MANIFOLD_SOLID_BREP('\X2\5B9E4F53\X0\1',#2381);
#19=TOROIDAL_SURFACE('',#2507,4.78731013462,2.);
#20=TOROIDAL_SURFACE('',#2513,4.7873101346211,2.);
#21=TOROIDAL_SURFACE('',#2521,4.78731013462047,2.);
#22=TOROIDAL_SURFACE('',#2527,4.787310134612,2.);
#23=ELLIPSE('',#2496,2.0615094398183,2.);
#24=ELLIPSE('',#2497,2.0615094398183,2.);
#25=ELLIPSE('',#2499,2.06151798254813,2.);
#26=ELLIPSE('',#2500,2.06151798254813,2.);
#27=ELLIPSE('',#2503,2.8280209118585,2.);
#28=ELLIPSE('',#2506,2.82792127318975,2.);
#29=B_SPLINE_SURFACE_WITH_KNOTS('',3,3,((#3733,#3734,#3735,#3736,#3737,
#3738),(#3739,#3740,#3741,#3742,#3743,#3744),(#3745,#3746,#3747,#3748,#3749,
#3750),(#3751,#3752,#3753,#3754,#3755,#3756),(#3757,#3758,#3759,#3760,#3761,
#3762)),.UNSPECIFIED.,.F.,.F.,.F.,(4,1,4),(4,1,1,4),(0.,0.571428571428571,
1.),(-8.02519080925191E-17,0.448798950512827,0.897597901025654,1.57079632679489),
 .UNSPECIFIED.);
#30=B_SPLINE_SURFACE_WITH_KNOTS('',3,3,((#3769,#3770,#3771,#3772,#3773,
#3774),(#3775,#3776,#3777,#3778,#3779,#3780),(#3781,#3782,#3783,#3784,#3785,
#3786),(#3787,#3788,#3789,#3790,#3791,#3792),(#3793,#3794,#3795,#3796,#3797,
#3798)),.UNSPECIFIED.,.F.,.F.,.F.,(4,1,4),(4,1,1,4),(0.,0.571428571428571,
1.),(2.77555756156292E-16,0.448798950512827,0.67319842576924,1.57079632679489),
 .UNSPECIFIED.);
#31=B_SPLINE_SURFACE_WITH_KNOTS('',3,1,((#3986,#3987),(#3988,#3989),(#3990,
#3991),(#3992,#3993),(#3994,#3995),(#3996,#3997),(#3998,#3999)),
 .UNSPECIFIED.,.F.,.F.,.F.,(4,3,4),(2,2),(0.,0.319280836403373,1.5707963267949),
(0.,1.5),.UNSPECIFIED.);
#32=B_SPLINE_SURFACE_WITH_KNOTS('',3,1,((#4015,#4016),(#4017,#4018),(#4019,
#4020),(#4021,#4022),(#4023,#4024),(#4025,#4026),(#4027,#4028)),
 .UNSPECIFIED.,.F.,.F.,.F.,(4,3,4),(2,2),(-1.5707963267949,-1.25151549039152,
2.44929361499856E-16),(0.,1.5),.UNSPECIFIED.);
#33=CONICAL_SURFACE('',#2455,0.877000253999999,0.785398163397447);
#34=CONICAL_SURFACE('',#2458,0.877000253999999,0.785398163397448);
#35=CONICAL_SURFACE('',#2467,0.877000254,0.785398163397448);
#36=CONICAL_SURFACE('',#2470,0.877000254,0.785398163397448);
#37=B_SPLINE_CURVE_WITH_KNOTS('',3,(#3555,#3556,#3557,#3558,#3559,#3560,
#3561),.UNSPECIFIED.,.F.,.F.,(4,3,4),(-1.5707963267949,-1.25151549039152,
2.28847565748251E-17),.UNSPECIFIED.);
#38=B_SPLINE_CURVE_WITH_KNOTS('',3,(#3565,#3566,#3567,#3568,#3569,#3570,
#3571),.UNSPECIFIED.,.F.,.F.,(4,3,4),(1.11022302462516E-16,0.319280836403373,
1.5707963267949),.UNSPECIFIED.);
#39=B_SPLINE_CURVE_WITH_KNOTS('',3,(#4002,#4003,#4004,#4005,#4006,#4007,
#4008),.UNSPECIFIED.,.F.,.F.,(4,3,4),(0.,0.169386744320906,0.212599906137628),
 .UNSPECIFIED.);
#40=B_SPLINE_CURVE_WITH_KNOTS('',3,(#4030,#4031,#4032,#4033,#4034,#4035,
#4036),.UNSPECIFIED.,.F.,.F.,(4,3,4),(0.,0.169386744279527,0.212599906085693),
 .UNSPECIFIED.);
#41=FACE_BOUND('',#323,.T.);
#42=FACE_BOUND('',#354,.T.);
#43=FACE_BOUND('',#355,.T.);
#44=FACE_BOUND('',#361,.T.);
#45=FACE_BOUND('',#363,.T.);
#46=FACE_BOUND('',#365,.T.);
#47=FACE_BOUND('',#367,.T.);
#48=FACE_BOUND('',#396,.T.);
#49=FACE_BOUND('',#397,.T.);
#50=FACE_BOUND('',#398,.T.);
#51=FACE_BOUND('',#399,.T.);
#52=FACE_BOUND('',#400,.T.);
#53=FACE_BOUND('',#402,.T.);
#54=FACE_BOUND('',#406,.T.);
#55=FACE_BOUND('',#410,.T.);
#56=FACE_BOUND('',#414,.T.);
#57=FACE_BOUND('',#419,.T.);
#58=FACE_BOUND('',#420,.T.);
#59=CIRCLE('',#2398,1.06999998828994);
#60=CIRCLE('',#2399,1.06999998828994);
#61=CIRCLE('',#2402,1.06999998829);
#62=CIRCLE('',#2403,1.06999998829);
#63=CIRCLE('',#2406,0.627000254000001);
#64=CIRCLE('',#2407,0.627000254000001);
#65=CIRCLE('',#2410,0.627000254000001);
#66=CIRCLE('',#2411,0.627000254000001);
#67=CIRCLE('',#2414,0.627000254);
#68=CIRCLE('',#2415,0.627000254);
#69=CIRCLE('',#2418,0.627000254);
#70=CIRCLE('',#2419,0.627000254);
#71=CIRCLE('',#2435,5.28731013462001);
#72=CIRCLE('',#2436,6.78731013462);
#73=CIRCLE('',#2444,2.8);
#74=CIRCLE('',#2445,2.8);
#75=CIRCLE('',#2447,2.8);
#76=CIRCLE('',#2448,2.8);
#77=CIRCLE('',#2452,5.2873101346211);
#78=CIRCLE('',#2453,6.7873101346211);
#79=CIRCLE('',#2456,1.627000254);
#80=CIRCLE('',#2459,1.627000254);
#81=CIRCLE('',#2462,5.287310134612);
#82=CIRCLE('',#2463,5.28731013462047);
#83=CIRCLE('',#2464,2.25);
#84=CIRCLE('',#2465,2.25000000000001);
#85=CIRCLE('',#2468,1.627000254);
#86=CIRCLE('',#2471,1.627000254);
#87=CIRCLE('',#2473,2.25);
#88=CIRCLE('',#2474,1.);
#89=CIRCLE('',#2476,2.25);
#90=CIRCLE('',#2477,1.);
#91=CIRCLE('',#2479,2.25);
#92=CIRCLE('',#2480,1.);
#93=CIRCLE('',#2482,2.25000000000001);
#94=CIRCLE('',#2483,1.);
#95=CIRCLE('',#2492,6.78731013462047);
#96=CIRCLE('',#2493,1.5);
#97=CIRCLE('',#2494,5.28731013462047);
#98=CIRCLE('',#2498,1.5);
#99=CIRCLE('',#2501,1.5);
#100=CIRCLE('',#2505,2.);
#101=CIRCLE('',#2508,2.);
#102=CIRCLE('',#2509,4.78731013462);
#103=CIRCLE('',#2510,6.78731013462);
#104=CIRCLE('',#2512,2.);
#105=CIRCLE('',#2514,2.);
#106=CIRCLE('',#2515,4.7873101346211);
#107=CIRCLE('',#2516,6.7873101346211);
#108=CIRCLE('',#2520,2.);
#109=CIRCLE('',#2522,2.);
#110=CIRCLE('',#2523,4.78731013462047);
#111=CIRCLE('',#2524,6.78731013462047);
#112=CIRCLE('',#2526,2.);
#113=CIRCLE('',#2528,2.);
#114=CIRCLE('',#2529,4.787310134612);
#115=CIRCLE('',#2530,6.787310134612);
#116=CIRCLE('',#2534,2.75);
#117=CIRCLE('',#2538,1.6);
#118=CIRCLE('',#2539,1.6);
#119=CIRCLE('',#2540,1.6);
#120=CIRCLE('',#2541,1.6);
#121=CIRCLE('',#2543,1.6);
#122=CIRCLE('',#2544,1.);
#123=CIRCLE('',#2548,1.6);
#124=CIRCLE('',#2549,1.);
#125=CIRCLE('',#2553,1.6);
#126=CIRCLE('',#2554,1.);
#127=CIRCLE('',#2558,1.6);
#128=CIRCLE('',#2559,1.);
#129=CIRCLE('',#2564,5.2873101346211);
#130=CIRCLE('',#2565,5.28731013462001);
#131=CIRCLE('',#2566,2.25);
#132=CIRCLE('',#2567,2.25);
#133=CIRCLE('',#2572,2.75);
#134=CIRCLE('',#2573,2.75);
#135=CIRCLE('',#2578,5.287310134612);
#136=CIRCLE('',#2579,1.5);
#137=CIRCLE('',#2580,6.787310134612);
#138=CIRCLE('',#2582,2.75);
#139=CYLINDRICAL_SURFACE('',#2397,1.06999998828994);
#140=CYLINDRICAL_SURFACE('',#2401,1.06999998829);
#141=CYLINDRICAL_SURFACE('',#2405,0.627000254000001);
#142=CYLINDRICAL_SURFACE('',#2409,0.627000254000001);
#143=CYLINDRICAL_SURFACE('',#2413,0.627000254);
#144=CYLINDRICAL_SURFACE('',#2417,0.627000254);
#145=CYLINDRICAL_SURFACE('',#2443,2.8);
#146=CYLINDRICAL_SURFACE('',#2446,2.8);
#147=CYLINDRICAL_SURFACE('',#2502,2.);
#148=CYLINDRICAL_SURFACE('',#2504,2.);
#149=CYLINDRICAL_SURFACE('',#2511,2.);
#150=CYLINDRICAL_SURFACE('',#2517,2.);
#151=CYLINDRICAL_SURFACE('',#2518,2.);
#152=CYLINDRICAL_SURFACE('',#2519,2.);
#153=CYLINDRICAL_SURFACE('',#2525,2.);
#154=CYLINDRICAL_SURFACE('',#2531,2.);
#155=CYLINDRICAL_SURFACE('',#2532,1.5);
#156=CYLINDRICAL_SURFACE('',#2535,6.7873101346211);
#157=CYLINDRICAL_SURFACE('',#2536,6.78731013462);
#158=CYLINDRICAL_SURFACE('',#2545,1.6);
#159=CYLINDRICAL_SURFACE('',#2546,1.);
#160=CYLINDRICAL_SURFACE('',#2550,1.6);
#161=CYLINDRICAL_SURFACE('',#2551,1.);
#162=CYLINDRICAL_SURFACE('',#2555,1.6);
#163=CYLINDRICAL_SURFACE('',#2556,1.);
#164=CYLINDRICAL_SURFACE('',#2560,1.6);
#165=CYLINDRICAL_SURFACE('',#2561,1.);
#166=CYLINDRICAL_SURFACE('',#2562,2.25000000000001);
#167=CYLINDRICAL_SURFACE('',#2568,2.25);
#168=CYLINDRICAL_SURFACE('',#2569,2.25);
#169=CYLINDRICAL_SURFACE('',#2570,2.25);
#170=CYLINDRICAL_SURFACE('',#2571,2.75);
#171=CYLINDRICAL_SURFACE('',#2581,2.75);
#172=CYLINDRICAL_SURFACE('',#2594,5.28731013462001);
#173=CYLINDRICAL_SURFACE('',#2595,5.2873101346211);
#174=CYLINDRICAL_SURFACE('',#2597,5.28731013462047);
#175=CYLINDRICAL_SURFACE('',#2598,5.287310134612);
#176=CYLINDRICAL_SURFACE('',#2602,1.5);
#177=CYLINDRICAL_SURFACE('',#2604,6.787310134612);
#178=CYLINDRICAL_SURFACE('',#2606,6.78731013462047);
#179=FACE_OUTER_BOUND('',#309,.T.);
#180=FACE_OUTER_BOUND('',#310,.T.);
#181=FACE_OUTER_BOUND('',#311,.T.);
#182=FACE_OUTER_BOUND('',#312,.T.);
#183=FACE_OUTER_BOUND('',#313,.T.);
#184=FACE_OUTER_BOUND('',#314,.T.);
#185=FACE_OUTER_BOUND('',#315,.T.);
#186=FACE_OUTER_BOUND('',#316,.T.);
#187=FACE_OUTER_BOUND('',#317,.T.);
#188=FACE_OUTER_BOUND('',#318,.T.);
#189=FACE_OUTER_BOUND('',#319,.T.);
#190=FACE_OUTER_BOUND('',#320,.T.);
#191=FACE_OUTER_BOUND('',#321,.T.);
#192=FACE_OUTER_BOUND('',#322,.T.);
#193=FACE_OUTER_BOUND('',#324,.T.);
#194=FACE_OUTER_BOUND('',#325,.T.);
#195=FACE_OUTER_BOUND('',#326,.T.);
#196=FACE_OUTER_BOUND('',#327,.T.);
#197=FACE_OUTER_BOUND('',#328,.T.);
#198=FACE_OUTER_BOUND('',#329,.T.);
#199=FACE_OUTER_BOUND('',#330,.T.);
#200=FACE_OUTER_BOUND('',#331,.T.);
#201=FACE_OUTER_BOUND('',#332,.T.);
#202=FACE_OUTER_BOUND('',#333,.T.);
#203=FACE_OUTER_BOUND('',#334,.T.);
#204=FACE_OUTER_BOUND('',#335,.T.);
#205=FACE_OUTER_BOUND('',#336,.T.);
#206=FACE_OUTER_BOUND('',#337,.T.);
#207=FACE_OUTER_BOUND('',#338,.T.);
#208=FACE_OUTER_BOUND('',#339,.T.);
#209=FACE_OUTER_BOUND('',#340,.T.);
#210=FACE_OUTER_BOUND('',#341,.T.);
#211=FACE_OUTER_BOUND('',#342,.T.);
#212=FACE_OUTER_BOUND('',#343,.T.);
#213=FACE_OUTER_BOUND('',#344,.T.);
#214=FACE_OUTER_BOUND('',#345,.T.);
#215=FACE_OUTER_BOUND('',#346,.T.);
#216=FACE_OUTER_BOUND('',#347,.T.);
#217=FACE_OUTER_BOUND('',#348,.T.);
#218=FACE_OUTER_BOUND('',#349,.T.);
#219=FACE_OUTER_BOUND('',#350,.T.);
#220=FACE_OUTER_BOUND('',#351,.T.);
#221=FACE_OUTER_BOUND('',#352,.T.);
#222=FACE_OUTER_BOUND('',#353,.T.);
#223=FACE_OUTER_BOUND('',#356,.T.);
#224=FACE_OUTER_BOUND('',#357,.T.);
#225=FACE_OUTER_BOUND('',#358,.T.);
#226=FACE_OUTER_BOUND('',#359,.T.);
#227=FACE_OUTER_BOUND('',#360,.T.);
#228=FACE_OUTER_BOUND('',#362,.T.);
#229=FACE_OUTER_BOUND('',#364,.T.);
#230=FACE_OUTER_BOUND('',#366,.T.);
#231=FACE_OUTER_BOUND('',#368,.T.);
#232=FACE_OUTER_BOUND('',#369,.T.);
#233=FACE_OUTER_BOUND('',#370,.T.);
#234=FACE_OUTER_BOUND('',#371,.T.);
#235=FACE_OUTER_BOUND('',#372,.T.);
#236=FACE_OUTER_BOUND('',#373,.T.);
#237=FACE_OUTER_BOUND('',#374,.T.);
#238=FACE_OUTER_BOUND('',#375,.T.);
#239=FACE_OUTER_BOUND('',#376,.T.);
#240=FACE_OUTER_BOUND('',#377,.T.);
#241=FACE_OUTER_BOUND('',#378,.T.);
#242=FACE_OUTER_BOUND('',#379,.T.);
#243=FACE_OUTER_BOUND('',#380,.T.);
#244=FACE_OUTER_BOUND('',#381,.T.);
#245=FACE_OUTER_BOUND('',#382,.T.);
#246=FACE_OUTER_BOUND('',#383,.T.);
#247=FACE_OUTER_BOUND('',#384,.T.);
#248=FACE_OUTER_BOUND('',#385,.T.);
#249=FACE_OUTER_BOUND('',#386,.T.);
#250=FACE_OUTER_BOUND('',#387,.T.);
#251=FACE_OUTER_BOUND('',#388,.T.);
#252=FACE_OUTER_BOUND('',#389,.T.);
#253=FACE_OUTER_BOUND('',#390,.T.);
#254=FACE_OUTER_BOUND('',#391,.T.);
#255=FACE_OUTER_BOUND('',#392,.T.);
#256=FACE_OUTER_BOUND('',#393,.T.);
#257=FACE_OUTER_BOUND('',#394,.T.);
#258=FACE_OUTER_BOUND('',#395,.T.);
#259=FACE_OUTER_BOUND('',#401,.T.);
#260=FACE_OUTER_BOUND('',#403,.T.);
#261=FACE_OUTER_BOUND('',#404,.T.);
#262=FACE_OUTER_BOUND('',#405,.T.);
#263=FACE_OUTER_BOUND('',#407,.T.);
#264=FACE_OUTER_BOUND('',#408,.T.);
#265=FACE_OUTER_BOUND('',#409,.T.);
#266=FACE_OUTER_BOUND('',#411,.T.);
#267=FACE_OUTER_BOUND('',#412,.T.);
#268=FACE_OUTER_BOUND('',#413,.T.);
#269=FACE_OUTER_BOUND('',#415,.T.);
#270=FACE_OUTER_BOUND('',#416,.T.);
#271=FACE_OUTER_BOUND('',#417,.T.);
#272=FACE_OUTER_BOUND('',#418,.T.);
#273=FACE_OUTER_BOUND('',#421,.T.);
#274=FACE_OUTER_BOUND('',#422,.T.);
#275=FACE_OUTER_BOUND('',#423,.T.);
#276=FACE_OUTER_BOUND('',#424,.T.);
#277=FACE_OUTER_BOUND('',#425,.T.);
#278=FACE_OUTER_BOUND('',#426,.T.);
#279=FACE_OUTER_BOUND('',#427,.T.);
#280=FACE_OUTER_BOUND('',#428,.T.);
#281=FACE_OUTER_BOUND('',#429,.T.);
#282=FACE_OUTER_BOUND('',#430,.T.);
#283=FACE_OUTER_BOUND('',#431,.T.);
#284=FACE_OUTER_BOUND('',#432,.T.);
#285=FACE_OUTER_BOUND('',#433,.T.);
#286=FACE_OUTER_BOUND('',#434,.T.);
#287=FACE_OUTER_BOUND('',#435,.T.);
#288=FACE_OUTER_BOUND('',#436,.T.);
#289=FACE_OUTER_BOUND('',#437,.T.);
#290=FACE_OUTER_BOUND('',#438,.T.);
#291=FACE_OUTER_BOUND('',#439,.T.);
#292=FACE_OUTER_BOUND('',#440,.T.);
#293=FACE_OUTER_BOUND('',#441,.T.);
#294=FACE_OUTER_BOUND('',#442,.T.);
#295=FACE_OUTER_BOUND('',#443,.T.);
#296=FACE_OUTER_BOUND('',#444,.T.);
#297=FACE_OUTER_BOUND('',#445,.T.);
#298=FACE_OUTER_BOUND('',#446,.T.);
#299=FACE_OUTER_BOUND('',#447,.T.);
#300=FACE_OUTER_BOUND('',#448,.T.);
#301=FACE_OUTER_BOUND('',#449,.T.);
#302=FACE_OUTER_BOUND('',#450,.T.);
#303=FACE_OUTER_BOUND('',#451,.T.);
#304=FACE_OUTER_BOUND('',#452,.T.);
#305=FACE_OUTER_BOUND('',#453,.T.);
#306=FACE_OUTER_BOUND('',#454,.T.);
#307=FACE_OUTER_BOUND('',#455,.T.);
#308=FACE_OUTER_BOUND('',#456,.T.);
#309=EDGE_LOOP('',(#1501,#1502,#1503,#1504));
#310=EDGE_LOOP('',(#1505,#1506,#1507,#1508));
#311=EDGE_LOOP('',(#1509,#1510,#1511,#1512));
#312=EDGE_LOOP('',(#1513,#1514,#1515,#1516));
#313=EDGE_LOOP('',(#1517,#1518,#1519,#1520));
#314=EDGE_LOOP('',(#1521,#1522,#1523,#1524));
#315=EDGE_LOOP('',(#1525,#1526,#1527,#1528));
#316=EDGE_LOOP('',(#1529,#1530,#1531,#1532));
#317=EDGE_LOOP('',(#1533,#1534,#1535,#1536));
#318=EDGE_LOOP('',(#1537,#1538,#1539,#1540));
#319=EDGE_LOOP('',(#1541,#1542,#1543,#1544));
#320=EDGE_LOOP('',(#1545,#1546,#1547,#1548));
#321=EDGE_LOOP('',(#1549,#1550,#1551,#1552));
#322=EDGE_LOOP('',(#1553,#1554,#1555,#1556));
#323=EDGE_LOOP('',(#1557,#1558,#1559,#1560,#1561,#1562,#1563,#1564));
#324=EDGE_LOOP('',(#1565,#1566,#1567,#1568));
#325=EDGE_LOOP('',(#1569,#1570,#1571,#1572,#1573,#1574,#1575,#1576,#1577,
#1578,#1579,#1580,#1581,#1582,#1583,#1584,#1585,#1586,#1587,#1588,#1589,
#1590));
#326=EDGE_LOOP('',(#1591,#1592,#1593,#1594));
#327=EDGE_LOOP('',(#1595,#1596,#1597,#1598));
#328=EDGE_LOOP('',(#1599,#1600,#1601,#1602));
#329=EDGE_LOOP('',(#1603,#1604,#1605,#1606));
#330=EDGE_LOOP('',(#1607,#1608,#1609,#1610));
#331=EDGE_LOOP('',(#1611,#1612,#1613,#1614));
#332=EDGE_LOOP('',(#1615,#1616,#1617,#1618));
#333=EDGE_LOOP('',(#1619,#1620,#1621,#1622));
#334=EDGE_LOOP('',(#1623,#1624,#1625,#1626));
#335=EDGE_LOOP('',(#1627,#1628,#1629,#1630,#1631,#1632));
#336=EDGE_LOOP('',(#1633,#1634,#1635,#1636,#1637,#1638,#1639,#1640));
#337=EDGE_LOOP('',(#1641,#1642,#1643,#1644));
#338=EDGE_LOOP('',(#1645,#1646,#1647,#1648,#1649,#1650,#1651,#1652,#1653,
#1654,#1655,#1656));
#339=EDGE_LOOP('',(#1657,#1658,#1659,#1660));
#340=EDGE_LOOP('',(#1661,#1662,#1663,#1664,#1665,#1666));
#341=EDGE_LOOP('',(#1667,#1668,#1669,#1670));
#342=EDGE_LOOP('',(#1671,#1672,#1673,#1674,#1675,#1676,#1677,#1678,#1679,
#1680,#1681,#1682,#1683,#1684,#1685,#1686,#1687,#1688));
#343=EDGE_LOOP('',(#1689,#1690,#1691,#1692));
#344=EDGE_LOOP('',(#1693,#1694,#1695,#1696));
#345=EDGE_LOOP('',(#1697,#1698,#1699,#1700));
#346=EDGE_LOOP('',(#1701,#1702,#1703,#1704,#1705,#1706,#1707,#1708,#1709,
#1710,#1711,#1712,#1713,#1714));
#347=EDGE_LOOP('',(#1715,#1716,#1717,#1718,#1719,#1720,#1721,#1722));
#348=EDGE_LOOP('',(#1723,#1724,#1725,#1726));
#349=EDGE_LOOP('',(#1727,#1728,#1729,#1730));
#350=EDGE_LOOP('',(#1731,#1732,#1733,#1734));
#351=EDGE_LOOP('',(#1735,#1736,#1737,#1738));
#352=EDGE_LOOP('',(#1739,#1740,#1741,#1742));
#353=EDGE_LOOP('',(#1743,#1744,#1745,#1746,#1747,#1748,#1749,#1750,#1751,
#1752));
#354=EDGE_LOOP('',(#1753));
#355=EDGE_LOOP('',(#1754));
#356=EDGE_LOOP('',(#1755,#1756,#1757,#1758));
#357=EDGE_LOOP('',(#1759,#1760,#1761,#1762));
#358=EDGE_LOOP('',(#1763,#1764,#1765,#1766));
#359=EDGE_LOOP('',(#1767,#1768,#1769,#1770));
#360=EDGE_LOOP('',(#1771));
#361=EDGE_LOOP('',(#1772));
#362=EDGE_LOOP('',(#1773));
#363=EDGE_LOOP('',(#1774));
#364=EDGE_LOOP('',(#1775));
#365=EDGE_LOOP('',(#1776));
#366=EDGE_LOOP('',(#1777));
#367=EDGE_LOOP('',(#1778));
#368=EDGE_LOOP('',(#1779,#1780,#1781,#1782));
#369=EDGE_LOOP('',(#1783,#1784,#1785,#1786));
#370=EDGE_LOOP('',(#1787,#1788,#1789,#1790));
#371=EDGE_LOOP('',(#1791,#1792,#1793,#1794));
#372=EDGE_LOOP('',(#1795,#1796,#1797,#1798));
#373=EDGE_LOOP('',(#1799,#1800,#1801,#1802));
#374=EDGE_LOOP('',(#1803,#1804,#1805,#1806,#1807,#1808,#1809,#1810,#1811,
#1812,#1813,#1814));
#375=EDGE_LOOP('',(#1815,#1816,#1817,#1818,#1819,#1820,#1821,#1822,#1823,
#1824,#1825));
#376=EDGE_LOOP('',(#1826,#1827,#1828,#1829));
#377=EDGE_LOOP('',(#1830,#1831,#1832));
#378=EDGE_LOOP('',(#1833,#1834,#1835));
#379=EDGE_LOOP('',(#1836,#1837,#1838,#1839));
#380=EDGE_LOOP('',(#1840,#1841,#1842,#1843));
#381=EDGE_LOOP('',(#1844,#1845,#1846,#1847));
#382=EDGE_LOOP('',(#1848,#1849,#1850,#1851));
#383=EDGE_LOOP('',(#1852,#1853,#1854,#1855));
#384=EDGE_LOOP('',(#1856,#1857,#1858,#1859));
#385=EDGE_LOOP('',(#1860,#1861,#1862,#1863));
#386=EDGE_LOOP('',(#1864,#1865,#1866,#1867));
#387=EDGE_LOOP('',(#1868,#1869,#1870,#1871));
#388=EDGE_LOOP('',(#1872,#1873,#1874,#1875));
#389=EDGE_LOOP('',(#1876,#1877,#1878,#1879));
#390=EDGE_LOOP('',(#1880,#1881,#1882,#1883));
#391=EDGE_LOOP('',(#1884,#1885,#1886,#1887));
#392=EDGE_LOOP('',(#1888,#1889,#1890,#1891,#1892,#1893,#1894,#1895));
#393=EDGE_LOOP('',(#1896,#1897,#1898,#1899));
#394=EDGE_LOOP('',(#1900,#1901,#1902,#1903));
#395=EDGE_LOOP('',(#1904,#1905,#1906,#1907,#1908,#1909,#1910,#1911,#1912,
#1913,#1914,#1915));
#396=EDGE_LOOP('',(#1916,#1917,#1918,#1919,#1920,#1921,#1922,#1923));
#397=EDGE_LOOP('',(#1924));
#398=EDGE_LOOP('',(#1925));
#399=EDGE_LOOP('',(#1926));
#400=EDGE_LOOP('',(#1927));
#401=EDGE_LOOP('',(#1928));
#402=EDGE_LOOP('',(#1929));
#403=EDGE_LOOP('',(#1930,#1931,#1932,#1933));
#404=EDGE_LOOP('',(#1934,#1935,#1936,#1937));
#405=EDGE_LOOP('',(#1938));
#406=EDGE_LOOP('',(#1939));
#407=EDGE_LOOP('',(#1940,#1941,#1942,#1943));
#408=EDGE_LOOP('',(#1944,#1945,#1946,#1947));
#409=EDGE_LOOP('',(#1948));
#410=EDGE_LOOP('',(#1949));
#411=EDGE_LOOP('',(#1950,#1951,#1952,#1953));
#412=EDGE_LOOP('',(#1954,#1955,#1956,#1957));
#413=EDGE_LOOP('',(#1958));
#414=EDGE_LOOP('',(#1959));
#415=EDGE_LOOP('',(#1960,#1961,#1962,#1963));
#416=EDGE_LOOP('',(#1964,#1965,#1966,#1967));
#417=EDGE_LOOP('',(#1968,#1969,#1970,#1971));
#418=EDGE_LOOP('',(#1972,#1973,#1974,#1975,#1976,#1977));
#419=EDGE_LOOP('',(#1978));
#420=EDGE_LOOP('',(#1979));
#421=EDGE_LOOP('',(#1980,#1981,#1982,#1983));
#422=EDGE_LOOP('',(#1984,#1985,#1986,#1987));
#423=EDGE_LOOP('',(#1988,#1989,#1990,#1991));
#424=EDGE_LOOP('',(#1992,#1993,#1994,#1995));
#425=EDGE_LOOP('',(#1996,#1997,#1998,#1999));
#426=EDGE_LOOP('',(#2000,#2001,#2002,#2003));
#427=EDGE_LOOP('',(#2004,#2005,#2006,#2007,#2008,#2009,#2010,#2011));
#428=EDGE_LOOP('',(#2012,#2013,#2014,#2015,#2016,#2017,#2018,#2019,#2020,
#2021,#2022));
#429=EDGE_LOOP('',(#2023,#2024,#2025,#2026));
#430=EDGE_LOOP('',(#2027,#2028,#2029,#2030));
#431=EDGE_LOOP('',(#2031,#2032,#2033,#2034));
#432=EDGE_LOOP('',(#2035,#2036,#2037,#2038,#2039,#2040,#2041,#2042));
#433=EDGE_LOOP('',(#2043,#2044,#2045,#2046));
#434=EDGE_LOOP('',(#2047,#2048,#2049,#2050));
#435=EDGE_LOOP('',(#2051,#2052,#2053,#2054));
#436=EDGE_LOOP('',(#2055,#2056,#2057,#2058));
#437=EDGE_LOOP('',(#2059,#2060,#2061,#2062));
#438=EDGE_LOOP('',(#2063,#2064,#2065,#2066,#2067,#2068,#2069,#2070,#2071,
#2072,#2073,#2074,#2075,#2076));
#439=EDGE_LOOP('',(#2077,#2078,#2079,#2080));
#440=EDGE_LOOP('',(#2081,#2082,#2083,#2084));
#441=EDGE_LOOP('',(#2085,#2086,#2087,#2088));
#442=EDGE_LOOP('',(#2089,#2090,#2091,#2092));
#443=EDGE_LOOP('',(#2093,#2094,#2095,#2096));
#444=EDGE_LOOP('',(#2097,#2098,#2099,#2100));
#445=EDGE_LOOP('',(#2101,#2102,#2103,#2104));
#446=EDGE_LOOP('',(#2105,#2106,#2107,#2108));
#447=EDGE_LOOP('',(#2109,#2110,#2111,#2112));
#448=EDGE_LOOP('',(#2113,#2114,#2115,#2116));
#449=EDGE_LOOP('',(#2117,#2118,#2119,#2120,#2121,#2122,#2123,#2124,#2125,
#2126,#2127,#2128,#2129,#2130,#2131,#2132));
#450=EDGE_LOOP('',(#2133,#2134,#2135,#2136,#2137,#2138,#2139,#2140));
#451=EDGE_LOOP('',(#2141,#2142,#2143,#2144));
#452=EDGE_LOOP('',(#2145,#2146,#2147,#2148));
#453=EDGE_LOOP('',(#2149,#2150,#2151,#2152));
#454=EDGE_LOOP('',(#2153,#2154,#2155,#2156,#2157,#2158,#2159,#2160,#2161,
#2162,#2163,#2164));
#455=EDGE_LOOP('',(#2165,#2166,#2167,#2168));
#456=EDGE_LOOP('',(#2169,#2170,#2171,#2172));
#457=LINE('',#3290,#703);
#458=LINE('',#3292,#704);
#459=LINE('',#3294,#705);
#460=LINE('',#3295,#706);
#461=LINE('',#3301,#707);
#462=LINE('',#3304,#708);
#463=LINE('',#3306,#709);
#464=LINE('',#3307,#710);
#465=LINE('',#3313,#711);
#466=LINE('',#3316,#712);
#467=LINE('',#3318,#713);
#468=LINE('',#3319,#714);
#469=LINE('',#3325,#715);
#470=LINE('',#3328,#716);
#471=LINE('',#3331,#717);
#472=LINE('',#3333,#718);
#473=LINE('',#3334,#719);
#474=LINE('',#3340,#720);
#475=LINE('',#3343,#721);
#476=LINE('',#3345,#722);
#477=LINE('',#3346,#723);
#478=LINE('',#3352,#724);
#479=LINE('',#3355,#725);
#480=LINE('',#3357,#726);
#481=LINE('',#3358,#727);
#482=LINE('',#3364,#728);
#483=LINE('',#3366,#729);
#484=LINE('',#3367,#730);
#485=LINE('',#3371,#731);
#486=LINE('',#3373,#732);
#487=LINE('',#3375,#733);
#488=LINE('',#3376,#734);
#489=LINE('',#3379,#735);
#490=LINE('',#3381,#736);
#491=LINE('',#3382,#737);
#492=LINE('',#3385,#738);
#493=LINE('',#3387,#739);
#494=LINE('',#3389,#740);
#495=LINE('',#3391,#741);
#496=LINE('',#3393,#742);
#497=LINE('',#3395,#743);
#498=LINE('',#3397,#744);
#499=LINE('',#3398,#745);
#500=LINE('',#3400,#746);
#501=LINE('',#3402,#747);
#502=LINE('',#3404,#748);
#503=LINE('',#3406,#749);
#504=LINE('',#3408,#750);
#505=LINE('',#3410,#751);
#506=LINE('',#3411,#752);
#507=LINE('',#3415,#753);
#508=LINE('',#3416,#754);
#509=LINE('',#3417,#755);
#510=LINE('',#3421,#756);
#511=LINE('',#3422,#757);
#512=LINE('',#3423,#758);
#513=LINE('',#3426,#759);
#514=LINE('',#3427,#760);
#515=LINE('',#3431,#761);
#516=LINE('',#3433,#762);
#517=LINE('',#3435,#763);
#518=LINE('',#3436,#764);
#519=LINE('',#3439,#765);
#520=LINE('',#3441,#766);
#521=LINE('',#3442,#767);
#522=LINE('',#3445,#768);
#523=LINE('',#3447,#769);
#524=LINE('',#3448,#770);
#525=LINE('',#3452,#771);
#526=LINE('',#3454,#772);
#527=LINE('',#3456,#773);
#528=LINE('',#3457,#774);
#529=LINE('',#3460,#775);
#530=LINE('',#3462,#776);
#531=LINE('',#3463,#777);
#532=LINE('',#3466,#778);
#533=LINE('',#3468,#779);
#534=LINE('',#3469,#780);
#535=LINE('',#3472,#781);
#536=LINE('',#3474,#782);
#537=LINE('',#3476,#783);
#538=LINE('',#3478,#784);
#539=LINE('',#3479,#785);
#540=LINE('',#3482,#786);
#541=LINE('',#3486,#787);
#542=LINE('',#3488,#788);
#543=LINE('',#3490,#789);
#544=LINE('',#3493,#790);
#545=LINE('',#3495,#791);
#546=LINE('',#3496,#792);
#547=LINE('',#3499,#793);
#548=LINE('',#3501,#794);
#549=LINE('',#3502,#795);
#550=LINE('',#3505,#796);
#551=LINE('',#3506,#797);
#552=LINE('',#3509,#798);
#553=LINE('',#3511,#799);
#554=LINE('',#3513,#800);
#555=LINE('',#3514,#801);
#556=LINE('',#3516,#802);
#557=LINE('',#3519,#803);
#558=LINE('',#3521,#804);
#559=LINE('',#3523,#805);
#560=LINE('',#3524,#806);
#561=LINE('',#3526,#807);
#562=LINE('',#3528,#808);
#563=LINE('',#3529,#809);
#564=LINE('',#3534,#810);
#565=LINE('',#3539,#811);
#566=LINE('',#3543,#812);
#567=LINE('',#3547,#813);
#568=LINE('',#3549,#814);
#569=LINE('',#3550,#815);
#570=LINE('',#3553,#816);
#571=LINE('',#3563,#817);
#572=LINE('',#3573,#818);
#573=LINE('',#3574,#819);
#574=LINE('',#3576,#820);
#575=LINE('',#3578,#821);
#576=LINE('',#3580,#822);
#577=LINE('',#3581,#823);
#578=LINE('',#3584,#824);
#579=LINE('',#3589,#825);
#580=LINE('',#3591,#826);
#581=LINE('',#3592,#827);
#582=LINE('',#3595,#828);
#583=LINE('',#3599,#829);
#584=LINE('',#3600,#830);
#585=LINE('',#3603,#831);
#586=LINE('',#3607,#832);
#587=LINE('',#3608,#833);
#588=LINE('',#3611,#834);
#589=LINE('',#3613,#835);
#590=LINE('',#3615,#836);
#591=LINE('',#3619,#837);
#592=LINE('',#3623,#838);
#593=LINE('',#3624,#839);
#594=LINE('',#3631,#840);
#595=LINE('',#3632,#841);
#596=LINE('',#3635,#842);
#597=LINE('',#3639,#843);
#598=LINE('',#3640,#844);
#599=LINE('',#3666,#845);
#600=LINE('',#3668,#846);
#601=LINE('',#3670,#847);
#602=LINE('',#3671,#848);
#603=LINE('',#3674,#849);
#604=LINE('',#3676,#850);
#605=LINE('',#3677,#851);
#606=LINE('',#3680,#852);
#607=LINE('',#3682,#853);
#608=LINE('',#3683,#854);
#609=LINE('',#3687,#855);
#610=LINE('',#3689,#856);
#611=LINE('',#3691,#857);
#612=LINE('',#3692,#858);
#613=LINE('',#3695,#859);
#614=LINE('',#3697,#860);
#615=LINE('',#3698,#861);
#616=LINE('',#3701,#862);
#617=LINE('',#3703,#863);
#618=LINE('',#3704,#864);
#619=LINE('',#3706,#865);
#620=LINE('',#3708,#866);
#621=LINE('',#3709,#867);
#622=LINE('',#3711,#868);
#623=LINE('',#3712,#869);
#624=LINE('',#3715,#870);
#625=LINE('',#3719,#871);
#626=LINE('',#3723,#872);
#627=LINE('',#3725,#873);
#628=LINE('',#3727,#874);
#629=LINE('',#3729,#875);
#630=LINE('',#3732,#876);
#631=LINE('',#3807,#877);
#632=LINE('',#3809,#878);
#633=LINE('',#3814,#879);
#634=LINE('',#3824,#880);
#635=LINE('',#3831,#881);
#636=LINE('',#3833,#882);
#637=LINE('',#3834,#883);
#638=LINE('',#3837,#884);
#639=LINE('',#3840,#885);
#640=LINE('',#3851,#886);
#641=LINE('',#3852,#887);
#642=LINE('',#3860,#888);
#643=LINE('',#3861,#889);
#644=LINE('',#3863,#890);
#645=LINE('',#3864,#891);
#646=LINE('',#3867,#892);
#647=LINE('',#3870,#893);
#648=LINE('',#3888,#894);
#649=LINE('',#3890,#895);
#650=LINE('',#3897,#896);
#651=LINE('',#3899,#897);
#652=LINE('',#3906,#898);
#653=LINE('',#3908,#899);
#654=LINE('',#3915,#900);
#655=LINE('',#3917,#901);
#656=LINE('',#3919,#902);
#657=LINE('',#3924,#903);
#658=LINE('',#3927,#904);
#659=LINE('',#3933,#905);
#660=LINE('',#3935,#906);
#661=LINE('',#3937,#907);
#662=LINE('',#3943,#908);
#663=LINE('',#3946,#909);
#664=LINE('',#3949,#910);
#665=LINE('',#3951,#911);
#666=LINE('',#3952,#912);
#667=LINE('',#3954,#913);
#668=LINE('',#3955,#914);
#669=LINE('',#3958,#915);
#670=LINE('',#3959,#916);
#671=LINE('',#3960,#917);
#672=LINE('',#3964,#918);
#673=LINE('',#3966,#919);
#674=LINE('',#3970,#920);
#675=LINE('',#3973,#921);
#676=LINE('',#3978,#922);
#677=LINE('',#3979,#923);
#678=LINE('',#3981,#924);
#679=LINE('',#3983,#925);
#680=LINE('',#3985,#926);
#681=LINE('',#4009,#927);
#682=LINE('',#4010,#928);
#683=LINE('',#4013,#929);
#684=LINE('',#4014,#930);
#685=LINE('',#4037,#931);
#686=LINE('',#4039,#932);
#687=LINE('',#4042,#933);
#688=LINE('',#4043,#934);
#689=LINE('',#4045,#935);
#690=LINE('',#4046,#936);
#691=LINE('',#4047,#937);
#692=LINE('',#4049,#938);
#693=LINE('',#4051,#939);
#694=LINE('',#4055,#940);
#695=LINE('',#4058,#941);
#696=LINE('',#4061,#942);
#697=LINE('',#4065,#943);
#698=LINE('',#4067,#944);
#699=LINE('',#4069,#945);
#700=LINE('',#4071,#946);
#701=LINE('',#4073,#947);
#702=LINE('',#4075,#948);
#703=VECTOR('',#2615,10.);
#704=VECTOR('',#2616,10.);
#705=VECTOR('',#2617,10.);
#706=VECTOR('',#2618,10.);
#707=VECTOR('',#2625,10.);
#708=VECTOR('',#2628,10.);
#709=VECTOR('',#2629,10.);
#710=VECTOR('',#2630,10.);
#711=VECTOR('',#2637,10.);
#712=VECTOR('',#2640,10.);
#713=VECTOR('',#2641,10.);
#714=VECTOR('',#2642,10.);
#715=VECTOR('',#2647,10.);
#716=VECTOR('',#2650,10.);
#717=VECTOR('',#2653,10.);
#718=VECTOR('',#2654,10.);
#719=VECTOR('',#2655,10.);
#720=VECTOR('',#2662,10.);
#721=VECTOR('',#2665,10.);
#722=VECTOR('',#2666,10.);
#723=VECTOR('',#2667,10.);
#724=VECTOR('',#2674,10.);
#725=VECTOR('',#2677,10.);
#726=VECTOR('',#2678,10.);
#727=VECTOR('',#2679,10.);
#728=VECTOR('',#2686,10.);
#729=VECTOR('',#2689,10.);
#730=VECTOR('',#2690,10.);
#731=VECTOR('',#2693,10.);
#732=VECTOR('',#2694,10.);
#733=VECTOR('',#2695,10.);
#734=VECTOR('',#2696,10.);
#735=VECTOR('',#2699,10.);
#736=VECTOR('',#2700,10.);
#737=VECTOR('',#2701,10.);
#738=VECTOR('',#2704,10.);
#739=VECTOR('',#2705,10.);
#740=VECTOR('',#2706,10.);
#741=VECTOR('',#2707,10.);
#742=VECTOR('',#2708,10.);
#743=VECTOR('',#2709,10.);
#744=VECTOR('',#2710,10.);
#745=VECTOR('',#2711,10.);
#746=VECTOR('',#2712,10.);
#747=VECTOR('',#2713,10.);
#748=VECTOR('',#2714,10.);
#749=VECTOR('',#2715,10.);
#750=VECTOR('',#2716,10.);
#751=VECTOR('',#2717,10.);
#752=VECTOR('',#2718,10.);
#753=VECTOR('',#2721,10.);
#754=VECTOR('',#2722,10.);
#755=VECTOR('',#2723,10.);
#756=VECTOR('',#2726,10.);
#757=VECTOR('',#2727,10.);
#758=VECTOR('',#2728,10.);
#759=VECTOR('',#2731,10.);
#760=VECTOR('',#2732,10.);
#761=VECTOR('',#2735,10.);
#762=VECTOR('',#2736,10.);
#763=VECTOR('',#2737,10.);
#764=VECTOR('',#2738,10.);
#765=VECTOR('',#2741,10.);
#766=VECTOR('',#2742,10.);
#767=VECTOR('',#2743,10.);
#768=VECTOR('',#2746,10.);
#769=VECTOR('',#2747,10.);
#770=VECTOR('',#2748,10.);
#771=VECTOR('',#2751,10.);
#772=VECTOR('',#2752,10.);
#773=VECTOR('',#2753,10.);
#774=VECTOR('',#2754,10.);
#775=VECTOR('',#2757,10.);
#776=VECTOR('',#2758,10.);
#777=VECTOR('',#2759,10.);
#778=VECTOR('',#2762,10.);
#779=VECTOR('',#2763,10.);
#780=VECTOR('',#2764,10.);
#781=VECTOR('',#2767,10.);
#782=VECTOR('',#2768,10.);
#783=VECTOR('',#2769,10.);
#784=VECTOR('',#2770,10.);
#785=VECTOR('',#2771,10.);
#786=VECTOR('',#2774,10.);
#787=VECTOR('',#2777,10.);
#788=VECTOR('',#2778,10.);
#789=VECTOR('',#2779,10.);
#790=VECTOR('',#2782,10.);
#791=VECTOR('',#2785,10.);
#792=VECTOR('',#2786,10.);
#793=VECTOR('',#2789,10.);
#794=VECTOR('',#2790,10.);
#795=VECTOR('',#2791,10.);
#796=VECTOR('',#2794,10.);
#797=VECTOR('',#2795,10.);
#798=VECTOR('',#2798,10.);
#799=VECTOR('',#2799,10.);
#800=VECTOR('',#2800,10.);
#801=VECTOR('',#2801,10.);
#802=VECTOR('',#2804,10.);
#803=VECTOR('',#2807,10.);
#804=VECTOR('',#2808,10.);
#805=VECTOR('',#2809,10.);
#806=VECTOR('',#2810,10.);
#807=VECTOR('',#2811,10.);
#808=VECTOR('',#2812,10.);
#809=VECTOR('',#2813,10.);
#810=VECTOR('',#2818,10.);
#811=VECTOR('',#2823,10.);
#812=VECTOR('',#2826,10.);
#813=VECTOR('',#2831,10.);
#814=VECTOR('',#2832,10.);
#815=VECTOR('',#2833,10.);
#816=VECTOR('',#2836,10.);
#817=VECTOR('',#2837,10.);
#818=VECTOR('',#2838,10.);
#819=VECTOR('',#2839,10.);
#820=VECTOR('',#2840,10.);
#821=VECTOR('',#2841,10.);
#822=VECTOR('',#2842,10.);
#823=VECTOR('',#2843,10.);
#824=VECTOR('',#2846,10.);
#825=VECTOR('',#2853,10.);
#826=VECTOR('',#2854,10.);
#827=VECTOR('',#2855,10.);
#828=VECTOR('',#2858,10.);
#829=VECTOR('',#2863,10.);
#830=VECTOR('',#2864,10.);
#831=VECTOR('',#2867,10.);
#832=VECTOR('',#2872,10.);
#833=VECTOR('',#2873,10.);
#834=VECTOR('',#2876,10.);
#835=VECTOR('',#2877,10.);
#836=VECTOR('',#2878,10.);
#837=VECTOR('',#2881,10.);
#838=VECTOR('',#2884,10.);
#839=VECTOR('',#2885,10.);
#840=VECTOR('',#2892,10.);
#841=VECTOR('',#2893,10.);
#842=VECTOR('',#2896,10.);
#843=VECTOR('',#2901,10.);
#844=VECTOR('',#2902,10.);
#845=VECTOR('',#2933,10.);
#846=VECTOR('',#2934,10.);
#847=VECTOR('',#2935,10.);
#848=VECTOR('',#2936,10.);
#849=VECTOR('',#2939,10.);
#850=VECTOR('',#2940,10.);
#851=VECTOR('',#2941,10.);
#852=VECTOR('',#2944,10.);
#853=VECTOR('',#2945,10.);
#854=VECTOR('',#2946,10.);
#855=VECTOR('',#2949,10.);
#856=VECTOR('',#2950,10.);
#857=VECTOR('',#2951,10.);
#858=VECTOR('',#2952,10.);
#859=VECTOR('',#2955,10.);
#860=VECTOR('',#2956,10.);
#861=VECTOR('',#2957,10.);
#862=VECTOR('',#2960,10.);
#863=VECTOR('',#2961,10.);
#864=VECTOR('',#2962,10.);
#865=VECTOR('',#2965,10.);
#866=VECTOR('',#2966,10.);
#867=VECTOR('',#2967,10.);
#868=VECTOR('',#2968,10.);
#869=VECTOR('',#2969,10.);
#870=VECTOR('',#2972,10.);
#871=VECTOR('',#2975,10.);
#872=VECTOR('',#2978,10.);
#873=VECTOR('',#2979,10.);
#874=VECTOR('',#2980,10.);
#875=VECTOR('',#2981,10.);
#876=VECTOR('',#2986,10.);
#877=VECTOR('',#3001,10.);
#878=VECTOR('',#3004,10.);
#879=VECTOR('',#3009,10.);
#880=VECTOR('',#3024,10.);
#881=VECTOR('',#3035,10.);
#882=VECTOR('',#3038,10.);
#883=VECTOR('',#3039,10.);
#884=VECTOR('',#3042,10.);
#885=VECTOR('',#3045,10.);
#886=VECTOR('',#3058,10.);
#887=VECTOR('',#3059,10.);
#888=VECTOR('',#3070,10.);
#889=VECTOR('',#3071,10.);
#890=VECTOR('',#3074,10.);
#891=VECTOR('',#3075,10.);
#892=VECTOR('',#3078,10.);
#893=VECTOR('',#3081,10.);
#894=VECTOR('',#3104,1.6);
#895=VECTOR('',#3107,1.);
#896=VECTOR('',#3116,1.6);
#897=VECTOR('',#3119,1.);
#898=VECTOR('',#3128,1.6);
#899=VECTOR('',#3131,1.);
#900=VECTOR('',#3140,1.6);
#901=VECTOR('',#3143,1.);
#902=VECTOR('',#3146,2.25000000000001);
#903=VECTOR('',#3151,10.);
#904=VECTOR('',#3154,10.);
#905=VECTOR('',#3161,2.25);
#906=VECTOR('',#3164,2.25);
#907=VECTOR('',#3167,2.25);
#908=VECTOR('',#3172,10.);
#909=VECTOR('',#3175,10.);
#910=VECTOR('',#3178,10.);
#911=VECTOR('',#3179,10.);
#912=VECTOR('',#3180,10.);
#913=VECTOR('',#3183,10.);
#914=VECTOR('',#3184,10.);
#915=VECTOR('',#3187,10.);
#916=VECTOR('',#3188,10.);
#917=VECTOR('',#3189,10.);
#918=VECTOR('',#3194,10.);
#919=VECTOR('',#3195,10.);
#920=VECTOR('',#3198,10.);
#921=VECTOR('',#3201,10.);
#922=VECTOR('',#3206,10.);
#923=VECTOR('',#3207,10.);
#924=VECTOR('',#3210,10.);
#925=VECTOR('',#3213,10.);
#926=VECTOR('',#3216,10.);
#927=VECTOR('',#3217,10.);
#928=VECTOR('',#3218,10.);
#929=VECTOR('',#3221,10.);
#930=VECTOR('',#3222,10.);
#931=VECTOR('',#3223,10.);
#932=VECTOR('',#3226,10.);
#933=VECTOR('',#3229,10.);
#934=VECTOR('',#3230,10.);
#935=VECTOR('',#3233,10.);
#936=VECTOR('',#3234,10.);
#937=VECTOR('',#3235,10.);
#938=VECTOR('',#3238,10.);
#939=VECTOR('',#3241,10.);
#940=VECTOR('',#3248,10.);
#941=VECTOR('',#3253,10.);
#942=VECTOR('',#3258,10.);
#943=VECTOR('',#3265,10.);
#944=VECTOR('',#3268,10.);
#945=VECTOR('',#3271,10.);
#946=VECTOR('',#3274,10.);
#947=VECTOR('',#3277,10.);
#948=VECTOR('',#3280,10.);
#949=VERTEX_POINT('',#3288);
#950=VERTEX_POINT('',#3289);
#951=VERTEX_POINT('',#3291);
#952=VERTEX_POINT('',#3293);
#953=VERTEX_POINT('',#3297);
#954=VERTEX_POINT('',#3299);
#955=VERTEX_POINT('',#3303);
#956=VERTEX_POINT('',#3305);
#957=VERTEX_POINT('',#3309);
#958=VERTEX_POINT('',#3311);
#959=VERTEX_POINT('',#3315);
#960=VERTEX_POINT('',#3317);
#961=VERTEX_POINT('',#3321);
#962=VERTEX_POINT('',#3322);
#963=VERTEX_POINT('',#3324);
#964=VERTEX_POINT('',#3326);
#965=VERTEX_POINT('',#3330);
#966=VERTEX_POINT('',#3332);
#967=VERTEX_POINT('',#3336);
#968=VERTEX_POINT('',#3338);
#969=VERTEX_POINT('',#3342);
#970=VERTEX_POINT('',#3344);
#971=VERTEX_POINT('',#3348);
#972=VERTEX_POINT('',#3350);
#973=VERTEX_POINT('',#3354);
#974=VERTEX_POINT('',#3356);
#975=VERTEX_POINT('',#3360);
#976=VERTEX_POINT('',#3362);
#977=VERTEX_POINT('',#3369);
#978=VERTEX_POINT('',#3370);
#979=VERTEX_POINT('',#3372);
#980=VERTEX_POINT('',#3374);
#981=VERTEX_POINT('',#3378);
#982=VERTEX_POINT('',#3380);
#983=VERTEX_POINT('',#3384);
#984=VERTEX_POINT('',#3386);
#985=VERTEX_POINT('',#3388);
#986=VERTEX_POINT('',#3390);
#987=VERTEX_POINT('',#3392);
#988=VERTEX_POINT('',#3394);
#989=VERTEX_POINT('',#3396);
#990=VERTEX_POINT('',#3399);
#991=VERTEX_POINT('',#3401);
#992=VERTEX_POINT('',#3403);
#993=VERTEX_POINT('',#3405);
#994=VERTEX_POINT('',#3407);
#995=VERTEX_POINT('',#3409);
#996=VERTEX_POINT('',#3413);
#997=VERTEX_POINT('',#3414);
#998=VERTEX_POINT('',#3419);
#999=VERTEX_POINT('',#3420);
#1000=VERTEX_POINT('',#3425);
#1001=VERTEX_POINT('',#3429);
#1002=VERTEX_POINT('',#3430);
#1003=VERTEX_POINT('',#3432);
#1004=VERTEX_POINT('',#3434);
#1005=VERTEX_POINT('',#3438);
#1006=VERTEX_POINT('',#3440);
#1007=VERTEX_POINT('',#3444);
#1008=VERTEX_POINT('',#3446);
#1009=VERTEX_POINT('',#3450);
#1010=VERTEX_POINT('',#3451);
#1011=VERTEX_POINT('',#3453);
#1012=VERTEX_POINT('',#3455);
#1013=VERTEX_POINT('',#3459);
#1014=VERTEX_POINT('',#3461);
#1015=VERTEX_POINT('',#3465);
#1016=VERTEX_POINT('',#3467);
#1017=VERTEX_POINT('',#3471);
#1018=VERTEX_POINT('',#3473);
#1019=VERTEX_POINT('',#3475);
#1020=VERTEX_POINT('',#3477);
#1021=VERTEX_POINT('',#3481);
#1022=VERTEX_POINT('',#3483);
#1023=VERTEX_POINT('',#3485);
#1024=VERTEX_POINT('',#3487);
#1025=VERTEX_POINT('',#3489);
#1026=VERTEX_POINT('',#3491);
#1027=VERTEX_POINT('',#3498);
#1028=VERTEX_POINT('',#3500);
#1029=VERTEX_POINT('',#3504);
#1030=VERTEX_POINT('',#3508);
#1031=VERTEX_POINT('',#3510);
#1032=VERTEX_POINT('',#3512);
#1033=VERTEX_POINT('',#3518);
#1034=VERTEX_POINT('',#3520);
#1035=VERTEX_POINT('',#3522);
#1036=VERTEX_POINT('',#3525);
#1037=VERTEX_POINT('',#3527);
#1038=VERTEX_POINT('',#3531);
#1039=VERTEX_POINT('',#3533);
#1040=VERTEX_POINT('',#3537);
#1041=VERTEX_POINT('',#3538);
#1042=VERTEX_POINT('',#3540);
#1043=VERTEX_POINT('',#3542);
#1044=VERTEX_POINT('',#3546);
#1045=VERTEX_POINT('',#3548);
#1046=VERTEX_POINT('',#3552);
#1047=VERTEX_POINT('',#3554);
#1048=VERTEX_POINT('',#3562);
#1049=VERTEX_POINT('',#3564);
#1050=VERTEX_POINT('',#3572);
#1051=VERTEX_POINT('',#3575);
#1052=VERTEX_POINT('',#3577);
#1053=VERTEX_POINT('',#3579);
#1054=VERTEX_POINT('',#3583);
#1055=VERTEX_POINT('',#3588);
#1056=VERTEX_POINT('',#3590);
#1057=VERTEX_POINT('',#3594);
#1058=VERTEX_POINT('',#3598);
#1059=VERTEX_POINT('',#3602);
#1060=VERTEX_POINT('',#3606);
#1061=VERTEX_POINT('',#3610);
#1062=VERTEX_POINT('',#3612);
#1063=VERTEX_POINT('',#3614);
#1064=VERTEX_POINT('',#3616);
#1065=VERTEX_POINT('',#3618);
#1066=VERTEX_POINT('',#3620);
#1067=VERTEX_POINT('',#3622);
#1068=VERTEX_POINT('',#3625);
#1069=VERTEX_POINT('',#3627);
#1070=VERTEX_POINT('',#3630);
#1071=VERTEX_POINT('',#3634);
#1072=VERTEX_POINT('',#3638);
#1073=VERTEX_POINT('',#3644);
#1074=VERTEX_POINT('',#3646);
#1075=VERTEX_POINT('',#3649);
#1076=VERTEX_POINT('',#3651);
#1077=VERTEX_POINT('',#3654);
#1078=VERTEX_POINT('',#3656);
#1079=VERTEX_POINT('',#3659);
#1080=VERTEX_POINT('',#3661);
#1081=VERTEX_POINT('',#3664);
#1082=VERTEX_POINT('',#3665);
#1083=VERTEX_POINT('',#3667);
#1084=VERTEX_POINT('',#3669);
#1085=VERTEX_POINT('',#3673);
#1086=VERTEX_POINT('',#3675);
#1087=VERTEX_POINT('',#3679);
#1088=VERTEX_POINT('',#3681);
#1089=VERTEX_POINT('',#3685);
#1090=VERTEX_POINT('',#3686);
#1091=VERTEX_POINT('',#3688);
#1092=VERTEX_POINT('',#3690);
#1093=VERTEX_POINT('',#3694);
#1094=VERTEX_POINT('',#3696);
#1095=VERTEX_POINT('',#3700);
#1096=VERTEX_POINT('',#3702);
#1097=VERTEX_POINT('',#3707);
#1098=VERTEX_POINT('',#3710);
#1099=VERTEX_POINT('',#3714);
#1100=VERTEX_POINT('',#3716);
#1101=VERTEX_POINT('',#3718);
#1102=VERTEX_POINT('',#3720);
#1103=VERTEX_POINT('',#3722);
#1104=VERTEX_POINT('',#3724);
#1105=VERTEX_POINT('',#3726);
#1106=VERTEX_POINT('',#3728);
#1107=VERTEX_POINT('',#3763);
#1108=VERTEX_POINT('',#3764);
#1109=VERTEX_POINT('',#3766);
#1110=VERTEX_POINT('',#3799);
#1111=VERTEX_POINT('',#3800);
#1112=VERTEX_POINT('',#3802);
#1113=VERTEX_POINT('',#3806);
#1114=VERTEX_POINT('',#3811);
#1115=VERTEX_POINT('',#3813);
#1116=VERTEX_POINT('',#3817);
#1117=VERTEX_POINT('',#3822);
#1118=VERTEX_POINT('',#3826);
#1119=VERTEX_POINT('',#3836);
#1120=VERTEX_POINT('',#3838);
#1121=VERTEX_POINT('',#3842);
#1122=VERTEX_POINT('',#3843);
#1123=VERTEX_POINT('',#3848);
#1124=VERTEX_POINT('',#3849);
#1125=VERTEX_POINT('',#3854);
#1126=VERTEX_POINT('',#3855);
#1127=VERTEX_POINT('',#3866);
#1128=VERTEX_POINT('',#3868);
#1129=VERTEX_POINT('',#3874);
#1130=VERTEX_POINT('',#3876);
#1131=VERTEX_POINT('',#3878);
#1132=VERTEX_POINT('',#3880);
#1133=VERTEX_POINT('',#3883);
#1134=VERTEX_POINT('',#3885);
#1135=VERTEX_POINT('',#3892);
#1136=VERTEX_POINT('',#3894);
#1137=VERTEX_POINT('',#3901);
#1138=VERTEX_POINT('',#3903);
#1139=VERTEX_POINT('',#3910);
#1140=VERTEX_POINT('',#3912);
#1141=VERTEX_POINT('',#3921);
#1142=VERTEX_POINT('',#3923);
#1143=VERTEX_POINT('',#3925);
#1144=VERTEX_POINT('',#3928);
#1145=VERTEX_POINT('',#3930);
#1146=VERTEX_POINT('',#3939);
#1147=VERTEX_POINT('',#3940);
#1148=VERTEX_POINT('',#3942);
#1149=VERTEX_POINT('',#3944);
#1150=VERTEX_POINT('',#3948);
#1151=VERTEX_POINT('',#3950);
#1152=VERTEX_POINT('',#3957);
#1153=VERTEX_POINT('',#3962);
#1154=VERTEX_POINT('',#3965);
#1155=VERTEX_POINT('',#3967);
#1156=VERTEX_POINT('',#3969);
#1157=VERTEX_POINT('',#3971);
#1158=VERTEX_POINT('',#3975);
#1159=VERTEX_POINT('',#3976);
#1160=VERTEX_POINT('',#4000);
#1161=VERTEX_POINT('',#4001);
#1162=VERTEX_POINT('',#4012);
#1163=VERTEX_POINT('',#4029);
#1164=VERTEX_POINT('',#4041);
#1165=EDGE_CURVE('',#949,#950,#457,.T.);
#1166=EDGE_CURVE('',#950,#951,#458,.T.);
#1167=EDGE_CURVE('',#952,#951,#459,.T.);
#1168=EDGE_CURVE('',#949,#952,#460,.T.);
#1169=EDGE_CURVE('',#953,#949,#59,.T.);
#1170=EDGE_CURVE('',#954,#952,#60,.T.);
#1171=EDGE_CURVE('',#953,#954,#461,.T.);
#1172=EDGE_CURVE('',#955,#953,#462,.T.);
#1173=EDGE_CURVE('',#956,#954,#463,.T.);
#1174=EDGE_CURVE('',#955,#956,#464,.T.);
#1175=EDGE_CURVE('',#957,#955,#61,.T.);
#1176=EDGE_CURVE('',#958,#956,#62,.T.);
#1177=EDGE_CURVE('',#957,#958,#465,.T.);
#1178=EDGE_CURVE('',#959,#957,#466,.T.);
#1179=EDGE_CURVE('',#960,#958,#467,.T.);
#1180=EDGE_CURVE('',#959,#960,#468,.T.);
#1181=EDGE_CURVE('',#961,#962,#63,.T.);
#1182=EDGE_CURVE('',#961,#963,#469,.T.);
#1183=EDGE_CURVE('',#964,#963,#64,.T.);
#1184=EDGE_CURVE('',#962,#964,#470,.T.);
#1185=EDGE_CURVE('',#962,#965,#471,.T.);
#1186=EDGE_CURVE('',#966,#964,#472,.T.);
#1187=EDGE_CURVE('',#965,#966,#473,.T.);
#1188=EDGE_CURVE('',#965,#967,#65,.T.);
#1189=EDGE_CURVE('',#968,#966,#66,.T.);
#1190=EDGE_CURVE('',#967,#968,#474,.T.);
#1191=EDGE_CURVE('',#967,#969,#475,.T.);
#1192=EDGE_CURVE('',#970,#968,#476,.T.);
#1193=EDGE_CURVE('',#969,#970,#477,.T.);
#1194=EDGE_CURVE('',#969,#971,#67,.T.);
#1195=EDGE_CURVE('',#972,#970,#68,.T.);
#1196=EDGE_CURVE('',#971,#972,#478,.T.);
#1197=EDGE_CURVE('',#971,#973,#479,.T.);
#1198=EDGE_CURVE('',#974,#972,#480,.T.);
#1199=EDGE_CURVE('',#973,#974,#481,.T.);
#1200=EDGE_CURVE('',#973,#975,#69,.T.);
#1201=EDGE_CURVE('',#976,#974,#70,.T.);
#1202=EDGE_CURVE('',#975,#976,#482,.T.);
#1203=EDGE_CURVE('',#975,#961,#483,.T.);
#1204=EDGE_CURVE('',#963,#976,#484,.T.);
#1205=EDGE_CURVE('',#977,#978,#485,.T.);
#1206=EDGE_CURVE('',#979,#977,#486,.T.);
#1207=EDGE_CURVE('',#980,#979,#487,.T.);
#1208=EDGE_CURVE('',#978,#980,#488,.T.);
#1209=EDGE_CURVE('',#981,#977,#489,.T.);
#1210=EDGE_CURVE('',#982,#981,#490,.T.);
#1211=EDGE_CURVE('',#982,#979,#491,.T.);
#1212=EDGE_CURVE('',#983,#978,#492,.T.);
#1213=EDGE_CURVE('',#984,#983,#493,.T.);
#1214=EDGE_CURVE('',#985,#984,#494,.T.);
#1215=EDGE_CURVE('',#986,#985,#495,.T.);
#1216=EDGE_CURVE('',#986,#987,#496,.T.);
#1217=EDGE_CURVE('',#987,#988,#497,.T.);
#1218=EDGE_CURVE('',#988,#989,#498,.T.);
#1219=EDGE_CURVE('',#989,#960,#499,.T.);
#1220=EDGE_CURVE('',#951,#990,#500,.T.);
#1221=EDGE_CURVE('',#990,#991,#501,.T.);
#1222=EDGE_CURVE('',#991,#992,#502,.T.);
#1223=EDGE_CURVE('',#992,#993,#503,.T.);
#1224=EDGE_CURVE('',#993,#994,#504,.T.);
#1225=EDGE_CURVE('',#994,#995,#505,.T.);
#1226=EDGE_CURVE('',#995,#981,#506,.T.);
#1227=EDGE_CURVE('',#996,#997,#507,.T.);
#1228=EDGE_CURVE('',#997,#993,#508,.T.);
#1229=EDGE_CURVE('',#996,#992,#509,.T.);
#1230=EDGE_CURVE('',#998,#999,#510,.T.);
#1231=EDGE_CURVE('',#999,#989,#511,.T.);
#1232=EDGE_CURVE('',#998,#988,#512,.T.);
#1233=EDGE_CURVE('',#1000,#987,#513,.T.);
#1234=EDGE_CURVE('',#998,#1000,#514,.T.);
#1235=EDGE_CURVE('',#1001,#1002,#515,.T.);
#1236=EDGE_CURVE('',#1001,#1003,#516,.T.);
#1237=EDGE_CURVE('',#1004,#1003,#517,.T.);
#1238=EDGE_CURVE('',#1002,#1004,#518,.T.);
#1239=EDGE_CURVE('',#1005,#1001,#519,.T.);
#1240=EDGE_CURVE('',#1005,#1006,#520,.T.);
#1241=EDGE_CURVE('',#1003,#1006,#521,.T.);
#1242=EDGE_CURVE('',#1007,#1005,#522,.T.);
#1243=EDGE_CURVE('',#1008,#1007,#523,.T.);
#1244=EDGE_CURVE('',#1006,#1008,#524,.T.);
#1245=EDGE_CURVE('',#1009,#1010,#525,.T.);
#1246=EDGE_CURVE('',#1009,#1011,#526,.T.);
#1247=EDGE_CURVE('',#1012,#1011,#527,.T.);
#1248=EDGE_CURVE('',#1010,#1012,#528,.T.);
#1249=EDGE_CURVE('',#1013,#1009,#529,.T.);
#1250=EDGE_CURVE('',#1013,#1014,#530,.T.);
#1251=EDGE_CURVE('',#1011,#1014,#531,.T.);
#1252=EDGE_CURVE('',#1015,#1013,#532,.T.);
#1253=EDGE_CURVE('',#1016,#1015,#533,.T.);
#1254=EDGE_CURVE('',#1014,#1016,#534,.T.);
#1255=EDGE_CURVE('',#1015,#1017,#535,.T.);
#1256=EDGE_CURVE('',#1017,#1018,#536,.T.);
#1257=EDGE_CURVE('',#1018,#1019,#537,.T.);
#1258=EDGE_CURVE('',#1019,#1020,#538,.T.);
#1259=EDGE_CURVE('',#1020,#1016,#539,.T.);
#1260=EDGE_CURVE('',#1004,#1021,#540,.T.);
#1261=EDGE_CURVE('',#1021,#1022,#71,.T.);
#1262=EDGE_CURVE('',#1022,#1023,#541,.T.);
#1263=EDGE_CURVE('',#1023,#1024,#542,.T.);
#1264=EDGE_CURVE('',#1024,#1025,#543,.T.);
#1265=EDGE_CURVE('',#1025,#1026,#72,.T.);
#1266=EDGE_CURVE('',#1026,#1002,#544,.T.);
#1267=EDGE_CURVE('',#1007,#1010,#545,.T.);
#1268=EDGE_CURVE('',#1012,#1008,#546,.T.);
#1269=EDGE_CURVE('',#1026,#1027,#547,.T.);
#1270=EDGE_CURVE('',#1028,#1027,#548,.T.);
#1271=EDGE_CURVE('',#1017,#1028,#549,.T.);
#1272=EDGE_CURVE('',#1029,#986,#550,.T.);
#1273=EDGE_CURVE('',#1000,#1029,#551,.T.);
#1274=EDGE_CURVE('',#985,#1030,#552,.T.);
#1275=EDGE_CURVE('',#1030,#1031,#553,.T.);
#1276=EDGE_CURVE('',#1031,#1032,#554,.T.);
#1277=EDGE_CURVE('',#1032,#1029,#555,.T.);
#1278=EDGE_CURVE('',#999,#959,#556,.T.);
#1279=EDGE_CURVE('',#1033,#1032,#557,.T.);
#1280=EDGE_CURVE('',#1034,#1033,#558,.T.);
#1281=EDGE_CURVE('',#1035,#1034,#559,.T.);
#1282=EDGE_CURVE('',#997,#1035,#560,.T.);
#1283=EDGE_CURVE('',#996,#1036,#561,.T.);
#1284=EDGE_CURVE('',#1036,#1037,#562,.T.);
#1285=EDGE_CURVE('',#950,#1037,#563,.T.);
#1286=EDGE_CURVE('',#1038,#1023,#73,.T.);
#1287=EDGE_CURVE('',#1039,#1038,#564,.T.);
#1288=EDGE_CURVE('',#1024,#1039,#74,.T.);
#1289=EDGE_CURVE('',#1040,#1041,#565,.T.);
#1290=EDGE_CURVE('',#1042,#1040,#75,.T.);
#1291=EDGE_CURVE('',#1043,#1042,#566,.T.);
#1292=EDGE_CURVE('',#1041,#1043,#76,.T.);
#1293=EDGE_CURVE('',#1038,#1044,#567,.T.);
#1294=EDGE_CURVE('',#1044,#1045,#568,.T.);
#1295=EDGE_CURVE('',#1045,#1039,#569,.T.);
#1296=EDGE_CURVE('',#1045,#1046,#570,.T.);
#1297=EDGE_CURVE('',#1046,#1047,#37,.T.);
#1298=EDGE_CURVE('',#1047,#1048,#571,.T.);
#1299=EDGE_CURVE('',#1048,#1049,#38,.T.);
#1300=EDGE_CURVE('',#1049,#1050,#572,.T.);
#1301=EDGE_CURVE('',#1041,#1050,#573,.T.);
#1302=EDGE_CURVE('',#1051,#1043,#574,.T.);
#1303=EDGE_CURVE('',#1051,#1052,#575,.T.);
#1304=EDGE_CURVE('',#1053,#1052,#576,.T.);
#1305=EDGE_CURVE('',#1025,#1053,#577,.T.);
#1306=EDGE_CURVE('',#1042,#1054,#578,.T.);
#1307=EDGE_CURVE('',#1054,#994,#77,.T.);
#1308=EDGE_CURVE('',#1035,#1051,#78,.T.);
#1309=EDGE_CURVE('',#969,#1055,#579,.T.);
#1310=EDGE_CURVE('',#1055,#1056,#580,.T.);
#1311=EDGE_CURVE('',#1056,#967,#581,.T.);
#1312=EDGE_CURVE('',#971,#1057,#582,.T.);
#1313=EDGE_CURVE('',#1057,#1055,#79,.T.);
#1314=EDGE_CURVE('',#973,#1058,#583,.T.);
#1315=EDGE_CURVE('',#1058,#1057,#584,.T.);
#1316=EDGE_CURVE('',#975,#1059,#585,.T.);
#1317=EDGE_CURVE('',#1059,#1058,#80,.T.);
#1318=EDGE_CURVE('',#1060,#980,#586,.T.);
#1319=EDGE_CURVE('',#983,#1060,#587,.T.);
#1320=EDGE_CURVE('',#1060,#1061,#588,.T.);
#1321=EDGE_CURVE('',#1062,#1061,#589,.T.);
#1322=EDGE_CURVE('',#1063,#1062,#590,.T.);
#1323=EDGE_CURVE('',#1064,#1063,#81,.T.);
#1324=EDGE_CURVE('',#1065,#1064,#591,.T.);
#1325=EDGE_CURVE('',#1066,#1065,#82,.T.);
#1326=EDGE_CURVE('',#1067,#1066,#592,.T.);
#1327=EDGE_CURVE('',#984,#1067,#593,.T.);
#1328=EDGE_CURVE('',#1068,#1068,#83,.T.);
#1329=EDGE_CURVE('',#1069,#1069,#84,.T.);
#1330=EDGE_CURVE('',#961,#1070,#594,.T.);
#1331=EDGE_CURVE('',#1070,#1059,#595,.T.);
#1332=EDGE_CURVE('',#962,#1071,#596,.T.);
#1333=EDGE_CURVE('',#1071,#1070,#85,.T.);
#1334=EDGE_CURVE('',#965,#1072,#597,.T.);
#1335=EDGE_CURVE('',#1072,#1071,#598,.T.);
#1336=EDGE_CURVE('',#1056,#1072,#86,.T.);
#1337=EDGE_CURVE('',#1073,#1073,#87,.T.);
#1338=EDGE_CURVE('',#1074,#1074,#88,.T.);
#1339=EDGE_CURVE('',#1075,#1075,#89,.T.);
#1340=EDGE_CURVE('',#1076,#1076,#90,.T.);
#1341=EDGE_CURVE('',#1077,#1077,#91,.T.);
#1342=EDGE_CURVE('',#1078,#1078,#92,.T.);
#1343=EDGE_CURVE('',#1079,#1079,#93,.T.);
#1344=EDGE_CURVE('',#1080,#1080,#94,.T.);
#1345=EDGE_CURVE('',#1081,#1082,#599,.T.);
#1346=EDGE_CURVE('',#1083,#1081,#600,.T.);
#1347=EDGE_CURVE('',#1084,#1083,#601,.T.);
#1348=EDGE_CURVE('',#1084,#1082,#602,.T.);
#1349=EDGE_CURVE('',#1082,#1085,#603,.T.);
#1350=EDGE_CURVE('',#1086,#1084,#604,.T.);
#1351=EDGE_CURVE('',#1085,#1086,#605,.T.);
#1352=EDGE_CURVE('',#1087,#1081,#606,.T.);
#1353=EDGE_CURVE('',#1088,#1087,#607,.T.);
#1354=EDGE_CURVE('',#1083,#1088,#608,.T.);
#1355=EDGE_CURVE('',#1089,#1090,#609,.T.);
#1356=EDGE_CURVE('',#1091,#1089,#610,.T.);
#1357=EDGE_CURVE('',#1092,#1091,#611,.T.);
#1358=EDGE_CURVE('',#1090,#1092,#612,.T.);
#1359=EDGE_CURVE('',#1093,#1089,#613,.T.);
#1360=EDGE_CURVE('',#1094,#1093,#614,.T.);
#1361=EDGE_CURVE('',#1091,#1094,#615,.T.);
#1362=EDGE_CURVE('',#1095,#1093,#616,.T.);
#1363=EDGE_CURVE('',#1096,#1095,#617,.T.);
#1364=EDGE_CURVE('',#1094,#1096,#618,.T.);
#1365=EDGE_CURVE('',#1095,#1085,#619,.T.);
#1366=EDGE_CURVE('',#1097,#1090,#620,.T.);
#1367=EDGE_CURVE('',#1097,#1065,#621,.T.);
#1368=EDGE_CURVE('',#1098,#1064,#622,.T.);
#1369=EDGE_CURVE('',#1087,#1098,#623,.T.);
#1370=EDGE_CURVE('',#1092,#1099,#624,.T.);
#1371=EDGE_CURVE('',#1099,#1100,#95,.T.);
#1372=EDGE_CURVE('',#1100,#1101,#625,.T.);
#1373=EDGE_CURVE('',#1101,#1102,#96,.T.);
#1374=EDGE_CURVE('',#1102,#1103,#626,.T.);
#1375=EDGE_CURVE('',#1103,#1104,#627,.T.);
#1376=EDGE_CURVE('',#1104,#1105,#628,.T.);
#1377=EDGE_CURVE('',#1105,#1106,#629,.T.);
#1378=EDGE_CURVE('',#1106,#1097,#97,.T.);
#1379=EDGE_CURVE('',#1086,#1096,#630,.T.);
#1380=EDGE_CURVE('',#1107,#1108,#23,.T.);
#1381=EDGE_CURVE('',#1108,#1109,#24,.T.);
#1382=EDGE_CURVE('',#1109,#1107,#98,.T.);
#1383=EDGE_CURVE('',#1110,#1111,#25,.T.);
#1384=EDGE_CURVE('',#1111,#1112,#26,.T.);
#1385=EDGE_CURVE('',#1112,#1110,#99,.T.);
#1386=EDGE_CURVE('',#1111,#1113,#631,.T.);
#1387=EDGE_CURVE('',#1113,#1033,#27,.T.);
#1388=EDGE_CURVE('',#1033,#1112,#632,.T.);
#1389=EDGE_CURVE('',#1027,#1114,#100,.T.);
#1390=EDGE_CURVE('',#1114,#1115,#633,.T.);
#1391=EDGE_CURVE('',#1115,#1028,#28,.T.);
#1392=EDGE_CURVE('',#1053,#1116,#101,.T.);
#1393=EDGE_CURVE('',#1116,#1114,#102,.T.);
#1394=EDGE_CURVE('',#1027,#1053,#103,.T.);
#1395=EDGE_CURVE('',#1052,#1117,#104,.T.);
#1396=EDGE_CURVE('',#1117,#1116,#634,.T.);
#1397=EDGE_CURVE('',#1034,#1118,#105,.T.);
#1398=EDGE_CURVE('',#1118,#1117,#106,.T.);
#1399=EDGE_CURVE('',#1052,#1034,#107,.T.);
#1400=EDGE_CURVE('',#1113,#1118,#635,.T.);
#1401=EDGE_CURVE('',#1107,#1028,#636,.T.);
#1402=EDGE_CURVE('',#1115,#1108,#637,.T.);
#1403=EDGE_CURVE('',#1110,#1119,#638,.T.);
#1404=EDGE_CURVE('',#1119,#1120,#108,.T.);
#1405=EDGE_CURVE('',#1120,#1111,#639,.T.);
#1406=EDGE_CURVE('',#1121,#1122,#109,.T.);
#1407=EDGE_CURVE('',#1122,#1120,#110,.T.);
#1408=EDGE_CURVE('',#1119,#1121,#111,.T.);
#1409=EDGE_CURVE('',#1123,#1124,#112,.T.);
#1410=EDGE_CURVE('',#1124,#1122,#640,.T.);
#1411=EDGE_CURVE('',#1121,#1123,#641,.T.);
#1412=EDGE_CURVE('',#1125,#1126,#113,.T.);
#1413=EDGE_CURVE('',#1126,#1124,#114,.T.);
#1414=EDGE_CURVE('',#1123,#1125,#115,.T.);
#1415=EDGE_CURVE('',#1108,#1126,#642,.T.);
#1416=EDGE_CURVE('',#1125,#1109,#643,.T.);
#1417=EDGE_CURVE('',#1102,#1112,#644,.T.);
#1418=EDGE_CURVE('',#1101,#1110,#645,.T.);
#1419=EDGE_CURVE('',#1031,#1127,#646,.T.);
#1420=EDGE_CURVE('',#1127,#1128,#116,.T.);
#1421=EDGE_CURVE('',#1128,#1103,#647,.T.);
#1422=EDGE_CURVE('',#1129,#1129,#117,.T.);
#1423=EDGE_CURVE('',#1130,#1130,#118,.T.);
#1424=EDGE_CURVE('',#1131,#1131,#119,.T.);
#1425=EDGE_CURVE('',#1132,#1132,#120,.T.);
#1426=EDGE_CURVE('',#1133,#1133,#121,.T.);
#1427=EDGE_CURVE('',#1134,#1134,#122,.T.);
#1428=EDGE_CURVE('',#1129,#1133,#648,.T.);
#1429=EDGE_CURVE('',#1134,#1078,#649,.T.);
#1430=EDGE_CURVE('',#1135,#1135,#123,.T.);
#1431=EDGE_CURVE('',#1136,#1136,#124,.T.);
#1432=EDGE_CURVE('',#1130,#1135,#650,.T.);
#1433=EDGE_CURVE('',#1136,#1080,#651,.T.);
#1434=EDGE_CURVE('',#1137,#1137,#125,.T.);
#1435=EDGE_CURVE('',#1138,#1138,#126,.T.);
#1436=EDGE_CURVE('',#1131,#1137,#652,.T.);
#1437=EDGE_CURVE('',#1138,#1076,#653,.T.);
#1438=EDGE_CURVE('',#1139,#1139,#127,.T.);
#1439=EDGE_CURVE('',#1140,#1140,#128,.T.);
#1440=EDGE_CURVE('',#1132,#1139,#654,.T.);
#1441=EDGE_CURVE('',#1140,#1074,#655,.T.);
#1442=EDGE_CURVE('',#1079,#1069,#656,.T.);
#1443=EDGE_CURVE('',#1141,#995,#129,.T.);
#1444=EDGE_CURVE('',#1142,#1141,#657,.T.);
#1445=EDGE_CURVE('',#1143,#1142,#130,.T.);
#1446=EDGE_CURVE('',#982,#1143,#658,.T.);
#1447=EDGE_CURVE('',#1144,#1144,#131,.T.);
#1448=EDGE_CURVE('',#1145,#1145,#132,.T.);
#1449=EDGE_CURVE('',#1075,#1144,#659,.T.);
#1450=EDGE_CURVE('',#1073,#1068,#660,.T.);
#1451=EDGE_CURVE('',#1077,#1145,#661,.T.);
#1452=EDGE_CURVE('',#1146,#1147,#133,.T.);
#1453=EDGE_CURVE('',#1148,#1146,#662,.T.);
#1454=EDGE_CURVE('',#1149,#1148,#134,.T.);
#1455=EDGE_CURVE('',#1149,#1147,#663,.T.);
#1456=EDGE_CURVE('',#1147,#1150,#664,.T.);
#1457=EDGE_CURVE('',#1151,#1149,#665,.T.);
#1458=EDGE_CURVE('',#1150,#1151,#666,.T.);
#1459=EDGE_CURVE('',#1019,#1146,#667,.T.);
#1460=EDGE_CURVE('',#1148,#1018,#668,.T.);
#1461=EDGE_CURVE('',#1152,#1150,#669,.T.);
#1462=EDGE_CURVE('',#1152,#1062,#670,.T.);
#1463=EDGE_CURVE('',#1020,#1061,#671,.T.);
#1464=EDGE_CURVE('',#1098,#1153,#135,.T.);
#1465=EDGE_CURVE('',#1153,#1152,#672,.T.);
#1466=EDGE_CURVE('',#1151,#1154,#673,.T.);
#1467=EDGE_CURVE('',#1154,#1155,#136,.T.);
#1468=EDGE_CURVE('',#1155,#1156,#674,.T.);
#1469=EDGE_CURVE('',#1156,#1157,#137,.T.);
#1470=EDGE_CURVE('',#1157,#1088,#675,.T.);
#1471=EDGE_CURVE('',#1158,#1159,#138,.T.);
#1472=EDGE_CURVE('',#1128,#1158,#676,.T.);
#1473=EDGE_CURVE('',#1127,#1159,#677,.T.);
#1474=EDGE_CURVE('',#1159,#1030,#678,.T.);
#1475=EDGE_CURVE('',#1104,#1158,#679,.T.);
#1476=EDGE_CURVE('',#1105,#1067,#680,.T.);
#1477=EDGE_CURVE('',#1160,#1161,#39,.T.);
#1478=EDGE_CURVE('',#1049,#1160,#681,.T.);
#1479=EDGE_CURVE('',#1048,#1161,#682,.T.);
#1480=EDGE_CURVE('',#1161,#1162,#683,.T.);
#1481=EDGE_CURVE('',#1047,#1162,#684,.T.);
#1482=EDGE_CURVE('',#1162,#1163,#40,.T.);
#1483=EDGE_CURVE('',#1046,#1163,#685,.T.);
#1484=EDGE_CURVE('',#1163,#1044,#686,.T.);
#1485=EDGE_CURVE('',#1164,#1160,#687,.T.);
#1486=EDGE_CURVE('',#1050,#1164,#688,.T.);
#1487=EDGE_CURVE('',#1142,#1022,#689,.T.);
#1488=EDGE_CURVE('',#1054,#1141,#690,.T.);
#1489=EDGE_CURVE('',#1164,#1040,#691,.T.);
#1490=EDGE_CURVE('',#1036,#991,#692,.T.);
#1491=EDGE_CURVE('',#1037,#990,#693,.T.);
#1492=EDGE_CURVE('',#1021,#1143,#694,.T.);
#1493=EDGE_CURVE('',#1106,#1066,#695,.T.);
#1494=EDGE_CURVE('',#1153,#1063,#696,.T.);
#1495=EDGE_CURVE('',#1154,#1107,#697,.T.);
#1496=EDGE_CURVE('',#1155,#1109,#698,.T.);
#1497=EDGE_CURVE('',#1156,#1125,#699,.T.);
#1498=EDGE_CURVE('',#1157,#1123,#700,.T.);
#1499=EDGE_CURVE('',#1099,#1121,#701,.T.);
#1500=EDGE_CURVE('',#1100,#1119,#702,.T.);
#1501=ORIENTED_EDGE('',*,*,#1165,.T.);
#1502=ORIENTED_EDGE('',*,*,#1166,.T.);
#1503=ORIENTED_EDGE('',*,*,#1167,.F.);
#1504=ORIENTED_EDGE('',*,*,#1168,.F.);
#1505=ORIENTED_EDGE('',*,*,#1169,.T.);
#1506=ORIENTED_EDGE('',*,*,#1168,.T.);
#1507=ORIENTED_EDGE('',*,*,#1170,.F.);
#1508=ORIENTED_EDGE('',*,*,#1171,.F.);
#1509=ORIENTED_EDGE('',*,*,#1172,.T.);
#1510=ORIENTED_EDGE('',*,*,#1171,.T.);
#1511=ORIENTED_EDGE('',*,*,#1173,.F.);
#1512=ORIENTED_EDGE('',*,*,#1174,.F.);
#1513=ORIENTED_EDGE('',*,*,#1175,.T.);
#1514=ORIENTED_EDGE('',*,*,#1174,.T.);
#1515=ORIENTED_EDGE('',*,*,#1176,.F.);
#1516=ORIENTED_EDGE('',*,*,#1177,.F.);
#1517=ORIENTED_EDGE('',*,*,#1178,.T.);
#1518=ORIENTED_EDGE('',*,*,#1177,.T.);
#1519=ORIENTED_EDGE('',*,*,#1179,.F.);
#1520=ORIENTED_EDGE('',*,*,#1180,.F.);
#1521=ORIENTED_EDGE('',*,*,#1181,.F.);
#1522=ORIENTED_EDGE('',*,*,#1182,.T.);
#1523=ORIENTED_EDGE('',*,*,#1183,.F.);
#1524=ORIENTED_EDGE('',*,*,#1184,.F.);
#1525=ORIENTED_EDGE('',*,*,#1185,.F.);
#1526=ORIENTED_EDGE('',*,*,#1184,.T.);
#1527=ORIENTED_EDGE('',*,*,#1186,.F.);
#1528=ORIENTED_EDGE('',*,*,#1187,.F.);
#1529=ORIENTED_EDGE('',*,*,#1188,.F.);
#1530=ORIENTED_EDGE('',*,*,#1187,.T.);
#1531=ORIENTED_EDGE('',*,*,#1189,.F.);
#1532=ORIENTED_EDGE('',*,*,#1190,.F.);
#1533=ORIENTED_EDGE('',*,*,#1191,.F.);
#1534=ORIENTED_EDGE('',*,*,#1190,.T.);
#1535=ORIENTED_EDGE('',*,*,#1192,.F.);
#1536=ORIENTED_EDGE('',*,*,#1193,.F.);
#1537=ORIENTED_EDGE('',*,*,#1194,.F.);
#1538=ORIENTED_EDGE('',*,*,#1193,.T.);
#1539=ORIENTED_EDGE('',*,*,#1195,.F.);
#1540=ORIENTED_EDGE('',*,*,#1196,.F.);
#1541=ORIENTED_EDGE('',*,*,#1197,.F.);
#1542=ORIENTED_EDGE('',*,*,#1196,.T.);
#1543=ORIENTED_EDGE('',*,*,#1198,.F.);
#1544=ORIENTED_EDGE('',*,*,#1199,.F.);
#1545=ORIENTED_EDGE('',*,*,#1200,.F.);
#1546=ORIENTED_EDGE('',*,*,#1199,.T.);
#1547=ORIENTED_EDGE('',*,*,#1201,.F.);
#1548=ORIENTED_EDGE('',*,*,#1202,.F.);
#1549=ORIENTED_EDGE('',*,*,#1203,.F.);
#1550=ORIENTED_EDGE('',*,*,#1202,.T.);
#1551=ORIENTED_EDGE('',*,*,#1204,.F.);
#1552=ORIENTED_EDGE('',*,*,#1182,.F.);
#1553=ORIENTED_EDGE('',*,*,#1205,.F.);
#1554=ORIENTED_EDGE('',*,*,#1206,.F.);
#1555=ORIENTED_EDGE('',*,*,#1207,.F.);
#1556=ORIENTED_EDGE('',*,*,#1208,.F.);
#1557=ORIENTED_EDGE('',*,*,#1204,.T.);
#1558=ORIENTED_EDGE('',*,*,#1201,.T.);
#1559=ORIENTED_EDGE('',*,*,#1198,.T.);
#1560=ORIENTED_EDGE('',*,*,#1195,.T.);
#1561=ORIENTED_EDGE('',*,*,#1192,.T.);
#1562=ORIENTED_EDGE('',*,*,#1189,.T.);
#1563=ORIENTED_EDGE('',*,*,#1186,.T.);
#1564=ORIENTED_EDGE('',*,*,#1183,.T.);
#1565=ORIENTED_EDGE('',*,*,#1206,.T.);
#1566=ORIENTED_EDGE('',*,*,#1209,.F.);
#1567=ORIENTED_EDGE('',*,*,#1210,.F.);
#1568=ORIENTED_EDGE('',*,*,#1211,.T.);
#1569=ORIENTED_EDGE('',*,*,#1205,.T.);
#1570=ORIENTED_EDGE('',*,*,#1212,.F.);
#1571=ORIENTED_EDGE('',*,*,#1213,.F.);
#1572=ORIENTED_EDGE('',*,*,#1214,.F.);
#1573=ORIENTED_EDGE('',*,*,#1215,.F.);
#1574=ORIENTED_EDGE('',*,*,#1216,.T.);
#1575=ORIENTED_EDGE('',*,*,#1217,.T.);
#1576=ORIENTED_EDGE('',*,*,#1218,.T.);
#1577=ORIENTED_EDGE('',*,*,#1219,.T.);
#1578=ORIENTED_EDGE('',*,*,#1179,.T.);
#1579=ORIENTED_EDGE('',*,*,#1176,.T.);
#1580=ORIENTED_EDGE('',*,*,#1173,.T.);
#1581=ORIENTED_EDGE('',*,*,#1170,.T.);
#1582=ORIENTED_EDGE('',*,*,#1167,.T.);
#1583=ORIENTED_EDGE('',*,*,#1220,.T.);
#1584=ORIENTED_EDGE('',*,*,#1221,.T.);
#1585=ORIENTED_EDGE('',*,*,#1222,.T.);
#1586=ORIENTED_EDGE('',*,*,#1223,.T.);
#1587=ORIENTED_EDGE('',*,*,#1224,.T.);
#1588=ORIENTED_EDGE('',*,*,#1225,.T.);
#1589=ORIENTED_EDGE('',*,*,#1226,.T.);
#1590=ORIENTED_EDGE('',*,*,#1209,.T.);
#1591=ORIENTED_EDGE('',*,*,#1227,.T.);
#1592=ORIENTED_EDGE('',*,*,#1228,.T.);
#1593=ORIENTED_EDGE('',*,*,#1223,.F.);
#1594=ORIENTED_EDGE('',*,*,#1229,.F.);
#1595=ORIENTED_EDGE('',*,*,#1230,.T.);
#1596=ORIENTED_EDGE('',*,*,#1231,.T.);
#1597=ORIENTED_EDGE('',*,*,#1218,.F.);
#1598=ORIENTED_EDGE('',*,*,#1232,.F.);
#1599=ORIENTED_EDGE('',*,*,#1232,.T.);
#1600=ORIENTED_EDGE('',*,*,#1217,.F.);
#1601=ORIENTED_EDGE('',*,*,#1233,.F.);
#1602=ORIENTED_EDGE('',*,*,#1234,.F.);
#1603=ORIENTED_EDGE('',*,*,#1235,.F.);
#1604=ORIENTED_EDGE('',*,*,#1236,.T.);
#1605=ORIENTED_EDGE('',*,*,#1237,.F.);
#1606=ORIENTED_EDGE('',*,*,#1238,.F.);
#1607=ORIENTED_EDGE('',*,*,#1239,.F.);
#1608=ORIENTED_EDGE('',*,*,#1240,.T.);
#1609=ORIENTED_EDGE('',*,*,#1241,.F.);
#1610=ORIENTED_EDGE('',*,*,#1236,.F.);
#1611=ORIENTED_EDGE('',*,*,#1242,.F.);
#1612=ORIENTED_EDGE('',*,*,#1243,.F.);
#1613=ORIENTED_EDGE('',*,*,#1244,.F.);
#1614=ORIENTED_EDGE('',*,*,#1240,.F.);
#1615=ORIENTED_EDGE('',*,*,#1245,.F.);
#1616=ORIENTED_EDGE('',*,*,#1246,.T.);
#1617=ORIENTED_EDGE('',*,*,#1247,.F.);
#1618=ORIENTED_EDGE('',*,*,#1248,.F.);
#1619=ORIENTED_EDGE('',*,*,#1249,.F.);
#1620=ORIENTED_EDGE('',*,*,#1250,.T.);
#1621=ORIENTED_EDGE('',*,*,#1251,.F.);
#1622=ORIENTED_EDGE('',*,*,#1246,.F.);
#1623=ORIENTED_EDGE('',*,*,#1252,.F.);
#1624=ORIENTED_EDGE('',*,*,#1253,.F.);
#1625=ORIENTED_EDGE('',*,*,#1254,.F.);
#1626=ORIENTED_EDGE('',*,*,#1250,.F.);
#1627=ORIENTED_EDGE('',*,*,#1253,.T.);
#1628=ORIENTED_EDGE('',*,*,#1255,.T.);
#1629=ORIENTED_EDGE('',*,*,#1256,.T.);
#1630=ORIENTED_EDGE('',*,*,#1257,.T.);
#1631=ORIENTED_EDGE('',*,*,#1258,.T.);
#1632=ORIENTED_EDGE('',*,*,#1259,.T.);
#1633=ORIENTED_EDGE('',*,*,#1238,.T.);
#1634=ORIENTED_EDGE('',*,*,#1260,.T.);
#1635=ORIENTED_EDGE('',*,*,#1261,.T.);
#1636=ORIENTED_EDGE('',*,*,#1262,.T.);
#1637=ORIENTED_EDGE('',*,*,#1263,.T.);
#1638=ORIENTED_EDGE('',*,*,#1264,.T.);
#1639=ORIENTED_EDGE('',*,*,#1265,.T.);
#1640=ORIENTED_EDGE('',*,*,#1266,.T.);
#1641=ORIENTED_EDGE('',*,*,#1243,.T.);
#1642=ORIENTED_EDGE('',*,*,#1267,.T.);
#1643=ORIENTED_EDGE('',*,*,#1248,.T.);
#1644=ORIENTED_EDGE('',*,*,#1268,.T.);
#1645=ORIENTED_EDGE('',*,*,#1242,.T.);
#1646=ORIENTED_EDGE('',*,*,#1239,.T.);
#1647=ORIENTED_EDGE('',*,*,#1235,.T.);
#1648=ORIENTED_EDGE('',*,*,#1266,.F.);
#1649=ORIENTED_EDGE('',*,*,#1269,.T.);
#1650=ORIENTED_EDGE('',*,*,#1270,.F.);
#1651=ORIENTED_EDGE('',*,*,#1271,.F.);
#1652=ORIENTED_EDGE('',*,*,#1255,.F.);
#1653=ORIENTED_EDGE('',*,*,#1252,.T.);
#1654=ORIENTED_EDGE('',*,*,#1249,.T.);
#1655=ORIENTED_EDGE('',*,*,#1245,.T.);
#1656=ORIENTED_EDGE('',*,*,#1267,.F.);
#1657=ORIENTED_EDGE('',*,*,#1272,.F.);
#1658=ORIENTED_EDGE('',*,*,#1273,.F.);
#1659=ORIENTED_EDGE('',*,*,#1233,.T.);
#1660=ORIENTED_EDGE('',*,*,#1216,.F.);
#1661=ORIENTED_EDGE('',*,*,#1272,.T.);
#1662=ORIENTED_EDGE('',*,*,#1215,.T.);
#1663=ORIENTED_EDGE('',*,*,#1274,.T.);
#1664=ORIENTED_EDGE('',*,*,#1275,.T.);
#1665=ORIENTED_EDGE('',*,*,#1276,.T.);
#1666=ORIENTED_EDGE('',*,*,#1277,.T.);
#1667=ORIENTED_EDGE('',*,*,#1278,.T.);
#1668=ORIENTED_EDGE('',*,*,#1180,.T.);
#1669=ORIENTED_EDGE('',*,*,#1219,.F.);
#1670=ORIENTED_EDGE('',*,*,#1231,.F.);
#1671=ORIENTED_EDGE('',*,*,#1234,.T.);
#1672=ORIENTED_EDGE('',*,*,#1273,.T.);
#1673=ORIENTED_EDGE('',*,*,#1277,.F.);
#1674=ORIENTED_EDGE('',*,*,#1279,.F.);
#1675=ORIENTED_EDGE('',*,*,#1280,.F.);
#1676=ORIENTED_EDGE('',*,*,#1281,.F.);
#1677=ORIENTED_EDGE('',*,*,#1282,.F.);
#1678=ORIENTED_EDGE('',*,*,#1227,.F.);
#1679=ORIENTED_EDGE('',*,*,#1283,.T.);
#1680=ORIENTED_EDGE('',*,*,#1284,.T.);
#1681=ORIENTED_EDGE('',*,*,#1285,.F.);
#1682=ORIENTED_EDGE('',*,*,#1165,.F.);
#1683=ORIENTED_EDGE('',*,*,#1169,.F.);
#1684=ORIENTED_EDGE('',*,*,#1172,.F.);
#1685=ORIENTED_EDGE('',*,*,#1175,.F.);
#1686=ORIENTED_EDGE('',*,*,#1178,.F.);
#1687=ORIENTED_EDGE('',*,*,#1278,.F.);
#1688=ORIENTED_EDGE('',*,*,#1230,.F.);
#1689=ORIENTED_EDGE('',*,*,#1263,.F.);
#1690=ORIENTED_EDGE('',*,*,#1286,.F.);
#1691=ORIENTED_EDGE('',*,*,#1287,.F.);
#1692=ORIENTED_EDGE('',*,*,#1288,.F.);
#1693=ORIENTED_EDGE('',*,*,#1289,.F.);
#1694=ORIENTED_EDGE('',*,*,#1290,.F.);
#1695=ORIENTED_EDGE('',*,*,#1291,.F.);
#1696=ORIENTED_EDGE('',*,*,#1292,.F.);
#1697=ORIENTED_EDGE('',*,*,#1287,.T.);
#1698=ORIENTED_EDGE('',*,*,#1293,.T.);
#1699=ORIENTED_EDGE('',*,*,#1294,.T.);
#1700=ORIENTED_EDGE('',*,*,#1295,.T.);
#1701=ORIENTED_EDGE('',*,*,#1288,.T.);
#1702=ORIENTED_EDGE('',*,*,#1295,.F.);
#1703=ORIENTED_EDGE('',*,*,#1296,.T.);
#1704=ORIENTED_EDGE('',*,*,#1297,.T.);
#1705=ORIENTED_EDGE('',*,*,#1298,.T.);
#1706=ORIENTED_EDGE('',*,*,#1299,.T.);
#1707=ORIENTED_EDGE('',*,*,#1300,.T.);
#1708=ORIENTED_EDGE('',*,*,#1301,.F.);
#1709=ORIENTED_EDGE('',*,*,#1292,.T.);
#1710=ORIENTED_EDGE('',*,*,#1302,.F.);
#1711=ORIENTED_EDGE('',*,*,#1303,.T.);
#1712=ORIENTED_EDGE('',*,*,#1304,.F.);
#1713=ORIENTED_EDGE('',*,*,#1305,.F.);
#1714=ORIENTED_EDGE('',*,*,#1264,.F.);
#1715=ORIENTED_EDGE('',*,*,#1291,.T.);
#1716=ORIENTED_EDGE('',*,*,#1306,.T.);
#1717=ORIENTED_EDGE('',*,*,#1307,.T.);
#1718=ORIENTED_EDGE('',*,*,#1224,.F.);
#1719=ORIENTED_EDGE('',*,*,#1228,.F.);
#1720=ORIENTED_EDGE('',*,*,#1282,.T.);
#1721=ORIENTED_EDGE('',*,*,#1308,.T.);
#1722=ORIENTED_EDGE('',*,*,#1302,.T.);
#1723=ORIENTED_EDGE('',*,*,#1191,.T.);
#1724=ORIENTED_EDGE('',*,*,#1309,.T.);
#1725=ORIENTED_EDGE('',*,*,#1310,.T.);
#1726=ORIENTED_EDGE('',*,*,#1311,.T.);
#1727=ORIENTED_EDGE('',*,*,#1194,.T.);
#1728=ORIENTED_EDGE('',*,*,#1312,.T.);
#1729=ORIENTED_EDGE('',*,*,#1313,.T.);
#1730=ORIENTED_EDGE('',*,*,#1309,.F.);
#1731=ORIENTED_EDGE('',*,*,#1197,.T.);
#1732=ORIENTED_EDGE('',*,*,#1314,.T.);
#1733=ORIENTED_EDGE('',*,*,#1315,.T.);
#1734=ORIENTED_EDGE('',*,*,#1312,.F.);
#1735=ORIENTED_EDGE('',*,*,#1200,.T.);
#1736=ORIENTED_EDGE('',*,*,#1316,.T.);
#1737=ORIENTED_EDGE('',*,*,#1317,.T.);
#1738=ORIENTED_EDGE('',*,*,#1314,.F.);
#1739=ORIENTED_EDGE('',*,*,#1208,.T.);
#1740=ORIENTED_EDGE('',*,*,#1318,.F.);
#1741=ORIENTED_EDGE('',*,*,#1319,.F.);
#1742=ORIENTED_EDGE('',*,*,#1212,.T.);
#1743=ORIENTED_EDGE('',*,*,#1213,.T.);
#1744=ORIENTED_EDGE('',*,*,#1319,.T.);
#1745=ORIENTED_EDGE('',*,*,#1320,.T.);
#1746=ORIENTED_EDGE('',*,*,#1321,.F.);
#1747=ORIENTED_EDGE('',*,*,#1322,.F.);
#1748=ORIENTED_EDGE('',*,*,#1323,.F.);
#1749=ORIENTED_EDGE('',*,*,#1324,.F.);
#1750=ORIENTED_EDGE('',*,*,#1325,.F.);
#1751=ORIENTED_EDGE('',*,*,#1326,.F.);
#1752=ORIENTED_EDGE('',*,*,#1327,.F.);
#1753=ORIENTED_EDGE('',*,*,#1328,.T.);
#1754=ORIENTED_EDGE('',*,*,#1329,.T.);
#1755=ORIENTED_EDGE('',*,*,#1203,.T.);
#1756=ORIENTED_EDGE('',*,*,#1330,.T.);
#1757=ORIENTED_EDGE('',*,*,#1331,.T.);
#1758=ORIENTED_EDGE('',*,*,#1316,.F.);
#1759=ORIENTED_EDGE('',*,*,#1181,.T.);
#1760=ORIENTED_EDGE('',*,*,#1332,.T.);
#1761=ORIENTED_EDGE('',*,*,#1333,.T.);
#1762=ORIENTED_EDGE('',*,*,#1330,.F.);
#1763=ORIENTED_EDGE('',*,*,#1185,.T.);
#1764=ORIENTED_EDGE('',*,*,#1334,.T.);
#1765=ORIENTED_EDGE('',*,*,#1335,.T.);
#1766=ORIENTED_EDGE('',*,*,#1332,.F.);
#1767=ORIENTED_EDGE('',*,*,#1188,.T.);
#1768=ORIENTED_EDGE('',*,*,#1311,.F.);
#1769=ORIENTED_EDGE('',*,*,#1336,.T.);
#1770=ORIENTED_EDGE('',*,*,#1334,.F.);
#1771=ORIENTED_EDGE('',*,*,#1337,.F.);
#1772=ORIENTED_EDGE('',*,*,#1338,.F.);
#1773=ORIENTED_EDGE('',*,*,#1339,.F.);
#1774=ORIENTED_EDGE('',*,*,#1340,.F.);
#1775=ORIENTED_EDGE('',*,*,#1341,.F.);
#1776=ORIENTED_EDGE('',*,*,#1342,.F.);
#1777=ORIENTED_EDGE('',*,*,#1343,.F.);
#1778=ORIENTED_EDGE('',*,*,#1344,.F.);
#1779=ORIENTED_EDGE('',*,*,#1345,.F.);
#1780=ORIENTED_EDGE('',*,*,#1346,.F.);
#1781=ORIENTED_EDGE('',*,*,#1347,.F.);
#1782=ORIENTED_EDGE('',*,*,#1348,.T.);
#1783=ORIENTED_EDGE('',*,*,#1349,.F.);
#1784=ORIENTED_EDGE('',*,*,#1348,.F.);
#1785=ORIENTED_EDGE('',*,*,#1350,.F.);
#1786=ORIENTED_EDGE('',*,*,#1351,.F.);
#1787=ORIENTED_EDGE('',*,*,#1352,.F.);
#1788=ORIENTED_EDGE('',*,*,#1353,.F.);
#1789=ORIENTED_EDGE('',*,*,#1354,.F.);
#1790=ORIENTED_EDGE('',*,*,#1346,.T.);
#1791=ORIENTED_EDGE('',*,*,#1355,.F.);
#1792=ORIENTED_EDGE('',*,*,#1356,.F.);
#1793=ORIENTED_EDGE('',*,*,#1357,.F.);
#1794=ORIENTED_EDGE('',*,*,#1358,.F.);
#1795=ORIENTED_EDGE('',*,*,#1359,.F.);
#1796=ORIENTED_EDGE('',*,*,#1360,.F.);
#1797=ORIENTED_EDGE('',*,*,#1361,.F.);
#1798=ORIENTED_EDGE('',*,*,#1356,.T.);
#1799=ORIENTED_EDGE('',*,*,#1362,.F.);
#1800=ORIENTED_EDGE('',*,*,#1363,.F.);
#1801=ORIENTED_EDGE('',*,*,#1364,.F.);
#1802=ORIENTED_EDGE('',*,*,#1360,.T.);
#1803=ORIENTED_EDGE('',*,*,#1352,.T.);
#1804=ORIENTED_EDGE('',*,*,#1345,.T.);
#1805=ORIENTED_EDGE('',*,*,#1349,.T.);
#1806=ORIENTED_EDGE('',*,*,#1365,.F.);
#1807=ORIENTED_EDGE('',*,*,#1362,.T.);
#1808=ORIENTED_EDGE('',*,*,#1359,.T.);
#1809=ORIENTED_EDGE('',*,*,#1355,.T.);
#1810=ORIENTED_EDGE('',*,*,#1366,.F.);
#1811=ORIENTED_EDGE('',*,*,#1367,.T.);
#1812=ORIENTED_EDGE('',*,*,#1324,.T.);
#1813=ORIENTED_EDGE('',*,*,#1368,.F.);
#1814=ORIENTED_EDGE('',*,*,#1369,.F.);
#1815=ORIENTED_EDGE('',*,*,#1358,.T.);
#1816=ORIENTED_EDGE('',*,*,#1370,.T.);
#1817=ORIENTED_EDGE('',*,*,#1371,.T.);
#1818=ORIENTED_EDGE('',*,*,#1372,.T.);
#1819=ORIENTED_EDGE('',*,*,#1373,.T.);
#1820=ORIENTED_EDGE('',*,*,#1374,.T.);
#1821=ORIENTED_EDGE('',*,*,#1375,.T.);
#1822=ORIENTED_EDGE('',*,*,#1376,.T.);
#1823=ORIENTED_EDGE('',*,*,#1377,.T.);
#1824=ORIENTED_EDGE('',*,*,#1378,.T.);
#1825=ORIENTED_EDGE('',*,*,#1366,.T.);
#1826=ORIENTED_EDGE('',*,*,#1351,.T.);
#1827=ORIENTED_EDGE('',*,*,#1379,.T.);
#1828=ORIENTED_EDGE('',*,*,#1363,.T.);
#1829=ORIENTED_EDGE('',*,*,#1365,.T.);
#1830=ORIENTED_EDGE('',*,*,#1380,.T.);
#1831=ORIENTED_EDGE('',*,*,#1381,.T.);
#1832=ORIENTED_EDGE('',*,*,#1382,.T.);
#1833=ORIENTED_EDGE('',*,*,#1383,.T.);
#1834=ORIENTED_EDGE('',*,*,#1384,.T.);
#1835=ORIENTED_EDGE('',*,*,#1385,.T.);
#1836=ORIENTED_EDGE('',*,*,#1384,.F.);
#1837=ORIENTED_EDGE('',*,*,#1386,.T.);
#1838=ORIENTED_EDGE('',*,*,#1387,.T.);
#1839=ORIENTED_EDGE('',*,*,#1388,.T.);
#1840=ORIENTED_EDGE('',*,*,#1270,.T.);
#1841=ORIENTED_EDGE('',*,*,#1389,.T.);
#1842=ORIENTED_EDGE('',*,*,#1390,.T.);
#1843=ORIENTED_EDGE('',*,*,#1391,.T.);
#1844=ORIENTED_EDGE('',*,*,#1392,.T.);
#1845=ORIENTED_EDGE('',*,*,#1393,.T.);
#1846=ORIENTED_EDGE('',*,*,#1389,.F.);
#1847=ORIENTED_EDGE('',*,*,#1394,.T.);
#1848=ORIENTED_EDGE('',*,*,#1395,.T.);
#1849=ORIENTED_EDGE('',*,*,#1396,.T.);
#1850=ORIENTED_EDGE('',*,*,#1392,.F.);
#1851=ORIENTED_EDGE('',*,*,#1304,.T.);
#1852=ORIENTED_EDGE('',*,*,#1397,.T.);
#1853=ORIENTED_EDGE('',*,*,#1398,.T.);
#1854=ORIENTED_EDGE('',*,*,#1395,.F.);
#1855=ORIENTED_EDGE('',*,*,#1399,.T.);
#1856=ORIENTED_EDGE('',*,*,#1400,.T.);
#1857=ORIENTED_EDGE('',*,*,#1397,.F.);
#1858=ORIENTED_EDGE('',*,*,#1280,.T.);
#1859=ORIENTED_EDGE('',*,*,#1387,.F.);
#1860=ORIENTED_EDGE('',*,*,#1380,.F.);
#1861=ORIENTED_EDGE('',*,*,#1401,.T.);
#1862=ORIENTED_EDGE('',*,*,#1391,.F.);
#1863=ORIENTED_EDGE('',*,*,#1402,.T.);
#1864=ORIENTED_EDGE('',*,*,#1383,.F.);
#1865=ORIENTED_EDGE('',*,*,#1403,.T.);
#1866=ORIENTED_EDGE('',*,*,#1404,.T.);
#1867=ORIENTED_EDGE('',*,*,#1405,.T.);
#1868=ORIENTED_EDGE('',*,*,#1406,.T.);
#1869=ORIENTED_EDGE('',*,*,#1407,.T.);
#1870=ORIENTED_EDGE('',*,*,#1404,.F.);
#1871=ORIENTED_EDGE('',*,*,#1408,.T.);
#1872=ORIENTED_EDGE('',*,*,#1409,.T.);
#1873=ORIENTED_EDGE('',*,*,#1410,.T.);
#1874=ORIENTED_EDGE('',*,*,#1406,.F.);
#1875=ORIENTED_EDGE('',*,*,#1411,.T.);
#1876=ORIENTED_EDGE('',*,*,#1412,.T.);
#1877=ORIENTED_EDGE('',*,*,#1413,.T.);
#1878=ORIENTED_EDGE('',*,*,#1409,.F.);
#1879=ORIENTED_EDGE('',*,*,#1414,.T.);
#1880=ORIENTED_EDGE('',*,*,#1381,.F.);
#1881=ORIENTED_EDGE('',*,*,#1415,.T.);
#1882=ORIENTED_EDGE('',*,*,#1412,.F.);
#1883=ORIENTED_EDGE('',*,*,#1416,.T.);
#1884=ORIENTED_EDGE('',*,*,#1385,.F.);
#1885=ORIENTED_EDGE('',*,*,#1417,.F.);
#1886=ORIENTED_EDGE('',*,*,#1373,.F.);
#1887=ORIENTED_EDGE('',*,*,#1418,.T.);
#1888=ORIENTED_EDGE('',*,*,#1388,.F.);
#1889=ORIENTED_EDGE('',*,*,#1279,.T.);
#1890=ORIENTED_EDGE('',*,*,#1276,.F.);
#1891=ORIENTED_EDGE('',*,*,#1419,.T.);
#1892=ORIENTED_EDGE('',*,*,#1420,.T.);
#1893=ORIENTED_EDGE('',*,*,#1421,.T.);
#1894=ORIENTED_EDGE('',*,*,#1374,.F.);
#1895=ORIENTED_EDGE('',*,*,#1417,.T.);
#1896=ORIENTED_EDGE('',*,*,#1399,.F.);
#1897=ORIENTED_EDGE('',*,*,#1303,.F.);
#1898=ORIENTED_EDGE('',*,*,#1308,.F.);
#1899=ORIENTED_EDGE('',*,*,#1281,.T.);
#1900=ORIENTED_EDGE('',*,*,#1394,.F.);
#1901=ORIENTED_EDGE('',*,*,#1269,.F.);
#1902=ORIENTED_EDGE('',*,*,#1265,.F.);
#1903=ORIENTED_EDGE('',*,*,#1305,.T.);
#1904=ORIENTED_EDGE('',*,*,#1390,.F.);
#1905=ORIENTED_EDGE('',*,*,#1393,.F.);
#1906=ORIENTED_EDGE('',*,*,#1396,.F.);
#1907=ORIENTED_EDGE('',*,*,#1398,.F.);
#1908=ORIENTED_EDGE('',*,*,#1400,.F.);
#1909=ORIENTED_EDGE('',*,*,#1386,.F.);
#1910=ORIENTED_EDGE('',*,*,#1405,.F.);
#1911=ORIENTED_EDGE('',*,*,#1407,.F.);
#1912=ORIENTED_EDGE('',*,*,#1410,.F.);
#1913=ORIENTED_EDGE('',*,*,#1413,.F.);
#1914=ORIENTED_EDGE('',*,*,#1415,.F.);
#1915=ORIENTED_EDGE('',*,*,#1402,.F.);
#1916=ORIENTED_EDGE('',*,*,#1310,.F.);
#1917=ORIENTED_EDGE('',*,*,#1313,.F.);
#1918=ORIENTED_EDGE('',*,*,#1315,.F.);
#1919=ORIENTED_EDGE('',*,*,#1317,.F.);
#1920=ORIENTED_EDGE('',*,*,#1331,.F.);
#1921=ORIENTED_EDGE('',*,*,#1333,.F.);
#1922=ORIENTED_EDGE('',*,*,#1335,.F.);
#1923=ORIENTED_EDGE('',*,*,#1336,.F.);
#1924=ORIENTED_EDGE('',*,*,#1422,.T.);
#1925=ORIENTED_EDGE('',*,*,#1423,.T.);
#1926=ORIENTED_EDGE('',*,*,#1424,.T.);
#1927=ORIENTED_EDGE('',*,*,#1425,.T.);
#1928=ORIENTED_EDGE('',*,*,#1426,.F.);
#1929=ORIENTED_EDGE('',*,*,#1427,.T.);
#1930=ORIENTED_EDGE('',*,*,#1422,.F.);
#1931=ORIENTED_EDGE('',*,*,#1428,.T.);
#1932=ORIENTED_EDGE('',*,*,#1426,.T.);
#1933=ORIENTED_EDGE('',*,*,#1428,.F.);
#1934=ORIENTED_EDGE('',*,*,#1427,.F.);
#1935=ORIENTED_EDGE('',*,*,#1429,.T.);
#1936=ORIENTED_EDGE('',*,*,#1342,.T.);
#1937=ORIENTED_EDGE('',*,*,#1429,.F.);
#1938=ORIENTED_EDGE('',*,*,#1430,.F.);
#1939=ORIENTED_EDGE('',*,*,#1431,.T.);
#1940=ORIENTED_EDGE('',*,*,#1423,.F.);
#1941=ORIENTED_EDGE('',*,*,#1432,.T.);
#1942=ORIENTED_EDGE('',*,*,#1430,.T.);
#1943=ORIENTED_EDGE('',*,*,#1432,.F.);
#1944=ORIENTED_EDGE('',*,*,#1431,.F.);
#1945=ORIENTED_EDGE('',*,*,#1433,.T.);
#1946=ORIENTED_EDGE('',*,*,#1344,.T.);
#1947=ORIENTED_EDGE('',*,*,#1433,.F.);
#1948=ORIENTED_EDGE('',*,*,#1434,.F.);
#1949=ORIENTED_EDGE('',*,*,#1435,.T.);
#1950=ORIENTED_EDGE('',*,*,#1424,.F.);
#1951=ORIENTED_EDGE('',*,*,#1436,.T.);
#1952=ORIENTED_EDGE('',*,*,#1434,.T.);
#1953=ORIENTED_EDGE('',*,*,#1436,.F.);
#1954=ORIENTED_EDGE('',*,*,#1435,.F.);
#1955=ORIENTED_EDGE('',*,*,#1437,.T.);
#1956=ORIENTED_EDGE('',*,*,#1340,.T.);
#1957=ORIENTED_EDGE('',*,*,#1437,.F.);
#1958=ORIENTED_EDGE('',*,*,#1438,.F.);
#1959=ORIENTED_EDGE('',*,*,#1439,.T.);
#1960=ORIENTED_EDGE('',*,*,#1425,.F.);
#1961=ORIENTED_EDGE('',*,*,#1440,.T.);
#1962=ORIENTED_EDGE('',*,*,#1438,.T.);
#1963=ORIENTED_EDGE('',*,*,#1440,.F.);
#1964=ORIENTED_EDGE('',*,*,#1439,.F.);
#1965=ORIENTED_EDGE('',*,*,#1441,.T.);
#1966=ORIENTED_EDGE('',*,*,#1338,.T.);
#1967=ORIENTED_EDGE('',*,*,#1441,.F.);
#1968=ORIENTED_EDGE('',*,*,#1343,.T.);
#1969=ORIENTED_EDGE('',*,*,#1442,.T.);
#1970=ORIENTED_EDGE('',*,*,#1329,.F.);
#1971=ORIENTED_EDGE('',*,*,#1442,.F.);
#1972=ORIENTED_EDGE('',*,*,#1210,.T.);
#1973=ORIENTED_EDGE('',*,*,#1226,.F.);
#1974=ORIENTED_EDGE('',*,*,#1443,.F.);
#1975=ORIENTED_EDGE('',*,*,#1444,.F.);
#1976=ORIENTED_EDGE('',*,*,#1445,.F.);
#1977=ORIENTED_EDGE('',*,*,#1446,.F.);
#1978=ORIENTED_EDGE('',*,*,#1447,.T.);
#1979=ORIENTED_EDGE('',*,*,#1448,.T.);
#1980=ORIENTED_EDGE('',*,*,#1339,.T.);
#1981=ORIENTED_EDGE('',*,*,#1449,.T.);
#1982=ORIENTED_EDGE('',*,*,#1447,.F.);
#1983=ORIENTED_EDGE('',*,*,#1449,.F.);
#1984=ORIENTED_EDGE('',*,*,#1337,.T.);
#1985=ORIENTED_EDGE('',*,*,#1450,.T.);
#1986=ORIENTED_EDGE('',*,*,#1328,.F.);
#1987=ORIENTED_EDGE('',*,*,#1450,.F.);
#1988=ORIENTED_EDGE('',*,*,#1341,.T.);
#1989=ORIENTED_EDGE('',*,*,#1451,.T.);
#1990=ORIENTED_EDGE('',*,*,#1448,.F.);
#1991=ORIENTED_EDGE('',*,*,#1451,.F.);
#1992=ORIENTED_EDGE('',*,*,#1452,.F.);
#1993=ORIENTED_EDGE('',*,*,#1453,.F.);
#1994=ORIENTED_EDGE('',*,*,#1454,.F.);
#1995=ORIENTED_EDGE('',*,*,#1455,.T.);
#1996=ORIENTED_EDGE('',*,*,#1456,.F.);
#1997=ORIENTED_EDGE('',*,*,#1455,.F.);
#1998=ORIENTED_EDGE('',*,*,#1457,.F.);
#1999=ORIENTED_EDGE('',*,*,#1458,.F.);
#2000=ORIENTED_EDGE('',*,*,#1459,.F.);
#2001=ORIENTED_EDGE('',*,*,#1257,.F.);
#2002=ORIENTED_EDGE('',*,*,#1460,.F.);
#2003=ORIENTED_EDGE('',*,*,#1453,.T.);
#2004=ORIENTED_EDGE('',*,*,#1459,.T.);
#2005=ORIENTED_EDGE('',*,*,#1452,.T.);
#2006=ORIENTED_EDGE('',*,*,#1456,.T.);
#2007=ORIENTED_EDGE('',*,*,#1461,.F.);
#2008=ORIENTED_EDGE('',*,*,#1462,.T.);
#2009=ORIENTED_EDGE('',*,*,#1321,.T.);
#2010=ORIENTED_EDGE('',*,*,#1463,.F.);
#2011=ORIENTED_EDGE('',*,*,#1258,.F.);
#2012=ORIENTED_EDGE('',*,*,#1353,.T.);
#2013=ORIENTED_EDGE('',*,*,#1369,.T.);
#2014=ORIENTED_EDGE('',*,*,#1464,.T.);
#2015=ORIENTED_EDGE('',*,*,#1465,.T.);
#2016=ORIENTED_EDGE('',*,*,#1461,.T.);
#2017=ORIENTED_EDGE('',*,*,#1458,.T.);
#2018=ORIENTED_EDGE('',*,*,#1466,.T.);
#2019=ORIENTED_EDGE('',*,*,#1467,.T.);
#2020=ORIENTED_EDGE('',*,*,#1468,.T.);
#2021=ORIENTED_EDGE('',*,*,#1469,.T.);
#2022=ORIENTED_EDGE('',*,*,#1470,.T.);
#2023=ORIENTED_EDGE('',*,*,#1471,.F.);
#2024=ORIENTED_EDGE('',*,*,#1472,.F.);
#2025=ORIENTED_EDGE('',*,*,#1420,.F.);
#2026=ORIENTED_EDGE('',*,*,#1473,.T.);
#2027=ORIENTED_EDGE('',*,*,#1474,.F.);
#2028=ORIENTED_EDGE('',*,*,#1473,.F.);
#2029=ORIENTED_EDGE('',*,*,#1419,.F.);
#2030=ORIENTED_EDGE('',*,*,#1275,.F.);
#2031=ORIENTED_EDGE('',*,*,#1475,.F.);
#2032=ORIENTED_EDGE('',*,*,#1375,.F.);
#2033=ORIENTED_EDGE('',*,*,#1421,.F.);
#2034=ORIENTED_EDGE('',*,*,#1472,.T.);
#2035=ORIENTED_EDGE('',*,*,#1475,.T.);
#2036=ORIENTED_EDGE('',*,*,#1471,.T.);
#2037=ORIENTED_EDGE('',*,*,#1474,.T.);
#2038=ORIENTED_EDGE('',*,*,#1274,.F.);
#2039=ORIENTED_EDGE('',*,*,#1214,.T.);
#2040=ORIENTED_EDGE('',*,*,#1327,.T.);
#2041=ORIENTED_EDGE('',*,*,#1476,.F.);
#2042=ORIENTED_EDGE('',*,*,#1376,.F.);
#2043=ORIENTED_EDGE('',*,*,#1477,.F.);
#2044=ORIENTED_EDGE('',*,*,#1478,.F.);
#2045=ORIENTED_EDGE('',*,*,#1299,.F.);
#2046=ORIENTED_EDGE('',*,*,#1479,.T.);
#2047=ORIENTED_EDGE('',*,*,#1480,.F.);
#2048=ORIENTED_EDGE('',*,*,#1479,.F.);
#2049=ORIENTED_EDGE('',*,*,#1298,.F.);
#2050=ORIENTED_EDGE('',*,*,#1481,.T.);
#2051=ORIENTED_EDGE('',*,*,#1482,.F.);
#2052=ORIENTED_EDGE('',*,*,#1481,.F.);
#2053=ORIENTED_EDGE('',*,*,#1297,.F.);
#2054=ORIENTED_EDGE('',*,*,#1483,.T.);
#2055=ORIENTED_EDGE('',*,*,#1484,.F.);
#2056=ORIENTED_EDGE('',*,*,#1483,.F.);
#2057=ORIENTED_EDGE('',*,*,#1296,.F.);
#2058=ORIENTED_EDGE('',*,*,#1294,.F.);
#2059=ORIENTED_EDGE('',*,*,#1485,.F.);
#2060=ORIENTED_EDGE('',*,*,#1486,.F.);
#2061=ORIENTED_EDGE('',*,*,#1300,.F.);
#2062=ORIENTED_EDGE('',*,*,#1478,.T.);
#2063=ORIENTED_EDGE('',*,*,#1286,.T.);
#2064=ORIENTED_EDGE('',*,*,#1262,.F.);
#2065=ORIENTED_EDGE('',*,*,#1487,.F.);
#2066=ORIENTED_EDGE('',*,*,#1444,.T.);
#2067=ORIENTED_EDGE('',*,*,#1488,.F.);
#2068=ORIENTED_EDGE('',*,*,#1306,.F.);
#2069=ORIENTED_EDGE('',*,*,#1290,.T.);
#2070=ORIENTED_EDGE('',*,*,#1489,.F.);
#2071=ORIENTED_EDGE('',*,*,#1485,.T.);
#2072=ORIENTED_EDGE('',*,*,#1477,.T.);
#2073=ORIENTED_EDGE('',*,*,#1480,.T.);
#2074=ORIENTED_EDGE('',*,*,#1482,.T.);
#2075=ORIENTED_EDGE('',*,*,#1484,.T.);
#2076=ORIENTED_EDGE('',*,*,#1293,.F.);
#2077=ORIENTED_EDGE('',*,*,#1229,.T.);
#2078=ORIENTED_EDGE('',*,*,#1222,.F.);
#2079=ORIENTED_EDGE('',*,*,#1490,.F.);
#2080=ORIENTED_EDGE('',*,*,#1283,.F.);
#2081=ORIENTED_EDGE('',*,*,#1221,.F.);
#2082=ORIENTED_EDGE('',*,*,#1491,.F.);
#2083=ORIENTED_EDGE('',*,*,#1284,.F.);
#2084=ORIENTED_EDGE('',*,*,#1490,.T.);
#2085=ORIENTED_EDGE('',*,*,#1289,.T.);
#2086=ORIENTED_EDGE('',*,*,#1301,.T.);
#2087=ORIENTED_EDGE('',*,*,#1486,.T.);
#2088=ORIENTED_EDGE('',*,*,#1489,.T.);
#2089=ORIENTED_EDGE('',*,*,#1491,.T.);
#2090=ORIENTED_EDGE('',*,*,#1220,.F.);
#2091=ORIENTED_EDGE('',*,*,#1166,.F.);
#2092=ORIENTED_EDGE('',*,*,#1285,.T.);
#2093=ORIENTED_EDGE('',*,*,#1445,.T.);
#2094=ORIENTED_EDGE('',*,*,#1487,.T.);
#2095=ORIENTED_EDGE('',*,*,#1261,.F.);
#2096=ORIENTED_EDGE('',*,*,#1492,.T.);
#2097=ORIENTED_EDGE('',*,*,#1443,.T.);
#2098=ORIENTED_EDGE('',*,*,#1225,.F.);
#2099=ORIENTED_EDGE('',*,*,#1307,.F.);
#2100=ORIENTED_EDGE('',*,*,#1488,.T.);
#2101=ORIENTED_EDGE('',*,*,#1326,.T.);
#2102=ORIENTED_EDGE('',*,*,#1493,.F.);
#2103=ORIENTED_EDGE('',*,*,#1377,.F.);
#2104=ORIENTED_EDGE('',*,*,#1476,.T.);
#2105=ORIENTED_EDGE('',*,*,#1325,.T.);
#2106=ORIENTED_EDGE('',*,*,#1367,.F.);
#2107=ORIENTED_EDGE('',*,*,#1378,.F.);
#2108=ORIENTED_EDGE('',*,*,#1493,.T.);
#2109=ORIENTED_EDGE('',*,*,#1323,.T.);
#2110=ORIENTED_EDGE('',*,*,#1494,.F.);
#2111=ORIENTED_EDGE('',*,*,#1464,.F.);
#2112=ORIENTED_EDGE('',*,*,#1368,.T.);
#2113=ORIENTED_EDGE('',*,*,#1322,.T.);
#2114=ORIENTED_EDGE('',*,*,#1462,.F.);
#2115=ORIENTED_EDGE('',*,*,#1465,.F.);
#2116=ORIENTED_EDGE('',*,*,#1494,.T.);
#2117=ORIENTED_EDGE('',*,*,#1207,.T.);
#2118=ORIENTED_EDGE('',*,*,#1211,.F.);
#2119=ORIENTED_EDGE('',*,*,#1446,.T.);
#2120=ORIENTED_EDGE('',*,*,#1492,.F.);
#2121=ORIENTED_EDGE('',*,*,#1260,.F.);
#2122=ORIENTED_EDGE('',*,*,#1237,.T.);
#2123=ORIENTED_EDGE('',*,*,#1241,.T.);
#2124=ORIENTED_EDGE('',*,*,#1244,.T.);
#2125=ORIENTED_EDGE('',*,*,#1268,.F.);
#2126=ORIENTED_EDGE('',*,*,#1247,.T.);
#2127=ORIENTED_EDGE('',*,*,#1251,.T.);
#2128=ORIENTED_EDGE('',*,*,#1254,.T.);
#2129=ORIENTED_EDGE('',*,*,#1259,.F.);
#2130=ORIENTED_EDGE('',*,*,#1463,.T.);
#2131=ORIENTED_EDGE('',*,*,#1320,.F.);
#2132=ORIENTED_EDGE('',*,*,#1318,.T.);
#2133=ORIENTED_EDGE('',*,*,#1401,.F.);
#2134=ORIENTED_EDGE('',*,*,#1495,.F.);
#2135=ORIENTED_EDGE('',*,*,#1466,.F.);
#2136=ORIENTED_EDGE('',*,*,#1457,.T.);
#2137=ORIENTED_EDGE('',*,*,#1454,.T.);
#2138=ORIENTED_EDGE('',*,*,#1460,.T.);
#2139=ORIENTED_EDGE('',*,*,#1256,.F.);
#2140=ORIENTED_EDGE('',*,*,#1271,.T.);
#2141=ORIENTED_EDGE('',*,*,#1382,.F.);
#2142=ORIENTED_EDGE('',*,*,#1496,.F.);
#2143=ORIENTED_EDGE('',*,*,#1467,.F.);
#2144=ORIENTED_EDGE('',*,*,#1495,.T.);
#2145=ORIENTED_EDGE('',*,*,#1416,.F.);
#2146=ORIENTED_EDGE('',*,*,#1497,.F.);
#2147=ORIENTED_EDGE('',*,*,#1468,.F.);
#2148=ORIENTED_EDGE('',*,*,#1496,.T.);
#2149=ORIENTED_EDGE('',*,*,#1414,.F.);
#2150=ORIENTED_EDGE('',*,*,#1498,.F.);
#2151=ORIENTED_EDGE('',*,*,#1469,.F.);
#2152=ORIENTED_EDGE('',*,*,#1497,.T.);
#2153=ORIENTED_EDGE('',*,*,#1354,.T.);
#2154=ORIENTED_EDGE('',*,*,#1470,.F.);
#2155=ORIENTED_EDGE('',*,*,#1498,.T.);
#2156=ORIENTED_EDGE('',*,*,#1411,.F.);
#2157=ORIENTED_EDGE('',*,*,#1499,.F.);
#2158=ORIENTED_EDGE('',*,*,#1370,.F.);
#2159=ORIENTED_EDGE('',*,*,#1357,.T.);
#2160=ORIENTED_EDGE('',*,*,#1361,.T.);
#2161=ORIENTED_EDGE('',*,*,#1364,.T.);
#2162=ORIENTED_EDGE('',*,*,#1379,.F.);
#2163=ORIENTED_EDGE('',*,*,#1350,.T.);
#2164=ORIENTED_EDGE('',*,*,#1347,.T.);
#2165=ORIENTED_EDGE('',*,*,#1408,.F.);
#2166=ORIENTED_EDGE('',*,*,#1500,.F.);
#2167=ORIENTED_EDGE('',*,*,#1371,.F.);
#2168=ORIENTED_EDGE('',*,*,#1499,.T.);
#2169=ORIENTED_EDGE('',*,*,#1403,.F.);
#2170=ORIENTED_EDGE('',*,*,#1418,.F.);
#2171=ORIENTED_EDGE('',*,*,#1372,.F.);
#2172=ORIENTED_EDGE('',*,*,#1500,.T.);
#2173=PLANE('',#2396);
#2174=PLANE('',#2400);
#2175=PLANE('',#2404);
#2176=PLANE('',#2408);
#2177=PLANE('',#2412);
#2178=PLANE('',#2416);
#2179=PLANE('',#2420);
#2180=PLANE('',#2421);
#2181=PLANE('',#2422);
#2182=PLANE('',#2423);
#2183=PLANE('',#2424);
#2184=PLANE('',#2425);
#2185=PLANE('',#2426);
#2186=PLANE('',#2427);
#2187=PLANE('',#2428);
#2188=PLANE('',#2429);
#2189=PLANE('',#2430);
#2190=PLANE('',#2431);
#2191=PLANE('',#2432);
#2192=PLANE('',#2433);
#2193=PLANE('',#2434);
#2194=PLANE('',#2437);
#2195=PLANE('',#2438);
#2196=PLANE('',#2439);
#2197=PLANE('',#2440);
#2198=PLANE('',#2441);
#2199=PLANE('',#2442);
#2200=PLANE('',#2449);
#2201=PLANE('',#2450);
#2202=PLANE('',#2451);
#2203=PLANE('',#2454);
#2204=PLANE('',#2457);
#2205=PLANE('',#2460);
#2206=PLANE('',#2461);
#2207=PLANE('',#2466);
#2208=PLANE('',#2469);
#2209=PLANE('',#2472);
#2210=PLANE('',#2475);
#2211=PLANE('',#2478);
#2212=PLANE('',#2481);
#2213=PLANE('',#2484);
#2214=PLANE('',#2485);
#2215=PLANE('',#2486);
#2216=PLANE('',#2487);
#2217=PLANE('',#2488);
#2218=PLANE('',#2489);
#2219=PLANE('',#2490);
#2220=PLANE('',#2491);
#2221=PLANE('',#2495);
#2222=PLANE('',#2533);
#2223=PLANE('',#2537);
#2224=PLANE('',#2542);
#2225=PLANE('',#2547);
#2226=PLANE('',#2552);
#2227=PLANE('',#2557);
#2228=PLANE('',#2563);
#2229=PLANE('',#2574);
#2230=PLANE('',#2575);
#2231=PLANE('',#2576);
#2232=PLANE('',#2577);
#2233=PLANE('',#2583);
#2234=PLANE('',#2584);
#2235=PLANE('',#2585);
#2236=PLANE('',#2586);
#2237=PLANE('',#2587);
#2238=PLANE('',#2588);
#2239=PLANE('',#2589);
#2240=PLANE('',#2590);
#2241=PLANE('',#2591);
#2242=PLANE('',#2592);
#2243=PLANE('',#2593);
#2244=PLANE('',#2596);
#2245=PLANE('',#2599);
#2246=PLANE('',#2600);
#2247=PLANE('',#2601);
#2248=PLANE('',#2603);
#2249=PLANE('',#2605);
#2250=PLANE('',#2607);
#2251=ADVANCED_FACE('',(#179),#2173,.T.);
#2252=ADVANCED_FACE('',(#180),#139,.F.);
#2253=ADVANCED_FACE('',(#181),#2174,.T.);
#2254=ADVANCED_FACE('',(#182),#140,.F.);
#2255=ADVANCED_FACE('',(#183),#2175,.T.);
#2256=ADVANCED_FACE('',(#184),#141,.F.);
#2257=ADVANCED_FACE('',(#185),#2176,.T.);
#2258=ADVANCED_FACE('',(#186),#142,.F.);
#2259=ADVANCED_FACE('',(#187),#2177,.T.);
#2260=ADVANCED_FACE('',(#188),#143,.F.);
#2261=ADVANCED_FACE('',(#189),#2178,.T.);
#2262=ADVANCED_FACE('',(#190),#144,.F.);
#2263=ADVANCED_FACE('',(#191),#2179,.T.);
#2264=ADVANCED_FACE('',(#192,#41),#2180,.F.);
#2265=ADVANCED_FACE('',(#193),#2181,.F.);
#2266=ADVANCED_FACE('',(#194),#2182,.T.);
#2267=ADVANCED_FACE('',(#195),#2183,.T.);
#2268=ADVANCED_FACE('',(#196),#2184,.T.);
#2269=ADVANCED_FACE('',(#197),#2185,.F.);
#2270=ADVANCED_FACE('',(#198),#2186,.F.);
#2271=ADVANCED_FACE('',(#199),#2187,.F.);
#2272=ADVANCED_FACE('',(#200),#2188,.F.);
#2273=ADVANCED_FACE('',(#201),#2189,.F.);
#2274=ADVANCED_FACE('',(#202),#2190,.F.);
#2275=ADVANCED_FACE('',(#203),#2191,.F.);
#2276=ADVANCED_FACE('',(#204),#2192,.F.);
#2277=ADVANCED_FACE('',(#205),#2193,.F.);
#2278=ADVANCED_FACE('',(#206),#2194,.F.);
#2279=ADVANCED_FACE('',(#207),#2195,.T.);
#2280=ADVANCED_FACE('',(#208),#2196,.F.);
#2281=ADVANCED_FACE('',(#209),#2197,.F.);
#2282=ADVANCED_FACE('',(#210),#2198,.F.);
#2283=ADVANCED_FACE('',(#211),#2199,.T.);
#2284=ADVANCED_FACE('',(#212),#145,.F.);
#2285=ADVANCED_FACE('',(#213),#146,.F.);
#2286=ADVANCED_FACE('',(#214),#2200,.F.);
#2287=ADVANCED_FACE('',(#215),#2201,.T.);
#2288=ADVANCED_FACE('',(#216),#2202,.F.);
#2289=ADVANCED_FACE('',(#217),#2203,.T.);
#2290=ADVANCED_FACE('',(#218),#33,.F.);
#2291=ADVANCED_FACE('',(#219),#2204,.T.);
#2292=ADVANCED_FACE('',(#220),#34,.F.);
#2293=ADVANCED_FACE('',(#221),#2205,.F.);
#2294=ADVANCED_FACE('',(#222,#42,#43),#2206,.F.);
#2295=ADVANCED_FACE('',(#223),#2207,.T.);
#2296=ADVANCED_FACE('',(#224),#35,.F.);
#2297=ADVANCED_FACE('',(#225),#2208,.T.);
#2298=ADVANCED_FACE('',(#226),#36,.F.);
#2299=ADVANCED_FACE('',(#227,#44),#2209,.T.);
#2300=ADVANCED_FACE('',(#228,#45),#2210,.T.);
#2301=ADVANCED_FACE('',(#229,#46),#2211,.T.);
#2302=ADVANCED_FACE('',(#230,#47),#2212,.T.);
#2303=ADVANCED_FACE('',(#231),#2213,.F.);
#2304=ADVANCED_FACE('',(#232),#2214,.F.);
#2305=ADVANCED_FACE('',(#233),#2215,.F.);
#2306=ADVANCED_FACE('',(#234),#2216,.F.);
#2307=ADVANCED_FACE('',(#235),#2217,.F.);
#2308=ADVANCED_FACE('',(#236),#2218,.F.);
#2309=ADVANCED_FACE('',(#237),#2219,.T.);
#2310=ADVANCED_FACE('',(#238),#2220,.F.);
#2311=ADVANCED_FACE('',(#239),#2221,.F.);
#2312=ADVANCED_FACE('',(#240),#29,.F.);
#2313=ADVANCED_FACE('',(#241),#30,.F.);
#2314=ADVANCED_FACE('',(#242),#147,.T.);
#2315=ADVANCED_FACE('',(#243),#148,.T.);
#2316=ADVANCED_FACE('',(#244),#19,.T.);
#2317=ADVANCED_FACE('',(#245),#149,.T.);
#2318=ADVANCED_FACE('',(#246),#20,.T.);
#2319=ADVANCED_FACE('',(#247),#150,.T.);
#2320=ADVANCED_FACE('',(#248),#151,.T.);
#2321=ADVANCED_FACE('',(#249),#152,.T.);
#2322=ADVANCED_FACE('',(#250),#21,.T.);
#2323=ADVANCED_FACE('',(#251),#153,.T.);
#2324=ADVANCED_FACE('',(#252),#22,.T.);
#2325=ADVANCED_FACE('',(#253),#154,.T.);
#2326=ADVANCED_FACE('',(#254),#155,.T.);
#2327=ADVANCED_FACE('',(#255),#2222,.T.);
#2328=ADVANCED_FACE('',(#256),#156,.T.);
#2329=ADVANCED_FACE('',(#257),#157,.T.);
#2330=ADVANCED_FACE('',(#258,#48,#49,#50,#51,#52),#2223,.T.);
#2331=ADVANCED_FACE('',(#259,#53),#2224,.F.);
#2332=ADVANCED_FACE('',(#260),#158,.F.);
#2333=ADVANCED_FACE('',(#261),#159,.F.);
#2334=ADVANCED_FACE('',(#262,#54),#2225,.F.);
#2335=ADVANCED_FACE('',(#263),#160,.F.);
#2336=ADVANCED_FACE('',(#264),#161,.F.);
#2337=ADVANCED_FACE('',(#265,#55),#2226,.F.);
#2338=ADVANCED_FACE('',(#266),#162,.F.);
#2339=ADVANCED_FACE('',(#267),#163,.F.);
#2340=ADVANCED_FACE('',(#268,#56),#2227,.F.);
#2341=ADVANCED_FACE('',(#269),#164,.F.);
#2342=ADVANCED_FACE('',(#270),#165,.F.);
#2343=ADVANCED_FACE('',(#271),#166,.T.);
#2344=ADVANCED_FACE('',(#272,#57,#58),#2228,.F.);
#2345=ADVANCED_FACE('',(#273),#167,.T.);
#2346=ADVANCED_FACE('',(#274),#168,.T.);
#2347=ADVANCED_FACE('',(#275),#169,.T.);
#2348=ADVANCED_FACE('',(#276),#170,.F.);
#2349=ADVANCED_FACE('',(#277),#2229,.F.);
#2350=ADVANCED_FACE('',(#278),#2230,.F.);
#2351=ADVANCED_FACE('',(#279),#2231,.T.);
#2352=ADVANCED_FACE('',(#280),#2232,.F.);
#2353=ADVANCED_FACE('',(#281),#171,.F.);
#2354=ADVANCED_FACE('',(#282),#2233,.F.);
#2355=ADVANCED_FACE('',(#283),#2234,.F.);
#2356=ADVANCED_FACE('',(#284),#2235,.T.);
#2357=ADVANCED_FACE('',(#285),#31,.F.);
#2358=ADVANCED_FACE('',(#286),#2236,.F.);
#2359=ADVANCED_FACE('',(#287),#32,.F.);
#2360=ADVANCED_FACE('',(#288),#2237,.F.);
#2361=ADVANCED_FACE('',(#289),#2238,.F.);
#2362=ADVANCED_FACE('',(#290),#2239,.T.);
#2363=ADVANCED_FACE('',(#291),#2240,.F.);
#2364=ADVANCED_FACE('',(#292),#2241,.F.);
#2365=ADVANCED_FACE('',(#293),#2242,.F.);
#2366=ADVANCED_FACE('',(#294),#2243,.F.);
#2367=ADVANCED_FACE('',(#295),#172,.F.);
#2368=ADVANCED_FACE('',(#296),#173,.F.);
#2369=ADVANCED_FACE('',(#297),#2244,.T.);
#2370=ADVANCED_FACE('',(#298),#174,.F.);
#2371=ADVANCED_FACE('',(#299),#175,.F.);
#2372=ADVANCED_FACE('',(#300),#2245,.T.);
#2373=ADVANCED_FACE('',(#301),#2246,.T.);
#2374=ADVANCED_FACE('',(#302),#2247,.T.);
#2375=ADVANCED_FACE('',(#303),#176,.T.);
#2376=ADVANCED_FACE('',(#304),#2248,.T.);
#2377=ADVANCED_FACE('',(#305),#177,.T.);
#2378=ADVANCED_FACE('',(#306),#2249,.T.);
#2379=ADVANCED_FACE('',(#307),#178,.T.);
#2380=ADVANCED_FACE('',(#308),#2250,.T.);
#2381=CLOSED_SHELL('',(#2251,#2252,#2253,#2254,#2255,#2256,#2257,#2258,
#2259,#2260,#2261,#2262,#2263,#2264,#2265,#2266,#2267,#2268,#2269,#2270,
#2271,#2272,#2273,#2274,#2275,#2276,#2277,#2278,#2279,#2280,#2281,#2282,
#2283,#2284,#2285,#2286,#2287,#2288,#2289,#2290,#2291,#2292,#2293,#2294,
#2295,#2296,#2297,#2298,#2299,#2300,#2301,#2302,#2303,#2304,#2305,#2306,
#2307,#2308,#2309,#2310,#2311,#2312,#2313,#2314,#2315,#2316,#2317,#2318,
#2319,#2320,#2321,#2322,#2323,#2324,#2325,#2326,#2327,#2328,#2329,#2330,
#2331,#2332,#2333,#2334,#2335,#2336,#2337,#2338,#2339,#2340,#2341,#2342,
#2343,#2344,#2345,#2346,#2347,#2348,#2349,#2350,#2351,#2352,#2353,#2354,
#2355,#2356,#2357,#2358,#2359,#2360,#2361,#2362,#2363,#2364,#2365,#2366,
#2367,#2368,#2369,#2370,#2371,#2372,#2373,#2374,#2375,#2376,#2377,#2378,
#2379,#2380));
#2382=DERIVED_UNIT_ELEMENT(#2384,1.);
#2383=DERIVED_UNIT_ELEMENT(#4085,-3.);
#2384=(
MASS_UNIT()
NAMED_UNIT(*)
SI_UNIT(.KILO.,.GRAM.)
);
#2385=DERIVED_UNIT((#2382,#2383));
#2386=MEASURE_REPRESENTATION_ITEM('density measure',
POSITIVE_RATIO_MEASURE(7850.),#2385);
#2387=PROPERTY_DEFINITION_REPRESENTATION(#2392,#2389);
#2388=PROPERTY_DEFINITION_REPRESENTATION(#2393,#2390);
#2389=REPRESENTATION('material name',(#2391),#4082);
#2390=REPRESENTATION('density',(#2386),#4082);
#2391=DESCRIPTIVE_REPRESENTATION_ITEM('\X2\94A2\X0\','\X2\94A2\X0\');
#2392=PROPERTY_DEFINITION('material property','material name',#4097);
#2393=PROPERTY_DEFINITION('material property','density of part',#4097);
#2394=AXIS2_PLACEMENT_3D('',#3285,#2609,#2610);
#2395=AXIS2_PLACEMENT_3D('',#3286,#2611,#2612);
#2396=AXIS2_PLACEMENT_3D('',#3287,#2613,#2614);
#2397=AXIS2_PLACEMENT_3D('',#3296,#2619,#2620);
#2398=AXIS2_PLACEMENT_3D('',#3298,#2621,#2622);
#2399=AXIS2_PLACEMENT_3D('',#3300,#2623,#2624);
#2400=AXIS2_PLACEMENT_3D('',#3302,#2626,#2627);
#2401=AXIS2_PLACEMENT_3D('',#3308,#2631,#2632);
#2402=AXIS2_PLACEMENT_3D('',#3310,#2633,#2634);
#2403=AXIS2_PLACEMENT_3D('',#3312,#2635,#2636);
#2404=AXIS2_PLACEMENT_3D('',#3314,#2638,#2639);
#2405=AXIS2_PLACEMENT_3D('',#3320,#2643,#2644);
#2406=AXIS2_PLACEMENT_3D('',#3323,#2645,#2646);
#2407=AXIS2_PLACEMENT_3D('',#3327,#2648,#2649);
#2408=AXIS2_PLACEMENT_3D('',#3329,#2651,#2652);
#2409=AXIS2_PLACEMENT_3D('',#3335,#2656,#2657);
#2410=AXIS2_PLACEMENT_3D('',#3337,#2658,#2659);
#2411=AXIS2_PLACEMENT_3D('',#3339,#2660,#2661);
#2412=AXIS2_PLACEMENT_3D('',#3341,#2663,#2664);
#2413=AXIS2_PLACEMENT_3D('',#3347,#2668,#2669);
#2414=AXIS2_PLACEMENT_3D('',#3349,#2670,#2671);
#2415=AXIS2_PLACEMENT_3D('',#3351,#2672,#2673);
#2416=AXIS2_PLACEMENT_3D('',#3353,#2675,#2676);
#2417=AXIS2_PLACEMENT_3D('',#3359,#2680,#2681);
#2418=AXIS2_PLACEMENT_3D('',#3361,#2682,#2683);
#2419=AXIS2_PLACEMENT_3D('',#3363,#2684,#2685);
#2420=AXIS2_PLACEMENT_3D('',#3365,#2687,#2688);
#2421=AXIS2_PLACEMENT_3D('',#3368,#2691,#2692);
#2422=AXIS2_PLACEMENT_3D('',#3377,#2697,#2698);
#2423=AXIS2_PLACEMENT_3D('',#3383,#2702,#2703);
#2424=AXIS2_PLACEMENT_3D('',#3412,#2719,#2720);
#2425=AXIS2_PLACEMENT_3D('',#3418,#2724,#2725);
#2426=AXIS2_PLACEMENT_3D('',#3424,#2729,#2730);
#2427=AXIS2_PLACEMENT_3D('',#3428,#2733,#2734);
#2428=AXIS2_PLACEMENT_3D('',#3437,#2739,#2740);
#2429=AXIS2_PLACEMENT_3D('',#3443,#2744,#2745);
#2430=AXIS2_PLACEMENT_3D('',#3449,#2749,#2750);
#2431=AXIS2_PLACEMENT_3D('',#3458,#2755,#2756);
#2432=AXIS2_PLACEMENT_3D('',#3464,#2760,#2761);
#2433=AXIS2_PLACEMENT_3D('',#3470,#2765,#2766);
#2434=AXIS2_PLACEMENT_3D('',#3480,#2772,#2773);
#2435=AXIS2_PLACEMENT_3D('',#3484,#2775,#2776);
#2436=AXIS2_PLACEMENT_3D('',#3492,#2780,#2781);
#2437=AXIS2_PLACEMENT_3D('',#3494,#2783,#2784);
#2438=AXIS2_PLACEMENT_3D('',#3497,#2787,#2788);
#2439=AXIS2_PLACEMENT_3D('',#3503,#2792,#2793);
#2440=AXIS2_PLACEMENT_3D('',#3507,#2796,#2797);
#2441=AXIS2_PLACEMENT_3D('',#3515,#2802,#2803);
#2442=AXIS2_PLACEMENT_3D('',#3517,#2805,#2806);
#2443=AXIS2_PLACEMENT_3D('',#3530,#2814,#2815);
#2444=AXIS2_PLACEMENT_3D('',#3532,#2816,#2817);
#2445=AXIS2_PLACEMENT_3D('',#3535,#2819,#2820);
#2446=AXIS2_PLACEMENT_3D('',#3536,#2821,#2822);
#2447=AXIS2_PLACEMENT_3D('',#3541,#2824,#2825);
#2448=AXIS2_PLACEMENT_3D('',#3544,#2827,#2828);
#2449=AXIS2_PLACEMENT_3D('',#3545,#2829,#2830);
#2450=AXIS2_PLACEMENT_3D('',#3551,#2834,#2835);
#2451=AXIS2_PLACEMENT_3D('',#3582,#2844,#2845);
#2452=AXIS2_PLACEMENT_3D('',#3585,#2847,#2848);
#2453=AXIS2_PLACEMENT_3D('',#3586,#2849,#2850);
#2454=AXIS2_PLACEMENT_3D('',#3587,#2851,#2852);
#2455=AXIS2_PLACEMENT_3D('',#3593,#2856,#2857);
#2456=AXIS2_PLACEMENT_3D('',#3596,#2859,#2860);
#2457=AXIS2_PLACEMENT_3D('',#3597,#2861,#2862);
#2458=AXIS2_PLACEMENT_3D('',#3601,#2865,#2866);
#2459=AXIS2_PLACEMENT_3D('',#3604,#2868,#2869);
#2460=AXIS2_PLACEMENT_3D('',#3605,#2870,#2871);
#2461=AXIS2_PLACEMENT_3D('',#3609,#2874,#2875);
#2462=AXIS2_PLACEMENT_3D('',#3617,#2879,#2880);
#2463=AXIS2_PLACEMENT_3D('',#3621,#2882,#2883);
#2464=AXIS2_PLACEMENT_3D('',#3626,#2886,#2887);
#2465=AXIS2_PLACEMENT_3D('',#3628,#2888,#2889);
#2466=AXIS2_PLACEMENT_3D('',#3629,#2890,#2891);
#2467=AXIS2_PLACEMENT_3D('',#3633,#2894,#2895);
#2468=AXIS2_PLACEMENT_3D('',#3636,#2897,#2898);
#2469=AXIS2_PLACEMENT_3D('',#3637,#2899,#2900);
#2470=AXIS2_PLACEMENT_3D('',#3641,#2903,#2904);
#2471=AXIS2_PLACEMENT_3D('',#3642,#2905,#2906);
#2472=AXIS2_PLACEMENT_3D('',#3643,#2907,#2908);
#2473=AXIS2_PLACEMENT_3D('',#3645,#2909,#2910);
#2474=AXIS2_PLACEMENT_3D('',#3647,#2911,#2912);
#2475=AXIS2_PLACEMENT_3D('',#3648,#2913,#2914);
#2476=AXIS2_PLACEMENT_3D('',#3650,#2915,#2916);
#2477=AXIS2_PLACEMENT_3D('',#3652,#2917,#2918);
#2478=AXIS2_PLACEMENT_3D('',#3653,#2919,#2920);
#2479=AXIS2_PLACEMENT_3D('',#3655,#2921,#2922);
#2480=AXIS2_PLACEMENT_3D('',#3657,#2923,#2924);
#2481=AXIS2_PLACEMENT_3D('',#3658,#2925,#2926);
#2482=AXIS2_PLACEMENT_3D('',#3660,#2927,#2928);
#2483=AXIS2_PLACEMENT_3D('',#3662,#2929,#2930);
#2484=AXIS2_PLACEMENT_3D('',#3663,#2931,#2932);
#2485=AXIS2_PLACEMENT_3D('',#3672,#2937,#2938);
#2486=AXIS2_PLACEMENT_3D('',#3678,#2942,#2943);
#2487=AXIS2_PLACEMENT_3D('',#3684,#2947,#2948);
#2488=AXIS2_PLACEMENT_3D('',#3693,#2953,#2954);
#2489=AXIS2_PLACEMENT_3D('',#3699,#2958,#2959);
#2490=AXIS2_PLACEMENT_3D('',#3705,#2963,#2964);
#2491=AXIS2_PLACEMENT_3D('',#3713,#2970,#2971);
#2492=AXIS2_PLACEMENT_3D('',#3717,#2973,#2974);
#2493=AXIS2_PLACEMENT_3D('',#3721,#2976,#2977);
#2494=AXIS2_PLACEMENT_3D('',#3730,#2982,#2983);
#2495=AXIS2_PLACEMENT_3D('',#3731,#2984,#2985);
#2496=AXIS2_PLACEMENT_3D('',#3765,#2987,#2988);
#2497=AXIS2_PLACEMENT_3D('',#3767,#2989,#2990);
#2498=AXIS2_PLACEMENT_3D('',#3768,#2991,#2992);
#2499=AXIS2_PLACEMENT_3D('',#3801,#2993,#2994);
#2500=AXIS2_PLACEMENT_3D('',#3803,#2995,#2996);
#2501=AXIS2_PLACEMENT_3D('',#3804,#2997,#2998);
#2502=AXIS2_PLACEMENT_3D('',#3805,#2999,#3000);
#2503=AXIS2_PLACEMENT_3D('',#3808,#3002,#3003);
#2504=AXIS2_PLACEMENT_3D('',#3810,#3005,#3006);
#2505=AXIS2_PLACEMENT_3D('',#3812,#3007,#3008);
#2506=AXIS2_PLACEMENT_3D('',#3815,#3010,#3011);
#2507=AXIS2_PLACEMENT_3D('',#3816,#3012,#3013);
#2508=AXIS2_PLACEMENT_3D('',#3818,#3014,#3015);
#2509=AXIS2_PLACEMENT_3D('',#3819,#3016,#3017);
#2510=AXIS2_PLACEMENT_3D('',#3820,#3018,#3019);
#2511=AXIS2_PLACEMENT_3D('',#3821,#3020,#3021);
#2512=AXIS2_PLACEMENT_3D('',#3823,#3022,#3023);
#2513=AXIS2_PLACEMENT_3D('',#3825,#3025,#3026);
#2514=AXIS2_PLACEMENT_3D('',#3827,#3027,#3028);
#2515=AXIS2_PLACEMENT_3D('',#3828,#3029,#3030);
#2516=AXIS2_PLACEMENT_3D('',#3829,#3031,#3032);
#2517=AXIS2_PLACEMENT_3D('',#3830,#3033,#3034);
#2518=AXIS2_PLACEMENT_3D('',#3832,#3036,#3037);
#2519=AXIS2_PLACEMENT_3D('',#3835,#3040,#3041);
#2520=AXIS2_PLACEMENT_3D('',#3839,#3043,#3044);
#2521=AXIS2_PLACEMENT_3D('',#3841,#3046,#3047);
#2522=AXIS2_PLACEMENT_3D('',#3844,#3048,#3049);
#2523=AXIS2_PLACEMENT_3D('',#3845,#3050,#3051);
#2524=AXIS2_PLACEMENT_3D('',#3846,#3052,#3053);
#2525=AXIS2_PLACEMENT_3D('',#3847,#3054,#3055);
#2526=AXIS2_PLACEMENT_3D('',#3850,#3056,#3057);
#2527=AXIS2_PLACEMENT_3D('',#3853,#3060,#3061);
#2528=AXIS2_PLACEMENT_3D('',#3856,#3062,#3063);
#2529=AXIS2_PLACEMENT_3D('',#3857,#3064,#3065);
#2530=AXIS2_PLACEMENT_3D('',#3858,#3066,#3067);
#2531=AXIS2_PLACEMENT_3D('',#3859,#3068,#3069);
#2532=AXIS2_PLACEMENT_3D('',#3862,#3072,#3073);
#2533=AXIS2_PLACEMENT_3D('',#3865,#3076,#3077);
#2534=AXIS2_PLACEMENT_3D('',#3869,#3079,#3080);
#2535=AXIS2_PLACEMENT_3D('',#3871,#3082,#3083);
#2536=AXIS2_PLACEMENT_3D('',#3872,#3084,#3085);
#2537=AXIS2_PLACEMENT_3D('',#3873,#3086,#3087);
#2538=AXIS2_PLACEMENT_3D('',#3875,#3088,#3089);
#2539=AXIS2_PLACEMENT_3D('',#3877,#3090,#3091);
#2540=AXIS2_PLACEMENT_3D('',#3879,#3092,#3093);
#2541=AXIS2_PLACEMENT_3D('',#3881,#3094,#3095);
#2542=AXIS2_PLACEMENT_3D('',#3882,#3096,#3097);
#2543=AXIS2_PLACEMENT_3D('',#3884,#3098,#3099);
#2544=AXIS2_PLACEMENT_3D('',#3886,#3100,#3101);
#2545=AXIS2_PLACEMENT_3D('',#3887,#3102,#3103);
#2546=AXIS2_PLACEMENT_3D('',#3889,#3105,#3106);
#2547=AXIS2_PLACEMENT_3D('',#3891,#3108,#3109);
#2548=AXIS2_PLACEMENT_3D('',#3893,#3110,#3111);
#2549=AXIS2_PLACEMENT_3D('',#3895,#3112,#3113);
#2550=AXIS2_PLACEMENT_3D('',#3896,#3114,#3115);
#2551=AXIS2_PLACEMENT_3D('',#3898,#3117,#3118);
#2552=AXIS2_PLACEMENT_3D('',#3900,#3120,#3121);
#2553=AXIS2_PLACEMENT_3D('',#3902,#3122,#3123);
#2554=AXIS2_PLACEMENT_3D('',#3904,#3124,#3125);
#2555=AXIS2_PLACEMENT_3D('',#3905,#3126,#3127);
#2556=AXIS2_PLACEMENT_3D('',#3907,#3129,#3130);
#2557=AXIS2_PLACEMENT_3D('',#3909,#3132,#3133);
#2558=AXIS2_PLACEMENT_3D('',#3911,#3134,#3135);
#2559=AXIS2_PLACEMENT_3D('',#3913,#3136,#3137);
#2560=AXIS2_PLACEMENT_3D('',#3914,#3138,#3139);
#2561=AXIS2_PLACEMENT_3D('',#3916,#3141,#3142);
#2562=AXIS2_PLACEMENT_3D('',#3918,#3144,#3145);
#2563=AXIS2_PLACEMENT_3D('',#3920,#3147,#3148);
#2564=AXIS2_PLACEMENT_3D('',#3922,#3149,#3150);
#2565=AXIS2_PLACEMENT_3D('',#3926,#3152,#3153);
#2566=AXIS2_PLACEMENT_3D('',#3929,#3155,#3156);
#2567=AXIS2_PLACEMENT_3D('',#3931,#3157,#3158);
#2568=AXIS2_PLACEMENT_3D('',#3932,#3159,#3160);
#2569=AXIS2_PLACEMENT_3D('',#3934,#3162,#3163);
#2570=AXIS2_PLACEMENT_3D('',#3936,#3165,#3166);
#2571=AXIS2_PLACEMENT_3D('',#3938,#3168,#3169);
#2572=AXIS2_PLACEMENT_3D('',#3941,#3170,#3171);
#2573=AXIS2_PLACEMENT_3D('',#3945,#3173,#3174);
#2574=AXIS2_PLACEMENT_3D('',#3947,#3176,#3177);
#2575=AXIS2_PLACEMENT_3D('',#3953,#3181,#3182);
#2576=AXIS2_PLACEMENT_3D('',#3956,#3185,#3186);
#2577=AXIS2_PLACEMENT_3D('',#3961,#3190,#3191);
#2578=AXIS2_PLACEMENT_3D('',#3963,#3192,#3193);
#2579=AXIS2_PLACEMENT_3D('',#3968,#3196,#3197);
#2580=AXIS2_PLACEMENT_3D('',#3972,#3199,#3200);
#2581=AXIS2_PLACEMENT_3D('',#3974,#3202,#3203);
#2582=AXIS2_PLACEMENT_3D('',#3977,#3204,#3205);
#2583=AXIS2_PLACEMENT_3D('',#3980,#3208,#3209);
#2584=AXIS2_PLACEMENT_3D('',#3982,#3211,#3212);
#2585=AXIS2_PLACEMENT_3D('',#3984,#3214,#3215);
#2586=AXIS2_PLACEMENT_3D('',#4011,#3219,#3220);
#2587=AXIS2_PLACEMENT_3D('',#4038,#3224,#3225);
#2588=AXIS2_PLACEMENT_3D('',#4040,#3227,#3228);
#2589=AXIS2_PLACEMENT_3D('',#4044,#3231,#3232);
#2590=AXIS2_PLACEMENT_3D('',#4048,#3236,#3237);
#2591=AXIS2_PLACEMENT_3D('',#4050,#3239,#3240);
#2592=AXIS2_PLACEMENT_3D('',#4052,#3242,#3243);
#2593=AXIS2_PLACEMENT_3D('',#4053,#3244,#3245);
#2594=AXIS2_PLACEMENT_3D('',#4054,#3246,#3247);
#2595=AXIS2_PLACEMENT_3D('',#4056,#3249,#3250);
#2596=AXIS2_PLACEMENT_3D('',#4057,#3251,#3252);
#2597=AXIS2_PLACEMENT_3D('',#4059,#3254,#3255);
#2598=AXIS2_PLACEMENT_3D('',#4060,#3256,#3257);
#2599=AXIS2_PLACEMENT_3D('',#4062,#3259,#3260);
#2600=AXIS2_PLACEMENT_3D('',#4063,#3261,#3262);
#2601=AXIS2_PLACEMENT_3D('',#4064,#3263,#3264);
#2602=AXIS2_PLACEMENT_3D('',#4066,#3266,#3267);
#2603=AXIS2_PLACEMENT_3D('',#4068,#3269,#3270);
#2604=AXIS2_PLACEMENT_3D('',#4070,#3272,#3273);
#2605=AXIS2_PLACEMENT_3D('',#4072,#3275,#3276);
#2606=AXIS2_PLACEMENT_3D('',#4074,#3278,#3279);
#2607=AXIS2_PLACEMENT_3D('',#4076,#3281,#3282);
#2608=AXIS2_PLACEMENT_3D('',#4077,#3283,#3284);
#2609=DIRECTION('axis',(0.,0.,1.));
#2610=DIRECTION('refdir',(1.,0.,0.));
#2611=DIRECTION('axis',(0.,0.,1.));
#2612=DIRECTION('refdir',(1.,0.,0.));
#2613=DIRECTION('center_axis',(0.,-1.,5.18104084412786E-14));
#2614=DIRECTION('ref_axis',(0.,5.18104084412786E-14,1.));
#2615=DIRECTION('',(0.,5.18104084412786E-14,1.));
#2616=DIRECTION('',(-1.,0.,0.));
#2617=DIRECTION('',(0.,5.18104084412786E-14,1.));
#2618=DIRECTION('',(-1.,0.,0.));
#2619=DIRECTION('center_axis',(-1.,0.,0.));
#2620=DIRECTION('ref_axis',(0.,8.30073298523676E-15,-1.));
#2621=DIRECTION('center_axis',(1.,0.,0.));
#2622=DIRECTION('ref_axis',(0.,8.30073298523676E-15,-1.));
#2623=DIRECTION('center_axis',(1.,0.,0.));
#2624=DIRECTION('ref_axis',(0.,8.30073298523676E-15,-1.));
#2625=DIRECTION('',(-1.,0.,0.));
#2626=DIRECTION('center_axis',(0.,-8.35866768543759E-15,1.));
#2627=DIRECTION('ref_axis',(0.,1.,8.35866768543759E-15));
#2628=DIRECTION('',(0.,1.,8.35866768543759E-15));
#2629=DIRECTION('',(0.,1.,8.35866768543759E-15));
#2630=DIRECTION('',(-1.,0.,0.));
#2631=DIRECTION('center_axis',(-1.,0.,0.));
#2632=DIRECTION('ref_axis',(0.,-1.,-5.18795811577271E-16));
#2633=DIRECTION('center_axis',(1.,0.,0.));
#2634=DIRECTION('ref_axis',(0.,-1.,-5.18795811577271E-16));
#2635=DIRECTION('center_axis',(1.,0.,0.));
#2636=DIRECTION('ref_axis',(0.,-1.,-5.18795811577271E-16));
#2637=DIRECTION('',(-1.,0.,0.));
#2638=DIRECTION('center_axis',(0.,1.,8.3636802198064E-13));
#2639=DIRECTION('ref_axis',(0.,8.3636802198064E-13,-1.));
#2640=DIRECTION('',(0.,8.3636802198064E-13,-1.));
#2641=DIRECTION('',(0.,8.3636802198064E-13,-1.));
#2642=DIRECTION('',(-1.,0.,0.));
#2643=DIRECTION('center_axis',(0.,0.,1.));
#2644=DIRECTION('ref_axis',(1.,-1.20201071319085E-14,0.));
#2645=DIRECTION('center_axis',(0.,0.,1.));
#2646=DIRECTION('ref_axis',(1.,-1.20201071319085E-14,0.));
#2647=DIRECTION('',(0.,0.,1.));
#2648=DIRECTION('center_axis',(0.,0.,-1.));
#2649=DIRECTION('ref_axis',(1.,-1.20201071319085E-14,0.));
#2650=DIRECTION('',(0.,0.,1.));
#2651=DIRECTION('center_axis',(-1.,1.73472003363484E-14,0.));
#2652=DIRECTION('ref_axis',(-1.73472003363484E-14,-1.,0.));
#2653=DIRECTION('',(1.73472003363484E-14,1.,0.));
#2654=DIRECTION('',(-1.73472003363484E-14,-1.,0.));
#2655=DIRECTION('',(0.,0.,1.));
#2656=DIRECTION('center_axis',(0.,0.,1.));
#2657=DIRECTION('ref_axis',(3.49675843837337E-14,1.,0.));
#2658=DIRECTION('center_axis',(0.,0.,1.));
#2659=DIRECTION('ref_axis',(3.49675843837337E-14,1.,0.));
#2660=DIRECTION('center_axis',(0.,0.,-1.));
#2661=DIRECTION('ref_axis',(3.49675843837337E-14,1.,0.));
#2662=DIRECTION('',(0.,0.,1.));
#2663=DIRECTION('center_axis',(-2.32323983311852E-14,-1.,0.));
#2664=DIRECTION('ref_axis',(1.,-2.32323983311852E-14,0.));
#2665=DIRECTION('',(-1.,2.32323983311852E-14,0.));
#2666=DIRECTION('',(1.,-2.32323983311852E-14,0.));
#2667=DIRECTION('',(0.,0.,1.));
#2668=DIRECTION('center_axis',(0.,0.,1.));
#2669=DIRECTION('ref_axis',(-1.,0.,0.));
#2670=DIRECTION('center_axis',(0.,0.,1.));
#2671=DIRECTION('ref_axis',(-1.,0.,0.));
#2672=DIRECTION('center_axis',(0.,0.,-1.));
#2673=DIRECTION('ref_axis',(-1.,0.,0.));
#2674=DIRECTION('',(0.,0.,1.));
#2675=DIRECTION('center_axis',(1.,-1.742429900451E-14,0.));
#2676=DIRECTION('ref_axis',(1.742429900451E-14,1.,0.));
#2677=DIRECTION('',(-1.742429900451E-14,-1.,0.));
#2678=DIRECTION('',(1.742429900451E-14,1.,0.));
#2679=DIRECTION('',(0.,0.,1.));
#2680=DIRECTION('center_axis',(0.,0.,1.));
#2681=DIRECTION('ref_axis',(0.,-1.,0.));
#2682=DIRECTION('center_axis',(0.,0.,1.));
#2683=DIRECTION('ref_axis',(0.,-1.,0.));
#2684=DIRECTION('center_axis',(0.,0.,-1.));
#2685=DIRECTION('ref_axis',(0.,-1.,0.));
#2686=DIRECTION('',(0.,0.,1.));
#2687=DIRECTION('center_axis',(0.,1.,0.));
#2688=DIRECTION('ref_axis',(-1.,0.,0.));
#2689=DIRECTION('',(1.,0.,0.));
#2690=DIRECTION('',(-1.,0.,0.));
#2691=DIRECTION('center_axis',(0.,0.,-1.));
#2692=DIRECTION('ref_axis',(-1.,0.,0.));
#2693=DIRECTION('',(1.78440769246378E-14,-1.,0.));
#2694=DIRECTION('',(1.,0.,0.));
#2695=DIRECTION('',(-9.49674337310935E-16,1.,0.));
#2696=DIRECTION('',(-1.,0.,0.));
#2697=DIRECTION('center_axis',(0.,1.,0.));
#2698=DIRECTION('ref_axis',(1.,0.,0.));
#2699=DIRECTION('',(0.,0.,-1.));
#2700=DIRECTION('',(1.,0.,0.));
#2701=DIRECTION('',(0.,0.,-1.));
#2702=DIRECTION('center_axis',(-1.,-1.78440769246378E-14,0.));
#2703=DIRECTION('ref_axis',(-1.78440769246378E-14,1.,0.));
#2704=DIRECTION('',(0.,0.,-1.));
#2705=DIRECTION('',(6.75810094810237E-15,-1.,0.));
#2706=DIRECTION('',(0.,0.,-1.));
#2707=DIRECTION('',(1.78440769246378E-14,-1.,0.));
#2708=DIRECTION('',(0.,0.,-1.));
#2709=DIRECTION('',(-1.78440769246378E-14,1.,0.));
#2710=DIRECTION('',(0.,0.,1.));
#2711=DIRECTION('',(0.,1.,0.));
#2712=DIRECTION('',(0.,1.,0.));
#2713=DIRECTION('',(0.,0.,-1.));
#2714=DIRECTION('',(-1.78440769246378E-14,1.,0.));
#2715=DIRECTION('',(0.,0.,1.));
#2716=DIRECTION('',(0.,1.,0.));
#2717=DIRECTION('',(0.,0.,-1.));
#2718=DIRECTION('',(1.78440769246378E-14,-1.,0.));
#2719=DIRECTION('center_axis',(0.,-1.,0.));
#2720=DIRECTION('ref_axis',(0.,0.,1.));
#2721=DIRECTION('',(0.,0.,1.));
#2722=DIRECTION('',(-1.,0.,0.));
#2723=DIRECTION('',(-1.,0.,0.));
#2724=DIRECTION('center_axis',(0.,-1.,0.));
#2725=DIRECTION('ref_axis',(0.,0.,1.));
#2726=DIRECTION('',(0.,0.,1.));
#2727=DIRECTION('',(-1.,0.,0.));
#2728=DIRECTION('',(-1.,0.,0.));
#2729=DIRECTION('center_axis',(0.,0.,-1.));
#2730=DIRECTION('ref_axis',(0.,-1.,0.));
#2731=DIRECTION('',(-1.,0.,0.));
#2732=DIRECTION('',(1.77953184242038E-14,-1.,0.));
#2733=DIRECTION('center_axis',(0.,1.,0.));
#2734=DIRECTION('ref_axis',(0.,0.,1.));
#2735=DIRECTION('',(0.,0.,1.));
#2736=DIRECTION('',(1.,0.,0.));
#2737=DIRECTION('',(0.,0.,-1.));
#2738=DIRECTION('',(1.,0.,0.));
#2739=DIRECTION('center_axis',(0.,0.,-1.));
#2740=DIRECTION('ref_axis',(0.,1.,0.));
#2741=DIRECTION('',(-9.757476753076E-16,1.,0.));
#2742=DIRECTION('',(1.,0.,0.));
#2743=DIRECTION('',(9.49674337310935E-16,-1.,0.));
#2744=DIRECTION('center_axis',(0.,-1.,0.));
#2745=DIRECTION('ref_axis',(0.,0.,-1.));
#2746=DIRECTION('',(0.,0.,-1.));
#2747=DIRECTION('',(-1.,0.,0.));
#2748=DIRECTION('',(0.,0.,1.));
#2749=DIRECTION('center_axis',(0.,1.,0.));
#2750=DIRECTION('ref_axis',(0.,0.,1.));
#2751=DIRECTION('',(0.,0.,1.));
#2752=DIRECTION('',(1.,0.,0.));
#2753=DIRECTION('',(0.,0.,-1.));
#2754=DIRECTION('',(1.,0.,0.));
#2755=DIRECTION('center_axis',(0.,0.,-1.));
#2756=DIRECTION('ref_axis',(0.,1.,0.));
#2757=DIRECTION('',(-9.757476753076E-16,1.,0.));
#2758=DIRECTION('',(1.,0.,0.));
#2759=DIRECTION('',(9.49674337310935E-16,-1.,0.));
#2760=DIRECTION('center_axis',(0.,-1.,0.));
#2761=DIRECTION('ref_axis',(0.,0.,-1.));
#2762=DIRECTION('',(0.,0.,-1.));
#2763=DIRECTION('',(-1.,0.,0.));
#2764=DIRECTION('',(0.,0.,1.));
#2765=DIRECTION('center_axis',(0.,0.,-1.));
#2766=DIRECTION('ref_axis',(-1.,0.,0.));
#2767=DIRECTION('',(9.757476753076E-16,-1.,0.));
#2768=DIRECTION('',(-0.999999935994213,-0.000357787045896714,0.));
#2769=DIRECTION('',(0.000357787045646469,-0.999999935994213,0.));
#2770=DIRECTION('',(0.999999935994213,0.000357787045897389,0.));
#2771=DIRECTION('',(-9.49674337310935E-16,1.,0.));
#2772=DIRECTION('center_axis',(0.,0.,-1.));
#2773=DIRECTION('ref_axis',(-1.,0.,0.));
#2774=DIRECTION('',(-9.49674337310935E-16,1.,0.));
#2775=DIRECTION('center_axis',(0.,0.,-1.));
#2776=DIRECTION('ref_axis',(-1.,3.35966076165856E-15,0.));
#2777=DIRECTION('',(0.999999993180132,-0.000116789280897317,0.));
#2778=DIRECTION('',(0.000116789280533899,0.999999993180132,0.));
#2779=DIRECTION('',(-0.999999993180132,0.000116789280190961,0.));
#2780=DIRECTION('center_axis',(0.,0.,1.));
#2781=DIRECTION('ref_axis',(-1.,2.61717352554673E-15,0.));
#2782=DIRECTION('',(9.757476753076E-16,-1.,0.));
#2783=DIRECTION('center_axis',(0.,0.,-1.));
#2784=DIRECTION('ref_axis',(-1.,0.,0.));
#2785=DIRECTION('',(9.757476753076E-16,-1.,0.));
#2786=DIRECTION('',(-9.49674337310935E-16,1.,0.));
#2787=DIRECTION('center_axis',(-1.,-9.757476753076E-16,0.));
#2788=DIRECTION('ref_axis',(-9.757476753076E-16,1.,0.));
#2789=DIRECTION('',(0.,0.,-1.));
#2790=DIRECTION('',(-9.757476753076E-16,1.,0.));
#2791=DIRECTION('',(0.,0.,-1.));
#2792=DIRECTION('center_axis',(0.,-1.,0.));
#2793=DIRECTION('ref_axis',(0.,0.,1.));
#2794=DIRECTION('',(-1.,0.,0.));
#2795=DIRECTION('',(0.,0.,1.));
#2796=DIRECTION('center_axis',(0.,0.,-1.));
#2797=DIRECTION('ref_axis',(-1.,0.,0.));
#2798=DIRECTION('',(0.999999958729993,-0.000287297777666089,0.));
#2799=DIRECTION('',(0.000287297778034379,0.999999958729992,0.));
#2800=DIRECTION('',(-0.999999958729993,0.000287297777666137,0.));
#2801=DIRECTION('',(-1.77953184242038E-14,1.,0.));
#2802=DIRECTION('center_axis',(0.,0.,-1.));
#2803=DIRECTION('ref_axis',(-1.,0.,0.));
#2804=DIRECTION('',(-1.77953184242038E-14,1.,0.));
#2805=DIRECTION('center_axis',(1.,1.77953184242038E-14,0.));
#2806=DIRECTION('ref_axis',(1.77953184242038E-14,-1.,0.));
#2807=DIRECTION('',(0.,0.,1.));
#2808=DIRECTION('',(1.77953184242038E-14,-1.,0.));
#2809=DIRECTION('',(0.,0.,-1.));
#2810=DIRECTION('',(-1.77953184242038E-14,1.,0.));
#2811=DIRECTION('',(1.77953184242038E-14,-1.,0.));
#2812=DIRECTION('',(0.,0.,1.));
#2813=DIRECTION('',(-1.77953184242038E-14,1.,0.));
#2814=DIRECTION('center_axis',(-0.000116789280533899,-0.999999993180132,
0.));
#2815=DIRECTION('ref_axis',(0.,0.,-1.));
#2816=DIRECTION('center_axis',(0.000116789280897317,0.999999993180132,0.));
#2817=DIRECTION('ref_axis',(0.,0.,-1.));
#2818=DIRECTION('',(-0.000116789280533899,-0.999999993180132,0.));
#2819=DIRECTION('center_axis',(-0.000116789280190961,-0.999999993180132,
0.));
#2820=DIRECTION('ref_axis',(0.,0.,-1.));
#2821=DIRECTION('center_axis',(-0.000116789280532418,-0.999999993180132,
0.));
#2822=DIRECTION('ref_axis',(0.,0.,-1.));
#2823=DIRECTION('',(0.000116789280532418,0.999999993180132,0.));
#2824=DIRECTION('center_axis',(0.000116789280897317,0.999999993180132,0.));
#2825=DIRECTION('ref_axis',(0.,0.,-1.));
#2826=DIRECTION('',(-0.000116789280532418,-0.999999993180132,0.));
#2827=DIRECTION('center_axis',(-0.000116789280190961,-0.999999993180132,
0.));
#2828=DIRECTION('ref_axis',(0.,0.,-1.));
#2829=DIRECTION('center_axis',(0.,0.,-1.));
#2830=DIRECTION('ref_axis',(-1.,0.,0.));
#2831=DIRECTION('',(0.999999993180132,-0.000116789280897317,0.));
#2832=DIRECTION('',(0.000116789280531826,0.999999993180132,0.));
#2833=DIRECTION('',(-0.999999993180132,0.000116789280190961,0.));
#2834=DIRECTION('center_axis',(0.000116789280190961,0.999999993180132,0.));
#2835=DIRECTION('ref_axis',(0.999999993180132,-0.000116789280190961,0.));
#2836=DIRECTION('',(-1.34572488775541E-14,1.5716624204787E-18,-1.));
#2837=DIRECTION('',(0.999999993180132,-0.000116789280190961,3.72803934830545E-14));
#2838=DIRECTION('',(6.72862443877709E-15,-7.85831210239353E-19,1.));
#2839=DIRECTION('',(-0.999999993180132,0.000116789280190961,0.));
#2840=DIRECTION('',(-0.999999993180132,0.000116789280190961,0.));
#2841=DIRECTION('',(0.,0.,-1.));
#2842=DIRECTION('',(0.999999993180132,-0.000116789280190961,0.));
#2843=DIRECTION('',(0.,0.,-1.));
#2844=DIRECTION('center_axis',(0.,0.,-1.));
#2845=DIRECTION('ref_axis',(-1.,0.,0.));
#2846=DIRECTION('',(0.999999993180132,-0.000116789280897317,0.));
#2847=DIRECTION('center_axis',(0.,0.,-1.));
#2848=DIRECTION('ref_axis',(3.31329025956235E-6,0.999999999994511,0.));
#2849=DIRECTION('center_axis',(0.,0.,1.));
#2850=DIRECTION('ref_axis',(1.54863048976087E-5,0.999999999880087,0.));
#2851=DIRECTION('center_axis',(-1.6427786403208E-14,-0.707106781186545,
-0.70710678118655));
#2852=DIRECTION('ref_axis',(-1.,0.,2.3232398331185E-14));
#2853=DIRECTION('',(1.67476528926269E-14,0.70710678118655,-0.707106781186545));
#2854=DIRECTION('',(1.,-2.32323983311852E-14,0.));
#2855=DIRECTION('',(-1.67476528926269E-14,-0.70710678118655,0.707106781186545));
#2856=DIRECTION('center_axis',(0.,0.,-1.));
#2857=DIRECTION('ref_axis',(-1.,0.,0.));
#2858=DIRECTION('',(-0.707106781186546,0.,-0.707106781186549));
#2859=DIRECTION('center_axis',(0.,0.,-1.));
#2860=DIRECTION('ref_axis',(-1.,0.,0.));
#2861=DIRECTION('center_axis',(0.707106781186547,-1.2320839983511E-14,-0.707106781186548));
#2862=DIRECTION('ref_axis',(-0.707106781186548,0.,-0.707106781186547));
#2863=DIRECTION('',(-0.707106781186548,1.18411139592401E-14,-0.707106781186547));
#2864=DIRECTION('',(1.742429900451E-14,1.,0.));
#2865=DIRECTION('center_axis',(0.,0.,-1.));
#2866=DIRECTION('ref_axis',(0.,-1.,0.));
#2867=DIRECTION('',(0.,-0.707106781186547,-0.707106781186548));
#2868=DIRECTION('center_axis',(0.,0.,-1.));
#2869=DIRECTION('ref_axis',(0.,-1.,0.));
#2870=DIRECTION('center_axis',(0.,-1.,0.));
#2871=DIRECTION('ref_axis',(-1.,0.,0.));
#2872=DIRECTION('',(0.,0.,-1.));
#2873=DIRECTION('',(-1.,0.,0.));
#2874=DIRECTION('center_axis',(0.,0.,-1.));
#2875=DIRECTION('ref_axis',(-1.,0.,0.));
#2876=DIRECTION('',(0.,1.,0.));
#2877=DIRECTION('',(0.999999935994213,0.000357787045897389,0.));
#2878=DIRECTION('',(-5.67338143830029E-16,1.,0.));
#2879=DIRECTION('center_axis',(0.,0.,-1.));
#2880=DIRECTION('ref_axis',(1.60423801369439E-12,-1.,0.));
#2881=DIRECTION('',(-1.,1.07250899522661E-13,0.));
#2882=DIRECTION('center_axis',(0.,0.,-1.));
#2883=DIRECTION('ref_axis',(1.,-9.32305861360171E-14,0.));
#2884=DIRECTION('',(0.,-1.,0.));
#2885=DIRECTION('',(0.999999958729993,-0.000287297777666089,0.));
#2886=DIRECTION('center_axis',(0.,0.,-1.));
#2887=DIRECTION('ref_axis',(1.,0.,0.));
#2888=DIRECTION('center_axis',(0.,0.,-1.));
#2889=DIRECTION('ref_axis',(1.,0.,0.));
#2890=DIRECTION('center_axis',(0.,0.707106781186547,-0.707106781186548));
#2891=DIRECTION('ref_axis',(-1.,0.,0.));
#2892=DIRECTION('',(0.,-0.707106781186548,-0.707106781186547));
#2893=DIRECTION('',(-1.,0.,0.));
#2894=DIRECTION('center_axis',(0.,0.,-1.));
#2895=DIRECTION('ref_axis',(1.,-1.20201071319085E-14,0.));
#2896=DIRECTION('',(0.707106781186548,-8.50466748453711E-15,-0.707106781186548));
#2897=DIRECTION('center_axis',(0.,0.,-1.));
#2898=DIRECTION('ref_axis',(1.,-1.20201071319085E-14,0.));
#2899=DIRECTION('center_axis',(-0.707106781186547,1.22663229924335E-14,
-0.707106781186548));
#2900=DIRECTION('ref_axis',(-0.707106781186548,0.,0.707106781186547));
#2901=DIRECTION('',(0.707106781186548,-1.25607396694702E-14,-0.707106781186547));
#2902=DIRECTION('',(-1.73472003363484E-14,-1.,0.));
#2903=DIRECTION('center_axis',(0.,0.,-1.));
#2904=DIRECTION('ref_axis',(3.49675843837337E-14,1.,0.));
#2905=DIRECTION('center_axis',(0.,0.,-1.));
#2906=DIRECTION('ref_axis',(3.49675843837337E-14,1.,0.));
#2907=DIRECTION('center_axis',(0.,0.,1.));
#2908=DIRECTION('ref_axis',(1.,0.,0.));
#2909=DIRECTION('center_axis',(0.,0.,-1.));
#2910=DIRECTION('ref_axis',(1.,0.,0.));
#2911=DIRECTION('center_axis',(0.,0.,1.));
#2912=DIRECTION('ref_axis',(-1.,0.,0.));
#2913=DIRECTION('center_axis',(0.,0.,1.));
#2914=DIRECTION('ref_axis',(1.,0.,0.));
#2915=DIRECTION('center_axis',(0.,0.,-1.));
#2916=DIRECTION('ref_axis',(1.,0.,0.));
#2917=DIRECTION('center_axis',(0.,0.,1.));
#2918=DIRECTION('ref_axis',(-1.,0.,0.));
#2919=DIRECTION('center_axis',(0.,0.,1.));
#2920=DIRECTION('ref_axis',(1.,0.,0.));
#2921=DIRECTION('center_axis',(0.,0.,-1.));
#2922=DIRECTION('ref_axis',(1.,0.,0.));
#2923=DIRECTION('center_axis',(0.,0.,1.));
#2924=DIRECTION('ref_axis',(-1.,0.,0.));
#2925=DIRECTION('center_axis',(0.,0.,1.));
#2926=DIRECTION('ref_axis',(1.,0.,0.));
#2927=DIRECTION('center_axis',(0.,0.,-1.));
#2928=DIRECTION('ref_axis',(1.,0.,0.));
#2929=DIRECTION('center_axis',(0.,0.,1.));
#2930=DIRECTION('ref_axis',(-1.,0.,0.));
#2931=DIRECTION('center_axis',(-8.98819418306739E-18,0.,-1.));
#2932=DIRECTION('ref_axis',(-1.,0.,8.98819418306739E-18));
#2933=DIRECTION('',(1.,-1.07250899522661E-13,-8.98819418306739E-18));
#2934=DIRECTION('',(0.,1.,0.));
#2935=DIRECTION('',(-1.,1.07280666633269E-13,8.98819418306739E-18));
#2936=DIRECTION('',(0.,1.,0.));
#2937=DIRECTION('center_axis',(1.,0.,0.));
#2938=DIRECTION('ref_axis',(0.,0.,-1.));
#2939=DIRECTION('',(0.,0.,1.));
#2940=DIRECTION('',(0.,0.,-1.));
#2941=DIRECTION('',(0.,-1.,0.));
#2942=DIRECTION('center_axis',(-1.,0.,0.));
#2943=DIRECTION('ref_axis',(0.,0.,1.));
#2944=DIRECTION('',(0.,0.,-1.));
#2945=DIRECTION('',(0.,1.,0.));
#2946=DIRECTION('',(0.,0.,1.));
#2947=DIRECTION('center_axis',(1.,0.,0.));
#2948=DIRECTION('ref_axis',(0.,0.,-1.));
#2949=DIRECTION('',(0.,0.,1.));
#2950=DIRECTION('',(0.,1.,0.));
#2951=DIRECTION('',(0.,0.,-1.));
#2952=DIRECTION('',(0.,-1.,0.));
#2953=DIRECTION('center_axis',(-8.98819418306739E-18,0.,-1.));
#2954=DIRECTION('ref_axis',(-1.,0.,8.98819418306739E-18));
#2955=DIRECTION('',(1.,-1.07250899522661E-13,-8.98819418306739E-18));
#2956=DIRECTION('',(0.,1.,0.));
#2957=DIRECTION('',(-1.,1.07280666633269E-13,8.98819418306739E-18));
#2958=DIRECTION('center_axis',(-1.,0.,0.));
#2959=DIRECTION('ref_axis',(0.,0.,1.));
#2960=DIRECTION('',(0.,0.,-1.));
#2961=DIRECTION('',(0.,1.,0.));
#2962=DIRECTION('',(0.,0.,1.));
#2963=DIRECTION('center_axis',(1.07250899522661E-13,1.,0.));
#2964=DIRECTION('ref_axis',(1.,-1.07250899522661E-13,0.));
#2965=DIRECTION('',(-1.,1.07250899522661E-13,0.));
#2966=DIRECTION('',(-1.,1.07250899522661E-13,0.));
#2967=DIRECTION('',(0.,0.,-1.));
#2968=DIRECTION('',(0.,0.,-1.));
#2969=DIRECTION('',(-1.,1.07250899522661E-13,0.));
#2970=DIRECTION('center_axis',(0.,0.,-1.));
#2971=DIRECTION('ref_axis',(-1.,0.,0.));
#2972=DIRECTION('',(1.,-1.07280666633269E-13,0.));
#2973=DIRECTION('center_axis',(0.,0.,1.));
#2974=DIRECTION('ref_axis',(1.,-6.85372317002504E-14,0.));
#2975=DIRECTION('',(1.41780056547745E-16,1.,0.));
#2976=DIRECTION('center_axis',(0.,0.,1.));
#2977=DIRECTION('ref_axis',(0.000287297777667264,0.999999958729993,0.));
#2978=DIRECTION('',(-0.999999958729993,0.000287297777666137,0.));
#2979=DIRECTION('',(-0.000287297778034379,-0.999999958729992,0.));
#2980=DIRECTION('',(0.999999958729993,-0.000287297777666089,0.));
#2981=DIRECTION('',(0.,-1.,0.));
#2982=DIRECTION('center_axis',(0.,0.,-1.));
#2983=DIRECTION('ref_axis',(1.,-9.32305861360171E-14,0.));
#2984=DIRECTION('center_axis',(0.,0.,-1.));
#2985=DIRECTION('ref_axis',(-1.,0.,0.));
#2986=DIRECTION('',(1.,-1.07280666633269E-13,0.));
#2987=DIRECTION('center_axis',(-0.97007610240974,-0.242801061640036,1.4825983096991E-15));
#2988=DIRECTION('ref_axis',(-0.242801061640036,0.97007610240974,0.));
#2989=DIRECTION('center_axis',(0.242453965436391,0.970162911393839,0.));
#2990=DIRECTION('ref_axis',(-0.970162911393839,0.242453965436391,0.));
#2991=DIRECTION('center_axis',(0.,0.,-1.));
#2992=DIRECTION('ref_axis',(-1.,-7.40148683083436E-16,0.));
#2993=DIRECTION('center_axis',(-0.242470051666682,0.970158891133178,-5.38546369240432E-16));
#2994=DIRECTION('ref_axis',(0.970158891133178,0.242470051666682,0.));
#2995=DIRECTION('center_axis',(0.970089189987718,-0.242748766153348,-1.07701535466433E-15));
#2996=DIRECTION('ref_axis',(0.242748766153348,0.970089189987718,0.));
#2997=DIRECTION('center_axis',(-3.7007434154172E-16,-3.69968035274405E-16,
-1.));
#2998=DIRECTION('ref_axis',(0.000287297777665784,0.999999958729993,-3.70074341541718E-16));
#2999=DIRECTION('center_axis',(0.999999958729993,-0.000287297777666137,
0.));
#3000=DIRECTION('ref_axis',(0.000203150206807301,0.707106752004246,-0.707106781186547));
#3001=DIRECTION('',(-0.999999958729993,0.000287297777666137,0.));
#3002=DIRECTION('center_axis',(0.707005198786527,-0.707208348995417,1.96346133575306E-16));
#3003=DIRECTION('ref_axis',(-0.707208348995417,-0.707005198786527,1.96402551488674E-16));
#3004=DIRECTION('',(0.999999958729993,-0.000287297777666137,0.));
#3005=DIRECTION('center_axis',(-9.757476753076E-16,1.,0.));
#3006=DIRECTION('ref_axis',(-0.707106781186549,0.,-0.707106781186546));
#3007=DIRECTION('center_axis',(0.,-1.,0.));
#3008=DIRECTION('ref_axis',(-1.,0.,0.));
#3009=DIRECTION('',(9.757476753076E-16,-1.,0.));
#3010=DIRECTION('center_axis',(0.706980273046605,0.707233266697027,0.));
#3011=DIRECTION('ref_axis',(0.707233266697027,-0.706980273046605,0.));
#3012=DIRECTION('center_axis',(0.,0.,-1.));
#3013=DIRECTION('ref_axis',(-1.,0.,0.));
#3014=DIRECTION('center_axis',(-0.999999999880087,1.54863046120113E-5,0.));
#3015=DIRECTION('ref_axis',(1.54863046120113E-5,0.999999999880087,0.));
#3016=DIRECTION('center_axis',(0.,0.,1.));
#3017=DIRECTION('ref_axis',(-0.707101305929846,0.707112256400854,0.));
#3018=DIRECTION('center_axis',(0.,0.,-1.));
#3019=DIRECTION('ref_axis',(-0.707101305929846,0.707112256400854,0.));
#3020=DIRECTION('center_axis',(0.999999993180132,-0.000116789280190961,
0.));
#3021=DIRECTION('ref_axis',(8.25824919915298E-5,0.707106776364174,-0.707106781186546));
#3022=DIRECTION('center_axis',(-0.999999993180132,0.000116789280191765,
0.));
#3023=DIRECTION('ref_axis',(0.000116789280191765,0.999999993180132,0.));
#3024=DIRECTION('',(-0.999999993180132,0.000116789280190961,0.));
#3025=DIRECTION('center_axis',(0.,0.,-1.));
#3026=DIRECTION('ref_axis',(-1.,0.,0.));
#3027=DIRECTION('center_axis',(-1.77635683940025E-14,1.,0.));
#3028=DIRECTION('ref_axis',(1.,1.77635683940025E-14,0.));
#3029=DIRECTION('center_axis',(0.,0.,1.));
#3030=DIRECTION('ref_axis',(0.707112256400947,0.707101305929752,0.));
#3031=DIRECTION('center_axis',(0.,0.,-1.));
#3032=DIRECTION('ref_axis',(0.707112256400947,0.707101305929752,0.));
#3033=DIRECTION('center_axis',(1.77953184242038E-14,-1.,0.));
#3034=DIRECTION('ref_axis',(0.707106781186547,1.25607396694702E-14,-0.707106781186548));
#3035=DIRECTION('',(-1.77953184242038E-14,1.,0.));
#3036=DIRECTION('center_axis',(0.999999935994213,0.000357787045896714,0.));
#3037=DIRECTION('ref_axis',(-0.000252993646371375,0.707106735927622,-0.707106781186547));
#3038=DIRECTION('',(0.999999935994213,0.000357787045896714,0.));
#3039=DIRECTION('',(-0.999999935994213,-0.000357787045896714,0.));
#3040=DIRECTION('center_axis',(-1.41780056547745E-16,-1.,0.));
#3041=DIRECTION('ref_axis',(0.707106781186548,0.,-0.707106781186547));
#3042=DIRECTION('',(-1.41780056547745E-16,-1.,0.));
#3043=DIRECTION('center_axis',(0.,1.,0.));
#3044=DIRECTION('ref_axis',(1.,0.,0.));
#3045=DIRECTION('',(1.41780056547745E-16,1.,0.));
#3046=DIRECTION('center_axis',(0.,0.,-1.));
#3047=DIRECTION('ref_axis',(-1.,0.,0.));
#3048=DIRECTION('center_axis',(1.,-1.06581410364015E-13,0.));
#3049=DIRECTION('ref_axis',(-1.06581410364015E-13,-1.,0.));
#3050=DIRECTION('center_axis',(0.,0.,1.));
#3051=DIRECTION('ref_axis',(0.707106781186486,-0.707106781186609,0.));
#3052=DIRECTION('center_axis',(0.,0.,-1.));
#3053=DIRECTION('ref_axis',(0.707106781186486,-0.707106781186609,0.));
#3054=DIRECTION('center_axis',(-1.,1.07280666633269E-13,0.));
#3055=DIRECTION('ref_axis',(-7.61494842461631E-14,-0.707106781186548,-0.707106781186547));
#3056=DIRECTION('center_axis',(1.,-1.06581410364015E-13,0.));
#3057=DIRECTION('ref_axis',(-1.06581410364015E-13,-1.,0.));
#3058=DIRECTION('',(1.,-1.07280666633269E-13,0.));
#3059=DIRECTION('',(-1.,1.07280666633269E-13,0.));
#3060=DIRECTION('center_axis',(0.,0.,-1.));
#3061=DIRECTION('ref_axis',(-1.,0.,0.));
#3062=DIRECTION('center_axis',(0.,-1.,0.));
#3063=DIRECTION('ref_axis',(-1.,0.,0.));
#3064=DIRECTION('center_axis',(0.,0.,1.));
#3065=DIRECTION('ref_axis',(-0.70710678118614,-0.707106781186955,0.));
#3066=DIRECTION('center_axis',(0.,0.,-1.));
#3067=DIRECTION('ref_axis',(-0.70710678118614,-0.707106781186955,0.));
#3068=DIRECTION('center_axis',(-5.67338143830029E-16,1.,0.));
#3069=DIRECTION('ref_axis',(-0.707106781186546,-7.85046229341889E-16,-0.707106781186549));
#3070=DIRECTION('',(5.67338143830029E-16,-1.,0.));
#3071=DIRECTION('',(-5.67338143830029E-16,1.,0.));
#3072=DIRECTION('center_axis',(0.,0.,-1.));
#3073=DIRECTION('ref_axis',(0.000287297777667264,0.999999958729993,0.));
#3074=DIRECTION('',(0.,0.,-1.));
#3075=DIRECTION('',(0.,0.,-1.));
#3076=DIRECTION('center_axis',(0.000287297777666137,0.999999958729993,0.));
#3077=DIRECTION('ref_axis',(0.999999958729993,-0.000287297777666137,0.));
#3078=DIRECTION('',(8.13759293958196E-29,-2.33791246357921E-32,-1.));
#3079=DIRECTION('center_axis',(-0.000287297777666137,-0.999999958729993,
0.));
#3080=DIRECTION('ref_axis',(0.,0.,-1.));
#3081=DIRECTION('',(0.,0.,1.));
#3082=DIRECTION('center_axis',(0.,0.,-1.));
#3083=DIRECTION('ref_axis',(1.54863048976087E-5,0.999999999880087,0.));
#3084=DIRECTION('center_axis',(0.,0.,-1.));
#3085=DIRECTION('ref_axis',(-1.,2.61717352554673E-15,0.));
#3086=DIRECTION('center_axis',(0.,0.,-1.));
#3087=DIRECTION('ref_axis',(-1.,0.,0.));
#3088=DIRECTION('center_axis',(0.,0.,1.));
#3089=DIRECTION('ref_axis',(-1.,0.,0.));
#3090=DIRECTION('center_axis',(0.,0.,1.));
#3091=DIRECTION('ref_axis',(-1.,0.,0.));
#3092=DIRECTION('center_axis',(0.,0.,1.));
#3093=DIRECTION('ref_axis',(-1.,0.,0.));
#3094=DIRECTION('center_axis',(0.,0.,1.));
#3095=DIRECTION('ref_axis',(-1.,0.,0.));
#3096=DIRECTION('center_axis',(0.,0.,1.));
#3097=DIRECTION('ref_axis',(-1.,0.,0.));
#3098=DIRECTION('center_axis',(0.,0.,1.));
#3099=DIRECTION('ref_axis',(-1.,0.,0.));
#3100=DIRECTION('center_axis',(0.,0.,1.));
#3101=DIRECTION('ref_axis',(-1.,0.,0.));
#3102=DIRECTION('center_axis',(0.,0.,1.));
#3103=DIRECTION('ref_axis',(-1.,0.,0.));
#3104=DIRECTION('',(0.,0.,1.));
#3105=DIRECTION('center_axis',(0.,0.,1.));
#3106=DIRECTION('ref_axis',(-1.,0.,0.));
#3107=DIRECTION('',(0.,0.,1.));
#3108=DIRECTION('center_axis',(0.,0.,1.));
#3109=DIRECTION('ref_axis',(-1.,0.,0.));
#3110=DIRECTION('center_axis',(0.,0.,1.));
#3111=DIRECTION('ref_axis',(-1.,0.,0.));
#3112=DIRECTION('center_axis',(0.,0.,1.));
#3113=DIRECTION('ref_axis',(-1.,0.,0.));
#3114=DIRECTION('center_axis',(0.,0.,1.));
#3115=DIRECTION('ref_axis',(-1.,0.,0.));
#3116=DIRECTION('',(0.,0.,1.));
#3117=DIRECTION('center_axis',(0.,0.,1.));
#3118=DIRECTION('ref_axis',(-1.,0.,0.));
#3119=DIRECTION('',(0.,0.,1.));
#3120=DIRECTION('center_axis',(0.,0.,1.));
#3121=DIRECTION('ref_axis',(-1.,0.,0.));
#3122=DIRECTION('center_axis',(0.,0.,1.));
#3123=DIRECTION('ref_axis',(-1.,0.,0.));
#3124=DIRECTION('center_axis',(0.,0.,1.));
#3125=DIRECTION('ref_axis',(-1.,0.,0.));
#3126=DIRECTION('center_axis',(0.,0.,1.));
#3127=DIRECTION('ref_axis',(-1.,0.,0.));
#3128=DIRECTION('',(0.,0.,1.));
#3129=DIRECTION('center_axis',(0.,0.,1.));
#3130=DIRECTION('ref_axis',(-1.,0.,0.));
#3131=DIRECTION('',(0.,0.,1.));
#3132=DIRECTION('center_axis',(0.,0.,1.));
#3133=DIRECTION('ref_axis',(-1.,0.,0.));
#3134=DIRECTION('center_axis',(0.,0.,1.));
#3135=DIRECTION('ref_axis',(-1.,0.,0.));
#3136=DIRECTION('center_axis',(0.,0.,1.));
#3137=DIRECTION('ref_axis',(-1.,0.,0.));
#3138=DIRECTION('center_axis',(0.,0.,1.));
#3139=DIRECTION('ref_axis',(-1.,0.,0.));
#3140=DIRECTION('',(0.,0.,1.));
#3141=DIRECTION('center_axis',(0.,0.,1.));
#3142=DIRECTION('ref_axis',(-1.,0.,0.));
#3143=DIRECTION('',(0.,0.,1.));
#3144=DIRECTION('center_axis',(0.,0.,1.));
#3145=DIRECTION('ref_axis',(1.,0.,0.));
#3146=DIRECTION('',(0.,0.,-1.));
#3147=DIRECTION('center_axis',(0.,0.,-1.));
#3148=DIRECTION('ref_axis',(-1.,0.,0.));
#3149=DIRECTION('center_axis',(0.,0.,-1.));
#3150=DIRECTION('ref_axis',(3.31329025956235E-6,0.999999999994511,0.));
#3151=DIRECTION('',(0.999999993180132,-0.000116789280897317,0.));
#3152=DIRECTION('center_axis',(0.,0.,-1.));
#3153=DIRECTION('ref_axis',(-1.,3.35966076165856E-15,0.));
#3154=DIRECTION('',(-9.49674337310935E-16,1.,0.));
#3155=DIRECTION('center_axis',(0.,0.,-1.));
#3156=DIRECTION('ref_axis',(1.,0.,0.));
#3157=DIRECTION('center_axis',(0.,0.,-1.));
#3158=DIRECTION('ref_axis',(1.,0.,0.));
#3159=DIRECTION('center_axis',(0.,0.,1.));
#3160=DIRECTION('ref_axis',(1.,0.,0.));
#3161=DIRECTION('',(0.,0.,-1.));
#3162=DIRECTION('center_axis',(0.,0.,1.));
#3163=DIRECTION('ref_axis',(1.,0.,0.));
#3164=DIRECTION('',(0.,0.,-1.));
#3165=DIRECTION('center_axis',(0.,0.,1.));
#3166=DIRECTION('ref_axis',(1.,0.,0.));
#3167=DIRECTION('',(0.,0.,-1.));
#3168=DIRECTION('center_axis',(0.000357787045646469,-0.999999935994213,
0.));
#3169=DIRECTION('ref_axis',(-1.22464672076287E-16,-4.38162760227336E-20,
-1.));
#3170=DIRECTION('center_axis',(-0.000357787045897389,0.999999935994213,
0.));
#3171=DIRECTION('ref_axis',(0.,0.,1.));
#3172=DIRECTION('',(0.000357787045646469,-0.999999935994213,0.));
#3173=DIRECTION('center_axis',(0.000357787045896714,-0.999999935994213,
0.));
#3174=DIRECTION('ref_axis',(0.,0.,1.));
#3175=DIRECTION('',(0.000357787045646469,-0.999999935994213,0.));
#3176=DIRECTION('center_axis',(-0.999999935994213,-0.000357787045646469,
0.));
#3177=DIRECTION('ref_axis',(0.,0.,-1.));
#3178=DIRECTION('',(0.,0.,1.));
#3179=DIRECTION('',(0.,0.,-1.));
#3180=DIRECTION('',(-0.000357787045646469,0.999999935994213,0.));
#3181=DIRECTION('center_axis',(0.999999935994213,0.000357787045646469,1.03656322946041E-27));
#3182=DIRECTION('ref_axis',(1.55259401266441E-15,-4.33943579618746E-12,
1.));
#3183=DIRECTION('',(1.03656316311436E-27,3.70868895754497E-31,-1.));
#3184=DIRECTION('',(-1.03656316311436E-27,-3.70868895753798E-31,1.));
#3185=DIRECTION('center_axis',(0.000357787045897389,-0.999999935994213,
0.));
#3186=DIRECTION('ref_axis',(-0.999999935994213,-0.000357787045897389,0.));
#3187=DIRECTION('',(0.999999935994213,0.000357787045897389,0.));
#3188=DIRECTION('',(0.,0.,-1.));
#3189=DIRECTION('',(0.,0.,-1.));
#3190=DIRECTION('center_axis',(0.,0.,-1.));
#3191=DIRECTION('ref_axis',(-1.,0.,0.));
#3192=DIRECTION('center_axis',(0.,0.,-1.));
#3193=DIRECTION('ref_axis',(1.60423801369439E-12,-1.,0.));
#3194=DIRECTION('',(-5.67338143830029E-16,1.,0.));
#3195=DIRECTION('',(-0.999999935994213,-0.000357787045896714,0.));
#3196=DIRECTION('center_axis',(0.,0.,1.));
#3197=DIRECTION('ref_axis',(-1.,0.,0.));
#3198=DIRECTION('',(5.67338143830029E-16,-1.,0.));
#3199=DIRECTION('center_axis',(0.,0.,1.));
#3200=DIRECTION('ref_axis',(1.15024776447914E-12,-1.,0.));
#3201=DIRECTION('',(1.,-1.07280666633269E-13,0.));
#3202=DIRECTION('center_axis',(-0.000287297778034379,-0.999999958729993,
0.));
#3203=DIRECTION('ref_axis',(0.,0.,-1.));
#3204=DIRECTION('center_axis',(0.000287297777666089,0.999999958729993,0.));
#3205=DIRECTION('ref_axis',(0.,0.,-1.));
#3206=DIRECTION('',(-0.000287297778034379,-0.999999958729992,0.));
#3207=DIRECTION('',(-0.000287297778034379,-0.999999958729992,0.));
#3208=DIRECTION('center_axis',(-0.999999958729993,0.000287297778034379,
-8.1375932754205E-29));
#3209=DIRECTION('ref_axis',(-1.93824942240591E-16,-6.74648218888494E-13,
-1.));
#3210=DIRECTION('',(-8.13759293958196E-29,2.33791246357882E-32,1.));
#3211=DIRECTION('center_axis',(0.999999958729993,-0.000287297778034379,
0.));
#3212=DIRECTION('ref_axis',(0.,0.,1.));
#3213=DIRECTION('',(0.,0.,-1.));
#3214=DIRECTION('center_axis',(-0.000287297777666089,-0.999999958729993,
0.));
#3215=DIRECTION('ref_axis',(-0.999999958729993,0.000287297777666089,0.));
#3216=DIRECTION('',(0.,0.,-1.));
#3217=DIRECTION('',(-0.000116789280531826,-0.999999993180132,0.));
#3218=DIRECTION('',(-0.000116789280531826,-0.999999993180132,0.));
#3219=DIRECTION('center_axis',(3.72803932288072E-14,-4.35395033282931E-18,
-1.));
#3220=DIRECTION('ref_axis',(0.999999993180132,-0.000116789280190961,3.72803934830545E-14));
#3221=DIRECTION('',(-0.999999993180132,0.000116789280897317,-3.72803934830545E-14));
#3222=DIRECTION('',(-0.000116789280531826,-0.999999993180132,0.));
#3223=DIRECTION('',(-0.000116789280531826,-0.999999993180132,0.));
#3224=DIRECTION('center_axis',(-0.999999993180132,0.000116789280531826,
1.34572489693308E-14));
#3225=DIRECTION('ref_axis',(-1.33802374187259E-14,6.59406766662573E-13,
-1.));
#3226=DIRECTION('',(1.34572488775541E-14,-1.5716624299843E-18,1.));
#3227=DIRECTION('center_axis',(0.999999993180132,-0.000116789280531826,
-6.72862448466542E-15));
#3228=DIRECTION('ref_axis',(6.65318464237393E-15,-6.45948731953807E-13,
1.));
#3229=DIRECTION('',(-6.72862443877709E-15,7.85831214992154E-19,-1.));
#3230=DIRECTION('',(-0.000116789280531826,-0.999999993180132,0.));
#3231=DIRECTION('center_axis',(-0.000116789280897317,-0.999999993180132,
0.));
#3232=DIRECTION('ref_axis',(-0.999999993180132,0.000116789280897317,0.));
#3233=DIRECTION('',(0.,0.,1.));
#3234=DIRECTION('',(0.,0.,-1.));
#3235=DIRECTION('',(0.999999993180132,-0.000116789280897317,0.));
#3236=DIRECTION('center_axis',(0.,0.,-1.));
#3237=DIRECTION('ref_axis',(0.,-1.,0.));
#3238=DIRECTION('',(-1.,0.,0.));
#3239=DIRECTION('center_axis',(0.,-1.,0.));
#3240=DIRECTION('ref_axis',(0.,0.,1.));
#3241=DIRECTION('',(-1.,0.,0.));
#3242=DIRECTION('center_axis',(0.,0.,-1.));
#3243=DIRECTION('ref_axis',(-1.,0.,0.));
#3244=DIRECTION('center_axis',(0.,0.,-1.));
#3245=DIRECTION('ref_axis',(-1.,0.,0.));
#3246=DIRECTION('center_axis',(0.,0.,-1.));
#3247=DIRECTION('ref_axis',(-1.,3.35966076165856E-15,0.));
#3248=DIRECTION('',(0.,0.,-1.));
#3249=DIRECTION('center_axis',(0.,0.,-1.));
#3250=DIRECTION('ref_axis',(3.31329025956235E-6,0.999999999994511,0.));
#3251=DIRECTION('center_axis',(-1.,0.,0.));
#3252=DIRECTION('ref_axis',(0.,1.,0.));
#3253=DIRECTION('',(0.,0.,-1.));
#3254=DIRECTION('center_axis',(0.,0.,-1.));
#3255=DIRECTION('ref_axis',(1.,-9.32305861360171E-14,0.));
#3256=DIRECTION('center_axis',(0.,0.,-1.));
#3257=DIRECTION('ref_axis',(1.60423801369439E-12,-1.,0.));
#3258=DIRECTION('',(0.,0.,-1.));
#3259=DIRECTION('center_axis',(1.,5.67338143830029E-16,0.));
#3260=DIRECTION('ref_axis',(5.67338143830029E-16,-1.,0.));
#3261=DIRECTION('center_axis',(1.,9.49674337310935E-16,0.));
#3262=DIRECTION('ref_axis',(9.49674337310935E-16,-1.,0.));
#3263=DIRECTION('center_axis',(-0.000357787045896714,0.999999935994213,
0.));
#3264=DIRECTION('ref_axis',(0.999999935994213,0.000357787045896714,0.));
#3265=DIRECTION('',(0.,0.,-1.));
#3266=DIRECTION('center_axis',(0.,0.,-1.));
#3267=DIRECTION('ref_axis',(-1.,0.,0.));
#3268=DIRECTION('',(0.,0.,-1.));
#3269=DIRECTION('center_axis',(-1.,-5.67338143830029E-16,0.));
#3270=DIRECTION('ref_axis',(-5.67338143830029E-16,1.,0.));
#3271=DIRECTION('',(0.,0.,-1.));
#3272=DIRECTION('center_axis',(0.,0.,-1.));
#3273=DIRECTION('ref_axis',(1.15024776447914E-12,-1.,0.));
#3274=DIRECTION('',(0.,0.,-1.));
#3275=DIRECTION('center_axis',(-1.07280666633269E-13,-1.,0.));
#3276=DIRECTION('ref_axis',(-1.,1.07280666633269E-13,0.));
#3277=DIRECTION('',(0.,0.,-1.));
#3278=DIRECTION('center_axis',(0.,0.,-1.));
#3279=DIRECTION('ref_axis',(1.,-6.85372317002504E-14,0.));
#3280=DIRECTION('',(0.,0.,-1.));
#3281=DIRECTION('center_axis',(1.,-1.41780056547745E-16,0.));
#3282=DIRECTION('ref_axis',(-1.41780056547745E-16,-1.,0.));
#3283=DIRECTION('',(0.,0.,1.));
#3284=DIRECTION('',(1.,0.,0.));
#3285=CARTESIAN_POINT('',(0.,0.,0.));
#3286=CARTESIAN_POINT('',(0.,0.,0.));
#3287=CARTESIAN_POINT('Origin',(-0.920205740411518,42.17107436855,2.600050801007));
#3288=CARTESIAN_POINT('',(-0.920205740411518,42.17107436855,2.600050801007));
#3289=CARTESIAN_POINT('',(-0.920205740411518,42.17107436855,3.2));
#3290=CARTESIAN_POINT('',(-0.920205740411518,42.17107436855,2.600050801007));
#3291=CARTESIAN_POINT('',(-2.42020574041152,42.17107436855,3.2));
#3292=CARTESIAN_POINT('',(-0.920205740411518,42.17107436855,3.2));
#3293=CARTESIAN_POINT('',(-2.42020574041152,42.17107436855,2.600050801007));
#3294=CARTESIAN_POINT('',(-2.42020574041152,42.17107436855,2.600050801007));
#3295=CARTESIAN_POINT('',(-0.920205740411518,42.17107436855,2.600050801007));
#3296=CARTESIAN_POINT('Origin',(-0.920205740411518,41.1010743802601,2.600050801007));
#3297=CARTESIAN_POINT('',(-0.920205740411518,41.1010743802601,1.53005081271706));
#3298=CARTESIAN_POINT('Origin',(-0.920205740411518,41.1010743802601,2.600050801007));
#3299=CARTESIAN_POINT('',(-2.42020574041152,41.1010743802601,1.53005081271706));
#3300=CARTESIAN_POINT('Origin',(-2.42020574041152,41.1010743802601,2.600050801007));
#3301=CARTESIAN_POINT('',(-0.920205740411518,41.1010743802601,1.53005081271706));
#3302=CARTESIAN_POINT('Origin',(-0.920205740411518,34.1610744640381,1.530050812717));
#3303=CARTESIAN_POINT('',(-0.920205740411518,34.1610744640381,1.530050812717));
#3304=CARTESIAN_POINT('',(-0.920205740411518,34.1610744640381,1.530050812717));
#3305=CARTESIAN_POINT('',(-2.42020574041152,34.1610744640381,1.530050812717));
#3306=CARTESIAN_POINT('',(-2.42020574041152,34.1610744640381,1.530050812717));
#3307=CARTESIAN_POINT('',(-0.920205740411518,34.1610744640381,1.530050812717));
#3308=CARTESIAN_POINT('Origin',(-0.920205740411518,34.1610744640381,2.600050801007));
#3309=CARTESIAN_POINT('',(-0.920205740411518,33.0910744757481,2.600050801007));
#3310=CARTESIAN_POINT('Origin',(-0.920205740411518,34.1610744640381,2.600050801007));
#3311=CARTESIAN_POINT('',(-2.42020574041152,33.0910744757481,2.600050801007));
#3312=CARTESIAN_POINT('Origin',(-2.42020574041152,34.1610744640381,2.600050801007));
#3313=CARTESIAN_POINT('',(-0.920205740411518,33.0910744757481,2.600050801007));
#3314=CARTESIAN_POINT('Origin',(-0.920205740411518,33.0910744757476,3.2));
#3315=CARTESIAN_POINT('',(-0.920205740411518,33.0910744757476,3.2));
#3316=CARTESIAN_POINT('',(-0.920205740411518,33.0910744757471,3.800050786521));
#3317=CARTESIAN_POINT('',(-2.42020574041152,33.0910744757476,3.2));
#3318=CARTESIAN_POINT('',(-2.42020574041152,33.0910744757471,3.800050786521));
#3319=CARTESIAN_POINT('',(-0.920205740411518,33.0910744757476,3.2));
#3320=CARTESIAN_POINT('Origin',(-6.695313690627,0.986002032004,-4.4));
#3321=CARTESIAN_POINT('',(-6.695313690627,0.359001778003999,-4.4));
#3322=CARTESIAN_POINT('',(-6.068313436627,0.986002032003993,-4.4));
#3323=CARTESIAN_POINT('Origin',(-6.695313690627,0.986002032004,-4.4));
#3324=CARTESIAN_POINT('',(-6.695313690627,0.359001778003999,-4.2));
#3325=CARTESIAN_POINT('',(-6.695313690627,0.359001778003999,-4.4));
#3326=CARTESIAN_POINT('',(-6.068313436627,0.986002032003993,-4.2));
#3327=CARTESIAN_POINT('Origin',(-6.695313690627,0.986002032004,-4.2));
#3328=CARTESIAN_POINT('',(-6.068313436627,0.986002032003993,-4.4));
#3329=CARTESIAN_POINT('Origin',(-6.068313436626,58.586116332233,-4.4));
#3330=CARTESIAN_POINT('',(-6.068313436626,58.586116332233,-4.4));
#3331=CARTESIAN_POINT('',(-6.06831343662666,20.2080436847643,-4.4));
#3332=CARTESIAN_POINT('',(-6.068313436626,58.586116332233,-4.2));
#3333=CARTESIAN_POINT('',(-6.06831343662666,20.2080436847643,-4.2));
#3334=CARTESIAN_POINT('',(-6.068313436626,58.586116332233,-4.4));
#3335=CARTESIAN_POINT('Origin',(-6.695313690627,58.586116332233,-4.4));
#3336=CARTESIAN_POINT('',(-6.69531369062698,59.213116586233,-4.4));
#3337=CARTESIAN_POINT('Origin',(-6.695313690627,58.586116332233,-4.4));
#3338=CARTESIAN_POINT('',(-6.69531369062699,59.213116586233,-4.2));
#3339=CARTESIAN_POINT('Origin',(-6.695313690627,58.586116332233,-4.2));
#3340=CARTESIAN_POINT('',(-6.69531369062698,59.213116586233,-4.4));
#3341=CARTESIAN_POINT('Origin',(-49.8954000508,59.213116586234,-4.4));
#3342=CARTESIAN_POINT('',(-49.8954000508,59.213116586234,-4.4));
#3343=CARTESIAN_POINT('',(-22.8743719837417,59.2131165862334,-4.4));
#3344=CARTESIAN_POINT('',(-49.8954000508,59.213116586234,-4.2));
#3345=CARTESIAN_POINT('',(-22.8743719837417,59.2131165862334,-4.2));
#3346=CARTESIAN_POINT('',(-49.8954000508,59.213116586234,-4.4));
#3347=CARTESIAN_POINT('Origin',(-49.8954000508,58.586116332233,-4.4));
#3348=CARTESIAN_POINT('',(-50.5224003048,58.586116332233,-4.4));
#3349=CARTESIAN_POINT('Origin',(-49.8954000508,58.586116332233,-4.4));
#3350=CARTESIAN_POINT('',(-50.5224003048,58.586116332233,-4.2));
#3351=CARTESIAN_POINT('Origin',(-49.8954000508,58.586116332233,-4.2));
#3352=CARTESIAN_POINT('',(-50.5224003048,58.586116332233,-4.4));
#3353=CARTESIAN_POINT('Origin',(-50.522400304801,0.986002032004007,-4.4));
#3354=CARTESIAN_POINT('',(-50.522400304801,0.986002032004008,-4.4));
#3355=CARTESIAN_POINT('',(-50.5224003048004,34.6080722598221,-4.4));
#3356=CARTESIAN_POINT('',(-50.522400304801,0.986002032004008,-4.2));
#3357=CARTESIAN_POINT('',(-50.5224003048004,34.6080722598221,-4.2));
#3358=CARTESIAN_POINT('',(-50.522400304801,0.986002032004008,-4.4));
#3359=CARTESIAN_POINT('Origin',(-49.8954000508,0.986002032004,-4.4));
#3360=CARTESIAN_POINT('',(-49.8954000508,0.359001778004,-4.4));
#3361=CARTESIAN_POINT('Origin',(-49.8954000508,0.986002032004,-4.4));
#3362=CARTESIAN_POINT('',(-49.8954000508,0.359001778004,-4.2));
#3363=CARTESIAN_POINT('Origin',(-49.8954000508,0.986002032004,-4.2));
#3364=CARTESIAN_POINT('',(-49.8954000508,0.359001778004,-4.4));
#3365=CARTESIAN_POINT('Origin',(-6.695313690627,0.359001778003998,-4.4));
#3366=CARTESIAN_POINT('',(-33.6743935737855,0.359001778003998,-4.4));
#3367=CARTESIAN_POINT('',(-33.6743935737855,0.359001778003998,-4.2));
#3368=CARTESIAN_POINT('Origin',(-28.2599568199107,26.2925758125059,-4.2));
#3369=CARTESIAN_POINT('',(-2.42020574041199,62.0851517665729,-4.2));
#3370=CARTESIAN_POINT('',(-2.4202057404115,-9.50000014156103,-4.2));
#3371=CARTESIAN_POINT('',(-2.42020574041117,16.6658262712794,-4.2));
#3372=CARTESIAN_POINT('',(-54.0997078994099,62.0851517665729,-4.2));
#3373=CARTESIAN_POINT('',(-41.1798323596603,62.0851517665729,-4.2));
#3374=CARTESIAN_POINT('',(-54.0997078994099,-9.50000014156103,-4.2));
#3375=CARTESIAN_POINT('',(-54.09970789941,44.7207735552244,-4.2));
#3376=CARTESIAN_POINT('',(-15.3400812801611,-9.50000014156103,-4.2));
#3377=CARTESIAN_POINT('Origin',(-54.0997078994099,62.0851517665729,-3.9));
#3378=CARTESIAN_POINT('',(-2.42020574041198,62.0851517665729,-3.9));
#3379=CARTESIAN_POINT('',(-2.42020574041198,62.0851517665729,-3.9));
#3380=CARTESIAN_POINT('',(-54.0997078994099,62.0851517665729,-3.9));
#3381=CARTESIAN_POINT('',(-41.1909842519652,62.0851517665729,-3.9));
#3382=CARTESIAN_POINT('',(-54.0997078994099,62.0851517665729,-3.9));
#3383=CARTESIAN_POINT('Origin',(-2.420205740411,7.03907673005232,0.));
#3384=CARTESIAN_POINT('',(-2.4202057404115,-9.50000014156103,-3.9));
#3385=CARTESIAN_POINT('',(-2.4202057404115,-9.50000014156103,-3.9));
#3386=CARTESIAN_POINT('',(-2.420205740411,7.03907673005232,-3.9));
#3387=CARTESIAN_POINT('',(-2.42020574041186,44.6730864243078,-3.9));
#3388=CARTESIAN_POINT('',(-2.420205740411,7.03907673005232,3.2));
#3389=CARTESIAN_POINT('',(-2.420205740411,7.03907673005232,0.));
#3390=CARTESIAN_POINT('',(-2.42020574041152,16.1280744221491,3.2));
#3391=CARTESIAN_POINT('',(-2.420205740411,7.03907673005232,3.2));
#3392=CARTESIAN_POINT('',(-2.42020574041152,16.1280744221491,1.330050812717));
#3393=CARTESIAN_POINT('',(-2.42020574041116,16.1280744221491,0.6650254063585));
#3394=CARTESIAN_POINT('',(-2.42020574041152,29.8590744221491,1.330050812717));
#3395=CARTESIAN_POINT('',(-2.42020574041122,19.4490755761007,1.330050812717));
#3396=CARTESIAN_POINT('',(-2.42020574041152,29.8590744221491,3.2));
#3397=CARTESIAN_POINT('',(-2.42020574041152,29.8590744221491,1.330050812717));
#3398=CARTESIAN_POINT('',(-2.42020574041152,30.5000004544854,3.2));
#3399=CARTESIAN_POINT('',(-2.42020574041165,43.4027741357491,3.2));
#3400=CARTESIAN_POINT('',(-2.42020574041152,8.53864584527306,3.2));
#3401=CARTESIAN_POINT('',(-2.42020574041165,43.4027741357491,1.33005081271706));
#3402=CARTESIAN_POINT('',(-2.42020574041165,43.4027741357491,0.66502540635853));
#3403=CARTESIAN_POINT('',(-2.42020574041152,57.1341805328491,1.33005081271706));
#3404=CARTESIAN_POINT('',(-2.42020574041146,33.0866286314507,1.33005081271706));
#3405=CARTESIAN_POINT('',(-2.42020574041152,57.1341805328491,3.2));
#3406=CARTESIAN_POINT('',(-2.42020574041152,57.1341805328491,1.33005081271706));
#3407=CARTESIAN_POINT('',(-2.420205740412,63.144170688341,3.2));
#3408=CARTESIAN_POINT('',(-2.42020574041152,8.53864584527306,3.2));
#3409=CARTESIAN_POINT('',(-2.420205740412,63.144170688341,-3.9));
#3410=CARTESIAN_POINT('',(-2.42020574041201,63.144170688341,0.));
#3411=CARTESIAN_POINT('',(-2.42020574041118,17.1500489060476,-3.9));
#3412=CARTESIAN_POINT('Origin',(-0.920205740411518,57.1341805328491,1.33005081271706));
#3413=CARTESIAN_POINT('',(-0.920205740411518,57.1341805328491,1.33005081271706));
#3414=CARTESIAN_POINT('',(-0.920205740411518,57.1341805328491,3.2));
#3415=CARTESIAN_POINT('',(-0.920205740411518,57.1341805328491,1.33005081271706));
#3416=CARTESIAN_POINT('',(-0.920205740411518,57.1341805328491,3.2));
#3417=CARTESIAN_POINT('',(-0.920205740411518,57.1341805328491,1.33005081271706));
#3418=CARTESIAN_POINT('Origin',(-0.920205740411518,29.8590744221491,1.330050812717));
#3419=CARTESIAN_POINT('',(-0.920205740411518,29.8590744221491,1.330050812717));
#3420=CARTESIAN_POINT('',(-0.920205740411518,29.8590744221491,3.2));
#3421=CARTESIAN_POINT('',(-0.920205740411518,29.8590744221491,1.330050812717));
#3422=CARTESIAN_POINT('',(-0.920205740411518,29.8590744221491,3.2));
#3423=CARTESIAN_POINT('',(-0.920205740411518,29.8590744221491,1.330050812717));
#3424=CARTESIAN_POINT('Origin',(-0.920205740411518,31.8590744221491,1.330050812717));
#3425=CARTESIAN_POINT('',(-0.920205740411518,16.1280744221491,1.330050812717));
#3426=CARTESIAN_POINT('',(-0.920205740411518,16.1280744221491,1.330050812717));
#3427=CARTESIAN_POINT('',(-0.920205740411725,47.501622555245,1.330050812717));
#3428=CARTESIAN_POINT('Origin',(-55.59970789941,48.37107436855,2.2));
#3429=CARTESIAN_POINT('',(-55.59970789941,48.37107436855,2.2));
#3430=CARTESIAN_POINT('',(-55.59970789941,48.37107436855,3.2));
#3431=CARTESIAN_POINT('',(-55.59970789941,48.37107436855,1.1));
#3432=CARTESIAN_POINT('',(-54.09970789941,48.37107436855,2.2));
#3433=CARTESIAN_POINT('',(-55.59970789941,48.37107436855,2.2));
#3434=CARTESIAN_POINT('',(-54.09970789941,48.37107436855,3.2));
#3435=CARTESIAN_POINT('',(-54.09970789941,48.37107436855,1.1));
#3436=CARTESIAN_POINT('',(-41.9409842519652,48.37107436855,3.2));
#3437=CARTESIAN_POINT('Origin',(-55.59970789941,47.37107436855,2.2));
#3438=CARTESIAN_POINT('',(-55.59970789941,47.37107436855,2.2));
#3439=CARTESIAN_POINT('',(-55.59970789941,27.9523968298292,2.2));
#3440=CARTESIAN_POINT('',(-54.09970789941,47.37107436855,2.2));
#3441=CARTESIAN_POINT('',(-55.59970789941,47.37107436855,2.2));
#3442=CARTESIAN_POINT('',(-54.09970789941,55.2600228332465,2.2));
#3443=CARTESIAN_POINT('Origin',(-55.59970789941,47.37107436855,3.2));
#3444=CARTESIAN_POINT('',(-55.59970789941,47.37107436855,3.2));
#3445=CARTESIAN_POINT('',(-55.59970789941,47.37107436855,1.6));
#3446=CARTESIAN_POINT('',(-54.09970789941,47.37107436855,3.2));
#3447=CARTESIAN_POINT('',(-41.9409842519652,47.37107436855,3.2));
#3448=CARTESIAN_POINT('',(-54.09970789941,47.37107436855,1.6));
#3449=CARTESIAN_POINT('Origin',(-55.59970789941,21.591074475748,2.2));
#3450=CARTESIAN_POINT('',(-55.59970789941,21.591074475748,2.2));
#3451=CARTESIAN_POINT('',(-55.59970789941,21.591074475748,3.2));
#3452=CARTESIAN_POINT('',(-55.59970789941,21.591074475748,1.1));
#3453=CARTESIAN_POINT('',(-54.09970789941,21.591074475748,2.2));
#3454=CARTESIAN_POINT('',(-55.59970789941,21.591074475748,2.2));
#3455=CARTESIAN_POINT('',(-54.09970789941,21.591074475748,3.2));
#3456=CARTESIAN_POINT('',(-54.09970789941,21.591074475748,1.1));
#3457=CARTESIAN_POINT('',(-41.9409842519652,21.591074475748,3.2));
#3458=CARTESIAN_POINT('Origin',(-55.59970789941,19.591074475748,2.2));
#3459=CARTESIAN_POINT('',(-55.59970789941,19.591074475748,2.2));
#3460=CARTESIAN_POINT('',(-55.59970789941,14.0623968834282,2.2));
#3461=CARTESIAN_POINT('',(-54.09970789941,19.591074475748,2.2));
#3462=CARTESIAN_POINT('',(-55.59970789941,19.591074475748,2.2));
#3463=CARTESIAN_POINT('',(-54.09970789941,41.3700228868455,2.2));
#3464=CARTESIAN_POINT('Origin',(-55.59970789941,19.591074475748,3.2));
#3465=CARTESIAN_POINT('',(-55.59970789941,19.591074475748,3.2));
#3466=CARTESIAN_POINT('',(-55.59970789941,19.591074475748,1.6));
#3467=CARTESIAN_POINT('',(-54.09970789941,19.591074475748,3.2));
#3468=CARTESIAN_POINT('',(-41.9409842519652,19.591074475748,3.2));
#3469=CARTESIAN_POINT('',(-54.09970789941,19.591074475748,1.6));
#3470=CARTESIAN_POINT('Origin',(-28.2822606045205,27.2610210820425,3.2));
#3471=CARTESIAN_POINT('',(-55.5997078994099,8.53371929110845,3.2));
#3472=CARTESIAN_POINT('',(-55.59970789941,63.148971297943,3.2));
#3473=CARTESIAN_POINT('',(-63.0330274581821,8.53105974549204,3.2));
#3474=CARTESIAN_POINT('',(-55.5997078994099,8.53371929110845,3.2));
#3475=CARTESIAN_POINT('',(-63.0324907776137,7.03105984150077,3.2));
#3476=CARTESIAN_POINT('',(-63.0363759024834,17.8898225282439,3.2));
#3477=CARTESIAN_POINT('',(-54.09970789941,7.03425587570297,3.2));
#3478=CARTESIAN_POINT('',(-54.09970789941,7.03425587570297,3.2));
#3479=CARTESIAN_POINT('',(-54.09970789941,63.148971297943,3.2));
#3480=CARTESIAN_POINT('Origin',(-28.2822606045205,27.2610210820425,3.2));
#3481=CARTESIAN_POINT('',(-54.09970789941,63.148971297943,3.2));
#3482=CARTESIAN_POINT('',(-54.09970789941,63.148971297943,3.2));
#3483=CARTESIAN_POINT('',(-48.8123802463979,68.436281432534,3.2));
#3484=CARTESIAN_POINT('Origin',(-48.81239776479,63.148971297943,3.2));
#3485=CARTESIAN_POINT('',(-42.8385473796205,68.4355837529135,3.2));
#3486=CARTESIAN_POINT('',(-7.70749835663994,68.431480822933,3.2));
#3487=CARTESIAN_POINT('',(-42.8383721956998,69.935583741874,3.2));
#3488=CARTESIAN_POINT('',(-42.8383721956998,69.9355837418749,3.2));
#3489=CARTESIAN_POINT('',(-48.8122926544378,69.9362814317491,3.2));
#3490=CARTESIAN_POINT('',(-7.70741076467892,69.9314808221481,3.2));
#3491=CARTESIAN_POINT('',(-55.59970789941,63.148971297943,3.2));
#3492=CARTESIAN_POINT('Origin',(-48.81239776479,63.148971297943,3.2));
#3493=CARTESIAN_POINT('',(-55.59970789941,63.148971297943,3.2));
#3494=CARTESIAN_POINT('Origin',(-28.2822606045205,27.2610210820425,3.2));
#3495=CARTESIAN_POINT('',(-55.59970789941,63.148971297943,3.2));
#3496=CARTESIAN_POINT('',(-54.09970789941,63.148971297943,3.2));
#3497=CARTESIAN_POINT('Origin',(-55.5997078994099,8.53371929110845,0.));
#3498=CARTESIAN_POINT('',(-55.59970789941,63.148971297943,-3.4));
#3499=CARTESIAN_POINT('',(-55.59970789941,63.148971297943,0.));
#3500=CARTESIAN_POINT('',(-55.5997078994099,8.53371929110845,-3.4));
#3501=CARTESIAN_POINT('',(-55.59970789941,17.8973701865755,-3.4));
#3502=CARTESIAN_POINT('',(-55.5997078994099,8.53371929110845,0.));
#3503=CARTESIAN_POINT('Origin',(-0.920205740411518,16.1280744221491,1.330050812717));
#3504=CARTESIAN_POINT('',(-0.920205740411167,16.1280744221491,3.2));
#3505=CARTESIAN_POINT('',(-14.601233172466,16.1280744221491,3.2));
#3506=CARTESIAN_POINT('',(-0.920205740411167,16.1280744221491,0.6650254063585));
#3507=CARTESIAN_POINT('Origin',(-28.2822606045205,27.2610210820425,3.2));
#3508=CARTESIAN_POINT('',(6.46235780843472,7.03652478917944,3.2));
#3509=CARTESIAN_POINT('',(14.302019304039,7.03427247176115,3.2));
#3510=CARTESIAN_POINT('',(6.46278875510177,8.53652472727451,3.2));
#3511=CARTESIAN_POINT('',(6.46547707416112,17.893781044365,3.2));
#3512=CARTESIAN_POINT('',(-0.920205740411033,8.53864584527305,3.2));
#3513=CARTESIAN_POINT('',(14.3024502507055,8.53427240985613,3.2));
#3514=CARTESIAN_POINT('',(-0.920205740411032,8.53864584527305,3.2));
#3515=CARTESIAN_POINT('Origin',(-28.2822606045205,27.2610210820425,3.2));
#3516=CARTESIAN_POINT('',(-0.920205740411032,8.53864584527305,3.2));
#3517=CARTESIAN_POINT('Origin',(-0.920205740412003,63.144170688341,0.));
#3518=CARTESIAN_POINT('',(-0.920205740411031,8.53864584527305,-3.4));
#3519=CARTESIAN_POINT('',(-0.920205740411031,8.53864584527305,0.));
#3520=CARTESIAN_POINT('',(-0.920205740412003,63.144170688341,-3.4));
#3521=CARTESIAN_POINT('',(-0.920205740411684,45.202595885192,-3.4));
#3522=CARTESIAN_POINT('',(-0.920205740412001,63.144170688341,3.2));
#3523=CARTESIAN_POINT('',(-0.920205740412003,63.144170688341,0.));
#3524=CARTESIAN_POINT('',(-0.920205740411032,8.53864584527305,3.2));
#3525=CARTESIAN_POINT('',(-0.920205740411518,43.4027741357491,1.33005081271706));
#3526=CARTESIAN_POINT('',(-0.920205740411968,61.139175610595,1.33005081271706));
#3527=CARTESIAN_POINT('',(-0.920205740411518,43.4027741357491,3.2));
#3528=CARTESIAN_POINT('',(-0.920205740411652,43.4027741357491,0.66502540635853));
#3529=CARTESIAN_POINT('',(-0.920205740411032,8.53864584527305,3.2));
#3530=CARTESIAN_POINT('Origin',(-40.2854041274779,69.935285582569,2.050063500127));
#3531=CARTESIAN_POINT('',(-37.7326112431767,68.4349874342998,3.2));
#3532=CARTESIAN_POINT('Origin',(-40.2855793113986,68.4352855935948,2.050063500127));
#3533=CARTESIAN_POINT('',(-37.732436059256,69.9349874232639,3.2));
#3534=CARTESIAN_POINT('',(-37.732436059256,69.934987423263,3.2));
#3535=CARTESIAN_POINT('Origin',(-40.2854041274779,69.9352855825661,2.050063500127));
#3536=CARTESIAN_POINT('Origin',(-16.2853587347422,69.9324826345239,2.050063500127));
#3537=CARTESIAN_POINT('',(-18.8385019868848,68.4327808048515,3.2));
#3538=CARTESIAN_POINT('',(-18.8383268029641,69.932780793829,3.2));
#3539=CARTESIAN_POINT('',(-18.8383268029641,69.9327807938298,3.2));
#3540=CARTESIAN_POINT('',(-13.7325658504409,68.4321844862377,3.2));
#3541=CARTESIAN_POINT('Origin',(-16.2855339186629,68.4324826455415,2.050063500127));
#3542=CARTESIAN_POINT('',(-13.7323906665202,69.9321844752188,3.2));
#3543=CARTESIAN_POINT('',(-13.7323906665202,69.932184475218,3.2));
#3544=CARTESIAN_POINT('Origin',(-16.2853587347422,69.9324826345128,2.050063500127));
#3545=CARTESIAN_POINT('Origin',(-28.2822606045205,27.2610210820425,3.2));
#3546=CARTESIAN_POINT('',(-32.8553123954709,68.4344178180708,3.2));
#3547=CARTESIAN_POINT('',(-7.70749835663994,68.431480822933,3.2));
#3548=CARTESIAN_POINT('',(-32.8551372115502,69.9344178070386,3.2));
#3549=CARTESIAN_POINT('',(-32.8576290779974,48.59798676705,3.2));
#3550=CARTESIAN_POINT('',(-7.70741076467892,69.9314808221481,3.2));
#3551=CARTESIAN_POINT('Origin',(-48.8122926544377,69.9362814317491,0.));
#3552=CARTESIAN_POINT('',(-32.8551372115502,69.9344178070388,2.950050728991));
#3553=CARTESIAN_POINT('',(-32.8551372115502,69.9344178070383,1.80502535993439));
#3554=CARTESIAN_POINT('',(-31.5051372465588,69.9342601415131,1.600050746268));
#3555=CARTESIAN_POINT('Ctrl Pts',(-32.8551372115502,69.9344178070388,2.950050728991));
#3556=CARTESIAN_POINT('Ctrl Pts',(-32.8551372115502,69.9344178070388,2.8063743545208));
#3557=CARTESIAN_POINT('Ctrl Pts',(-32.8320077890848,69.9344151057702,2.66272274381552));
#3558=CARTESIAN_POINT('Ctrl Pts',(-32.7869100998888,69.9344098388434,2.52630757251566));
#3559=CARTESIAN_POINT('Ctrl Pts',(-32.6101363941903,69.9343891935694,1.99158803867396));
#3560=CARTESIAN_POINT('Ctrl Pts',(-32.0683192029149,69.934325915129,1.600050746268));
#3561=CARTESIAN_POINT('Ctrl Pts',(-31.5051372465588,69.9342601415131,1.600050746268));
#3562=CARTESIAN_POINT('',(-25.0651374234087,69.9335080185642,1.600050746268));
#3563=CARTESIAN_POINT('',(-40.1587149504983,69.9352707866311,1.60005074626744));
#3564=CARTESIAN_POINT('',(-23.7151374584174,69.9333503530385,2.950050728991));
#3565=CARTESIAN_POINT('Ctrl Pts',(-25.0651374234087,69.9335080185642,1.600050746268));
#3566=CARTESIAN_POINT('Ctrl Pts',(-24.9214610506805,69.9334912387039,1.600050746268));
#3567=CARTESIAN_POINT('Ctrl Pts',(-24.7778094417183,69.9334744617357,1.62318016908713));
#3568=CARTESIAN_POINT('Ctrl Pts',(-24.6413942721131,69.9334585299061,1.66827785895305));
#3569=CARTESIAN_POINT('Ctrl Pts',(-24.1066747449141,69.9333960803968,1.84505156727786));
#3570=CARTESIAN_POINT('Ctrl Pts',(-23.7151374584174,69.9333503530385,2.3868687658068));
#3571=CARTESIAN_POINT('Ctrl Pts',(-23.7151374584174,69.9333503530385,2.950050728991));
#3572=CARTESIAN_POINT('',(-23.7151374584174,69.9333503530387,3.2));
#3573=CARTESIAN_POINT('',(-23.7151374584174,69.9333503530389,1.47502536449542));
#3574=CARTESIAN_POINT('',(-7.70741076467892,69.9314808221481,3.2));
#3575=CARTESIAN_POINT('',(-7.70741076467893,69.9314808221481,3.2));
#3576=CARTESIAN_POINT('',(-7.70741076467892,69.9314808221481,3.2));
#3577=CARTESIAN_POINT('',(-7.70741076467892,69.9314808221481,-3.4));
#3578=CARTESIAN_POINT('',(-7.70741076467892,69.9314808221481,0.));
#3579=CARTESIAN_POINT('',(-48.8122926544378,69.9362814317491,-3.4));
#3580=CARTESIAN_POINT('',(-38.5447847630391,69.9350822968849,-3.4));
#3581=CARTESIAN_POINT('',(-48.8122926544378,69.9362814317491,0.));
#3582=CARTESIAN_POINT('Origin',(-28.2822606045205,27.2610210820425,3.2));
#3583=CARTESIAN_POINT('',(-7.70749835663993,68.431480822933,3.2));
#3584=CARTESIAN_POINT('',(-7.70749835663994,68.431480822933,3.2));
#3585=CARTESIAN_POINT('Origin',(-7.7075158750331,63.1441706883409,3.2));
#3586=CARTESIAN_POINT('Origin',(-7.7075158750331,63.1441706883409,3.2));
#3587=CARTESIAN_POINT('Origin',(-17.4887871475734,59.4631165862333,-4.65));
#3588=CARTESIAN_POINT('',(-49.8954000508,60.213116586234,-5.4));
#3589=CARTESIAN_POINT('',(-49.8954000508,58.713116586234,-3.9));
#3590=CARTESIAN_POINT('',(-6.69531369062696,60.213116586233,-5.4));
#3591=CARTESIAN_POINT('',(-17.4887871475733,60.2131165862333,-5.4));
#3592=CARTESIAN_POINT('',(-6.69531369062696,60.213116586233,-5.4));
#3593=CARTESIAN_POINT('Origin',(-49.8954000508,58.586116332233,-4.65));
#3594=CARTESIAN_POINT('',(-51.5224003048,58.586116332233,-5.4));
#3595=CARTESIAN_POINT('',(-50.0224003048,58.586116332233,-3.9));
#3596=CARTESIAN_POINT('Origin',(-49.8954000508,58.586116332233,-5.4));
#3597=CARTESIAN_POINT('Origin',(-50.7724003048003,42.923568707138,-4.65));
#3598=CARTESIAN_POINT('',(-51.522400304801,0.986002032004025,-5.4));
#3599=CARTESIAN_POINT('',(-50.022400304801,0.986002032004,-3.9));
#3600=CARTESIAN_POINT('',(-51.5224003048003,42.923568707138,-5.4));
#3601=CARTESIAN_POINT('Origin',(-49.8954000508,0.986002032004,-4.65));
#3602=CARTESIAN_POINT('',(-49.8954000508,-0.640998221995999,-5.4));
#3603=CARTESIAN_POINT('',(-49.8954000508,0.859001778004,-3.9));
#3604=CARTESIAN_POINT('Origin',(-49.8954000508,0.986002032004,-5.4));
#3605=CARTESIAN_POINT('Origin',(-2.4202057404115,-9.50000014156103,-3.9));
#3606=CARTESIAN_POINT('',(-54.0997078994099,-9.50000014156103,-3.9));
#3607=CARTESIAN_POINT('',(-54.0997078994099,-9.50000014156103,-3.9));
#3608=CARTESIAN_POINT('',(-15.351233172466,-9.50000014156103,-3.9));
#3609=CARTESIAN_POINT('Origin',(-28.2822606045205,27.2610210820425,-3.9));
#3610=CARTESIAN_POINT('',(-54.09970789941,7.03425587570297,-3.9));
#3611=CARTESIAN_POINT('',(-54.0997078994099,8.88051047024073,-3.9));
#3612=CARTESIAN_POINT('',(-70.86654051308,7.0282569198091,-3.9));
#3613=CARTESIAN_POINT('',(-41.1873674673772,7.03887574413747,-3.9));
#3614=CARTESIAN_POINT('',(-70.86654051308,-8.626929133858,-3.9));
#3615=CARTESIAN_POINT('',(-70.86654051308,17.1446390009258,-3.9));
#3616=CARTESIAN_POINT('',(-65.5792303784595,-13.91423926847,-3.9));
#3617=CARTESIAN_POINT('Origin',(-65.579230378468,-8.626929133858,-3.9));
#3618=CARTESIAN_POINT('',(9.01470916941797,-13.914239268478,-3.9));
#3619=CARTESIAN_POINT('',(-46.9307454914922,-13.914239268472,-3.9));
#3620=CARTESIAN_POINT('',(14.302019304039,-8.62692913385803,-3.9));
#3621=CARTESIAN_POINT('Origin',(9.01470916941854,-8.62692913385754,-3.9));
#3622=CARTESIAN_POINT('',(14.302019304039,7.03427247176115,-3.9));
#3623=CARTESIAN_POINT('',(14.302019304039,9.31704597409223,-3.9));
#3624=CARTESIAN_POINT('',(-6.9930244426299,7.04039049075736,-3.9));
#3625=CARTESIAN_POINT('',(5.258514097028,-10.15162052324,-3.9));
#3626=CARTESIAN_POINT('Origin',(7.508514097028,-10.15162052324,-3.9));
#3627=CARTESIAN_POINT('',(-66.35462788925,-10.15162052324,-3.9));
#3628=CARTESIAN_POINT('Origin',(-64.10462788925,-10.15162052324,-3.9));
#3629=CARTESIAN_POINT('Origin',(-39.0888303276602,0.109001778004,-4.65));
#3630=CARTESIAN_POINT('',(-6.695313690627,-0.640998221996001,-5.4));
#3631=CARTESIAN_POINT('',(-6.695313690627,0.859001778004,-3.9));
#3632=CARTESIAN_POINT('',(-39.0888303276602,-0.640998221996001,-5.4));
#3633=CARTESIAN_POINT('Origin',(-6.695313690627,0.986002032004,-4.65));
#3634=CARTESIAN_POINT('',(-5.068313436627,0.986002032003981,-5.4));
#3635=CARTESIAN_POINT('',(-6.568313436627,0.986002032003999,-3.9));
#3636=CARTESIAN_POINT('Origin',(-6.695313690627,0.986002032004,-5.4));
#3637=CARTESIAN_POINT('Origin',(-5.81831343662677,14.123511557023,-4.65));
#3638=CARTESIAN_POINT('',(-5.068313436626,58.586116332233,-5.4));
#3639=CARTESIAN_POINT('',(-6.568313436626,58.586116332233,-3.9));
#3640=CARTESIAN_POINT('',(-5.06831343662677,14.123511557023,-5.4));
#3641=CARTESIAN_POINT('Origin',(-6.695313690627,58.586116332233,-4.65));
#3642=CARTESIAN_POINT('Origin',(-6.695313690627,58.586116332233,-5.4));
#3643=CARTESIAN_POINT('Origin',(7.508514097028,-10.15162052324,-0.1));
#3644=CARTESIAN_POINT('',(5.258514097028,-10.15162052324,-0.1));
#3645=CARTESIAN_POINT('Origin',(7.508514097028,-10.15162052324,-0.1));
#3646=CARTESIAN_POINT('',(8.508514097028,-10.15162052324,-0.1));
#3647=CARTESIAN_POINT('Origin',(7.508514097028,-10.15162052324,-0.1));
#3648=CARTESIAN_POINT('Origin',(-50.3124003048,64.661927863856,-0.1));
#3649=CARTESIAN_POINT('',(-52.5624003048,64.661927863856,-0.1));
#3650=CARTESIAN_POINT('Origin',(-50.3124003048,64.661927863856,-0.1));
#3651=CARTESIAN_POINT('',(-49.3124003048,64.661927863856,-0.1));
#3652=CARTESIAN_POINT('Origin',(-50.3124003048,64.661927863856,-0.1));
#3653=CARTESIAN_POINT('Origin',(-6.182113284227,64.636527813056,-0.1));
#3654=CARTESIAN_POINT('',(-8.432113284227,64.636527813056,-0.1));
#3655=CARTESIAN_POINT('Origin',(-6.182113284227,64.636527813056,-0.1));
#3656=CARTESIAN_POINT('',(-5.182113284227,64.636527813056,-0.1));
#3657=CARTESIAN_POINT('Origin',(-6.182113284227,64.636527813056,-0.1));
#3658=CARTESIAN_POINT('Origin',(-64.10462788925,-10.15162052324,-0.1));
#3659=CARTESIAN_POINT('',(-66.35462788925,-10.15162052324,-0.1));
#3660=CARTESIAN_POINT('Origin',(-64.10462788925,-10.15162052324,-0.1));
#3661=CARTESIAN_POINT('',(-63.10462788925,-10.15162052324,-0.1));
#3662=CARTESIAN_POINT('Origin',(-64.10462788925,-10.15162052324,-0.1));
#3663=CARTESIAN_POINT('Origin',(-32.9653925472363,-15.414239268474,0.55));
#3664=CARTESIAN_POINT('',(-59.1653923143183,-13.9142392684707,0.55));
#3665=CARTESIAN_POINT('',(-32.9653925472363,-13.9142392684735,0.55));
#3666=CARTESIAN_POINT('',(-49.2723114628478,-13.9142392684717,0.55));
#3667=CARTESIAN_POINT('',(-59.1653923143183,-15.414239268474,0.55));
#3668=CARTESIAN_POINT('',(-59.1653923143183,-15.414239268474,0.55));
#3669=CARTESIAN_POINT('',(-32.9653925472363,-15.414239268474,0.55));
#3670=CARTESIAN_POINT('',(-11.9753416889092,-15.4142392684758,0.55));
#3671=CARTESIAN_POINT('',(-32.9653925472363,-15.414239268474,0.55));
#3672=CARTESIAN_POINT('Origin',(-32.9653925472363,-15.414239268474,3.69));
#3673=CARTESIAN_POINT('',(-32.9653925472363,-13.9142392684735,3.2));
#3674=CARTESIAN_POINT('',(-32.9653925472363,-13.9142392684735,1.845));
#3675=CARTESIAN_POINT('',(-32.9653925472363,-15.414239268474,3.2));
#3676=CARTESIAN_POINT('',(-32.9653925472363,-15.4142392684735,1.845));
#3677=CARTESIAN_POINT('',(-32.9653925472363,5.92339090678425,3.2));
#3678=CARTESIAN_POINT('Origin',(-59.1653923143183,-15.414239268474,0.55));
#3679=CARTESIAN_POINT('',(-59.1653923143183,-13.9142392684707,3.2));
#3680=CARTESIAN_POINT('',(-59.1653923143183,-13.9142392684707,0.275));
#3681=CARTESIAN_POINT('',(-59.1653923143183,-15.414239268474,3.2));
#3682=CARTESIAN_POINT('',(-59.1653923143183,5.92339090678425,3.2));
#3683=CARTESIAN_POINT('',(-59.1653923143183,-15.4142392684707,0.275));
#3684=CARTESIAN_POINT('Origin',(2.59467884194774,-15.414239268474,3.69));
#3685=CARTESIAN_POINT('',(2.59467884194774,-13.9142392684773,0.55));
#3686=CARTESIAN_POINT('',(2.59467884194774,-13.9142392684773,3.2));
#3687=CARTESIAN_POINT('',(2.59467884194774,-13.9142392684773,1.845));
#3688=CARTESIAN_POINT('',(2.59467884194774,-15.414239268474,0.55));
#3689=CARTESIAN_POINT('',(2.59467884194774,-15.414239268474,0.55));
#3690=CARTESIAN_POINT('',(2.59467884194774,-15.414239268474,3.2));
#3691=CARTESIAN_POINT('',(2.59467884194774,-15.4142392684773,1.845));
#3692=CARTESIAN_POINT('',(2.59467884194774,5.92339090678425,3.2));
#3693=CARTESIAN_POINT('Origin',(2.59467884194774,-15.414239268474,0.55));
#3694=CARTESIAN_POINT('',(-18.5253113032003,-13.914239268475,0.55));
#3695=CARTESIAN_POINT('',(-31.4922757682558,-13.9142392684737,0.55));
#3696=CARTESIAN_POINT('',(-18.5253113032003,-15.414239268474,0.55));
#3697=CARTESIAN_POINT('',(-18.5253113032003,-15.414239268474,0.55));
#3698=CARTESIAN_POINT('',(5.80469400568278,-15.4142392684777,0.55));
#3699=CARTESIAN_POINT('Origin',(-18.5253113032003,-15.414239268474,0.55));
#3700=CARTESIAN_POINT('',(-18.5253113032003,-13.914239268475,3.2));
#3701=CARTESIAN_POINT('',(-18.5253113032003,-13.914239268475,0.275));
#3702=CARTESIAN_POINT('',(-18.5253113032003,-15.414239268474,3.2));
#3703=CARTESIAN_POINT('',(-18.5253113032003,5.92339090678425,3.2));
#3704=CARTESIAN_POINT('',(-18.5253113032003,-15.414239268475,0.275));
#3705=CARTESIAN_POINT('Origin',(-65.5792303784595,-13.91423926847,0.));
#3706=CARTESIAN_POINT('',(-65.5792303784595,-13.91423926847,3.2));
#3707=CARTESIAN_POINT('',(9.01470916941797,-13.914239268478,3.2));
#3708=CARTESIAN_POINT('',(-65.5792303784595,-13.91423926847,3.2));
#3709=CARTESIAN_POINT('',(9.01470916941797,-13.914239268478,0.));
#3710=CARTESIAN_POINT('',(-65.5792303784595,-13.91423926847,3.2));
#3711=CARTESIAN_POINT('',(-65.5792303784595,-13.91423926847,0.));
#3712=CARTESIAN_POINT('',(-65.5792303784595,-13.91423926847,3.2));
#3713=CARTESIAN_POINT('Origin',(-28.2822606045205,27.2610210820425,3.2));
#3714=CARTESIAN_POINT('',(9.01470916941781,-15.414239268478,3.2));
#3715=CARTESIAN_POINT('',(-65.5792303784602,-15.41423926847,3.2));
#3716=CARTESIAN_POINT('',(15.802019304039,-8.626929133858,3.2));
#3717=CARTESIAN_POINT('Origin',(9.01470916941854,-8.62692913385754,3.2));
#3718=CARTESIAN_POINT('',(15.802019304039,7.03427247176115,3.2));
#3719=CARTESIAN_POINT('',(15.802019304039,-8.626929133858,3.2));
#3720=CARTESIAN_POINT('',(14.3024502507055,8.53427240985614,3.2));
#3721=CARTESIAN_POINT('Origin',(14.302019304039,7.03427247176114,3.2));
#3722=CARTESIAN_POINT('',(11.9627885281167,8.53494458949286,3.2));
#3723=CARTESIAN_POINT('',(14.3024502507055,8.53427240985613,3.2));
#3724=CARTESIAN_POINT('',(11.9623575814497,7.03494465140228,3.2));
#3725=CARTESIAN_POINT('',(11.9654768471761,17.8922009065846,3.2));
#3726=CARTESIAN_POINT('',(14.302019304039,7.03427247176115,3.2));
#3727=CARTESIAN_POINT('',(14.302019304039,7.03427247176115,3.2));
#3728=CARTESIAN_POINT('',(14.302019304039,-8.62692913385803,3.2));
#3729=CARTESIAN_POINT('',(14.302019304039,-8.62692913385803,3.2));
#3730=CARTESIAN_POINT('Origin',(9.01470916941854,-8.62692913385754,3.2));
#3731=CARTESIAN_POINT('Origin',(-28.2822606045205,27.2610210820425,3.2));
#3732=CARTESIAN_POINT('',(-65.5792303784602,-15.41423926847,3.2));
#3733=CARTESIAN_POINT('Ctrl Pts',(-70.8670771936488,8.52825682380042,-3.39999999999996));
#3734=CARTESIAN_POINT('Ctrl Pts',(-70.8670771936488,8.52825682380043,-3.69919930034184));
#3735=CARTESIAN_POINT('Ctrl Pts',(-70.8328282719198,8.39142027012894,-4.29654361475607));
#3736=CARTESIAN_POINT('Ctrl Pts',(-70.6653801363728,7.72240575433554,-5.13776625824535));
#3737=CARTESIAN_POINT('Ctrl Pts',(-70.4788606815462,6.97719457387528,-5.40000000000001));
#3738=CARTESIAN_POINT('Ctrl Pts',(-70.36654051308,6.52843578134055,-5.4));
#3739=CARTESIAN_POINT('Ctrl Pts',(-71.31577389057,8.52809628592446,-3.39999999999996));
#3740=CARTESIAN_POINT('Ctrl Pts',(-71.31577389057,8.52809628592446,-3.76732849793394));
#3741=CARTESIAN_POINT('Ctrl Pts',(-71.2021670932358,8.31552667551297,-4.48212537572131));
#3742=CARTESIAN_POINT('Ctrl Pts',(-70.8348131856462,7.55318904427256,-5.22745466516114));
#3743=CARTESIAN_POINT('Ctrl Pts',(-70.5429518781265,6.91308044219141,-5.40000000000001));
#3744=CARTESIAN_POINT('Ctrl Pts',(-70.36654051308,6.52843578134055,-5.4));
#3745=CARTESIAN_POINT('Ctrl Pts',(-72.0925548460988,8.15151259712264,-3.39999999999997));
#3746=CARTESIAN_POINT('Ctrl Pts',(-72.0925548460988,8.15151259712265,-3.82586316888372));
#3747=CARTESIAN_POINT('Ctrl Pts',(-71.8463081540469,7.91925277088317,-4.63811453339123));
#3748=CARTESIAN_POINT('Ctrl Pts',(-71.1355173070863,7.2538464075213,-5.29342030797021));
#3749=CARTESIAN_POINT('Ctrl Pts',(-70.655111472142,6.80088071174463,-5.4));
#3750=CARTESIAN_POINT('Ctrl Pts',(-70.36654051308,6.52843578134055,-5.4));
#3751=CARTESIAN_POINT('Ctrl Pts',(-72.36654051308,7.3647794640394,-3.39999999999999));
#3752=CARTESIAN_POINT('Ctrl Pts',(-72.36654051308,7.3647794640394,-3.74957198501127));
#3753=CARTESIAN_POINT('Ctrl Pts',(-72.173233019204,7.27142691909678,-4.43444372393145));
#3754=CARTESIAN_POINT('Ctrl Pts',(-71.4351082990611,6.95523398201694,-5.20536920223819));
#3755=CARTESIAN_POINT('Ctrl Pts',(-70.7672710661576,6.68868098129786,-5.4));
#3756=CARTESIAN_POINT('Ctrl Pts',(-70.36654051308,6.52843578134055,-5.4));
#3757=CARTESIAN_POINT('Ctrl Pts',(-72.36654051308,7.0282569198091,-3.4));
#3758=CARTESIAN_POINT('Ctrl Pts',(-72.36654051308,7.0282569198091,-3.69919930034188));
#3759=CARTESIAN_POINT('Ctrl Pts',(-72.2296917143463,6.99405695861854,-4.29654361475609));
#3760=CARTESIAN_POINT('Ctrl Pts',(-71.5606173306,6.82684819851643,-5.13776625824536));
#3761=CARTESIAN_POINT('Ctrl Pts',(-70.8153394635928,6.64059538253495,-5.4));
#3762=CARTESIAN_POINT('Ctrl Pts',(-70.36654051308,6.52843578134055,-5.4));
#3763=CARTESIAN_POINT('',(-70.8670771936488,8.52825682380042,-3.4));
#3764=CARTESIAN_POINT('',(-70.36654051308,6.5284357813406,-5.4));
#3765=CARTESIAN_POINT('Origin',(-70.36654051308,6.5284357813406,-3.4));
#3766=CARTESIAN_POINT('',(-72.36654051308,7.0282569198091,-3.4));
#3767=CARTESIAN_POINT('Origin',(-70.36654051308,6.5284357813406,-3.4));
#3768=CARTESIAN_POINT('Origin',(-70.86654051308,7.0282569198091,-3.4));
#3769=CARTESIAN_POINT('Ctrl Pts',(15.802019304039,7.03427247176114,-3.4));
#3770=CARTESIAN_POINT('Ctrl Pts',(15.802019304039,7.03427247176114,-3.69919930034188));
#3771=CARTESIAN_POINT('Ctrl Pts',(15.6984400002028,7.00838508425967,-4.14601564467526));
#3772=CARTESIAN_POINT('Ctrl Pts',(15.1401465536306,6.8688518159747,-5.04310076808229));
#3773=CARTESIAN_POINT('Ctrl Pts',(14.4004179047228,6.68397277671701,-5.4));
#3774=CARTESIAN_POINT('Ctrl Pts',(13.802019304039,6.5344161000209,-5.4));
#3775=CARTESIAN_POINT('Ctrl Pts',(15.802019304039,7.4829893371935,-3.4));
#3776=CARTESIAN_POINT('Ctrl Pts',(15.802019304039,7.4829893371935,-3.76733645417803));
#3777=CARTESIAN_POINT('Ctrl Pts',(15.6478434210999,7.40096878942381,-4.30392344154521));
#3778=CARTESIAN_POINT('Ctrl Pts',(14.9690783812092,7.06794992534052,-5.17324380363105));
#3779=CARTESIAN_POINT('Ctrl Pts',(14.3149569501377,6.76945828757242,-5.4));
#3780=CARTESIAN_POINT('Ctrl Pts',(13.802019304039,6.5344161000209,-5.4));
#3781=CARTESIAN_POINT('Ctrl Pts',(15.4260334628473,8.26023459400799,-3.4));
#3782=CARTESIAN_POINT('Ctrl Pts',(15.4260334628473,8.26023459400799,-3.82587866995303));
#3783=CARTESIAN_POINT('Ctrl Pts',(15.2588617669831,8.08331320280341,-4.43969508570953));
#3784=CARTESIAN_POINT('Ctrl Pts',(14.6379785071578,7.42095700063249,-5.2738842830431));
#3785=CARTESIAN_POINT('Ctrl Pts',(14.1654002796138,6.91905793156939,-5.4));
#3786=CARTESIAN_POINT('Ctrl Pts',(13.802019304039,6.5344161000209,-5.4));
#3787=CARTESIAN_POINT('Ctrl Pts',(14.6389878858909,8.53417572333744,-3.4));
#3788=CARTESIAN_POINT('Ctrl Pts',(14.6389878858909,8.53417572333744,-3.74957779865965));
#3789=CARTESIAN_POINT('Ctrl Pts',(14.5708603030345,8.39255705271778,-4.26356501902263));
#3790=CARTESIAN_POINT('Ctrl Pts',(14.2874156501234,7.74548450939805,-5.14094752255449));
#3791=CARTESIAN_POINT('Ctrl Pts',(14.0158436090899,7.06865757556636,-5.4));
#3792=CARTESIAN_POINT('Ctrl Pts',(13.802019304039,6.5344161000209,-5.4));
#3793=CARTESIAN_POINT('Ctrl Pts',(14.3024502507055,8.53427240985612,-3.4));
#3794=CARTESIAN_POINT('Ctrl Pts',(14.3024502507055,8.53427240985612,-3.69919930034188));
#3795=CARTESIAN_POINT('Ctrl Pts',(14.2765331061686,8.43070054768354,-4.14601564467528));
#3796=CARTESIAN_POINT('Ctrl Pts',(14.1368394471757,7.87244721175,-5.04310076808229));
#3797=CARTESIAN_POINT('Ctrl Pts',(13.9517478931511,7.13277170870791,-5.4));
#3798=CARTESIAN_POINT('Ctrl Pts',(13.802019304039,6.5344161000209,-5.4));
#3799=CARTESIAN_POINT('',(15.802019304039,7.03427247176114,-3.4));
#3800=CARTESIAN_POINT('',(13.802019304039,6.53441610002091,-5.4));
#3801=CARTESIAN_POINT('Origin',(13.802019304039,6.5344161000209,-3.4));
#3802=CARTESIAN_POINT('',(14.3024502507055,8.53427240985613,-3.4));
#3803=CARTESIAN_POINT('Origin',(13.802019304039,6.5344161000209,-3.4));
#3804=CARTESIAN_POINT('Origin',(14.302019304039,7.03427247176114,-3.4));
#3805=CARTESIAN_POINT('Origin',(-14.604496087077,6.54257722910082,-3.4));
#3806=CARTESIAN_POINT('',(-2.920205740411,6.53922035831207,-5.4));
#3807=CARTESIAN_POINT('',(-14.604496087077,6.54257722910082,-5.4));
#3808=CARTESIAN_POINT('Origin',(-2.92020574041099,6.53922035831208,-3.4));
#3809=CARTESIAN_POINT('',(-14.6039214915217,8.5425771465608,-3.4));
#3810=CARTESIAN_POINT('Origin',(-53.59970789941,17.8973701865755,-3.4));
#3811=CARTESIAN_POINT('',(-53.59970789941,63.148971297943,-5.4));
#3812=CARTESIAN_POINT('Origin',(-53.59970789941,63.148971297943,-3.4));
#3813=CARTESIAN_POINT('',(-53.5997078994099,6.53443473723446,-5.4));
#3814=CARTESIAN_POINT('',(-53.59970789941,17.8973701865755,-5.4));
#3815=CARTESIAN_POINT('Origin',(-53.5997078994099,6.53443473723446,-3.4));
#3816=CARTESIAN_POINT('Origin',(-48.81239776479,63.148971297943,-3.4));
#3817=CARTESIAN_POINT('',(-48.812323627047,67.9362814319889,-5.4));
#3818=CARTESIAN_POINT('Origin',(-48.812323627047,67.9362814319889,-3.4));
#3819=CARTESIAN_POINT('Origin',(-48.81239776479,63.148971297943,-5.4));
#3820=CARTESIAN_POINT('Origin',(-48.81239776479,63.148971297943,-3.4));
#3821=CARTESIAN_POINT('Origin',(-38.5450183415995,67.9350823105247,-3.4));
#3822=CARTESIAN_POINT('',(-7.70764434323931,67.9314808357879,-5.4));
#3823=CARTESIAN_POINT('Origin',(-7.70764434323931,67.9314808357879,-3.4));
#3824=CARTESIAN_POINT('',(-38.5450183415995,67.9350823105247,-5.4));
#3825=CARTESIAN_POINT('Origin',(-7.7075158750331,63.1441706883409,-3.4));
#3826=CARTESIAN_POINT('',(-2.920205740412,63.144170688341,-5.4));
#3827=CARTESIAN_POINT('Origin',(-2.920205740412,63.144170688341,-3.4));
#3828=CARTESIAN_POINT('Origin',(-7.7075158750331,63.1441706883409,-5.4));
#3829=CARTESIAN_POINT('Origin',(-7.7075158750331,63.1441706883409,-3.4));
#3830=CARTESIAN_POINT('Origin',(-2.92020574041168,45.202595885192,-3.4));
#3831=CARTESIAN_POINT('',(-2.92020574041168,45.202595885192,-5.4));
#3832=CARTESIAN_POINT('Origin',(-49.5706048806893,6.53587629819341,-3.4));
#3833=CARTESIAN_POINT('',(-49.5713204547811,8.53587617018184,-3.4));
#3834=CARTESIAN_POINT('',(-49.5706048806893,6.53587629819341,-5.4));
#3835=CARTESIAN_POINT('Origin',(13.802019304039,17.1476467769018,-3.4));
#3836=CARTESIAN_POINT('',(15.802019304039,-8.626929133858,-3.4));
#3837=CARTESIAN_POINT('',(15.802019304039,17.1476467769018,-3.4));
#3838=CARTESIAN_POINT('',(13.802019304039,-8.626929133858,-5.4));
#3839=CARTESIAN_POINT('Origin',(13.802019304039,-8.626929133858,-3.4));
#3840=CARTESIAN_POINT('',(13.802019304039,17.1476467769018,-5.4));
#3841=CARTESIAN_POINT('Origin',(9.01470916941854,-8.62692913385754,-3.4));
#3842=CARTESIAN_POINT('',(9.01470916941781,-15.414239268478,-3.4));
#3843=CARTESIAN_POINT('',(9.01470916941802,-13.414239268478,-5.4));
#3844=CARTESIAN_POINT('Origin',(9.01470916941802,-13.414239268478,-3.4));
#3845=CARTESIAN_POINT('Origin',(9.01470916941854,-8.62692913385754,-5.4));
#3846=CARTESIAN_POINT('Origin',(9.01470916941854,-8.62692913385754,-3.4));
#3847=CARTESIAN_POINT('Origin',(-9.63377571755342,-13.414239268476,-3.4));
#3848=CARTESIAN_POINT('',(-65.5792303784602,-15.41423926847,-3.4));
#3849=CARTESIAN_POINT('',(-65.57923037846,-13.41423926847,-5.4));
#3850=CARTESIAN_POINT('Origin',(-65.57923037846,-13.41423926847,-3.4));
#3851=CARTESIAN_POINT('',(-9.63377571755342,-13.414239268476,-5.4));
#3852=CARTESIAN_POINT('',(-9.63377571755363,-15.414239268476,-3.4));
#3853=CARTESIAN_POINT('Origin',(-65.579230378468,-8.626929133858,-3.4));
#3854=CARTESIAN_POINT('',(-72.36654051308,-8.626929133858,-3.4));
#3855=CARTESIAN_POINT('',(-70.36654051308,-8.626929133858,-5.4));
#3856=CARTESIAN_POINT('Origin',(-70.36654051308,-8.626929133858,-3.4));
#3857=CARTESIAN_POINT('Origin',(-65.579230378468,-8.626929133858,-5.4));
#3858=CARTESIAN_POINT('Origin',(-65.579230378468,-8.626929133858,-3.4));
#3859=CARTESIAN_POINT('Origin',(-70.36654051308,9.31704597409223,-3.4));
#3860=CARTESIAN_POINT('',(-70.36654051308,9.31704597409223,-5.4));
#3861=CARTESIAN_POINT('',(-72.36654051308,9.31704597409223,-3.4));
#3862=CARTESIAN_POINT('Origin',(14.302019304039,7.03427247176114,0.));
#3863=CARTESIAN_POINT('',(14.3024502507055,8.53427240985613,0.));
#3864=CARTESIAN_POINT('',(15.802019304039,7.03427247176115,0.));
#3865=CARTESIAN_POINT('Origin',(-0.920205740411031,8.53864584527305,0.));
#3866=CARTESIAN_POINT('',(6.46278875510177,8.53652472727205,-0.450012700025));
#3867=CARTESIAN_POINT('',(6.46278875510177,8.53652472727443,1.6));
#3868=CARTESIAN_POINT('',(11.9627885281167,8.53494458949286,-0.450012700025));
#3869=CARTESIAN_POINT('Origin',(9.21278864160925,8.53573465838212,-0.450012700025));
#3870=CARTESIAN_POINT('',(11.9627885281167,8.53494458949726,-0.2250063500125));
#3871=CARTESIAN_POINT('Origin',(-7.7075158750331,63.1441706883409,0.));
#3872=CARTESIAN_POINT('Origin',(-48.81239776479,63.148971297943,0.));
#3873=CARTESIAN_POINT('Origin',(-28.2822606045205,27.2610210820425,-5.4));
#3874=CARTESIAN_POINT('',(-4.582113284227,64.636527813056,-5.4));
#3875=CARTESIAN_POINT('Origin',(-6.182113284227,64.636527813056,-5.4));
#3876=CARTESIAN_POINT('',(-62.50462788925,-10.15162052324,-5.4));
#3877=CARTESIAN_POINT('Origin',(-64.10462788925,-10.15162052324,-5.4));
#3878=CARTESIAN_POINT('',(-48.7124003048,64.661927863856,-5.4));
#3879=CARTESIAN_POINT('Origin',(-50.3124003048,64.661927863856,-5.4));
#3880=CARTESIAN_POINT('',(9.108514097028,-10.15162052324,-5.4));
#3881=CARTESIAN_POINT('Origin',(7.508514097028,-10.15162052324,-5.4));
#3882=CARTESIAN_POINT('Origin',(-6.182113284227,64.636527813056,-4.4));
#3883=CARTESIAN_POINT('',(-4.582113284227,64.636527813056,-4.4));
#3884=CARTESIAN_POINT('Origin',(-6.182113284227,64.636527813056,-4.4));
#3885=CARTESIAN_POINT('',(-5.182113284227,64.636527813056,-4.4));
#3886=CARTESIAN_POINT('Origin',(-6.182113284227,64.636527813056,-4.4));
#3887=CARTESIAN_POINT('Origin',(-6.182113284227,64.636527813056,-4.9));
#3888=CARTESIAN_POINT('',(-4.582113284227,64.636527813056,-4.9));
#3889=CARTESIAN_POINT('Origin',(-6.182113284227,64.636527813056,-2.4));
#3890=CARTESIAN_POINT('',(-5.182113284227,64.636527813056,-2.4));
#3891=CARTESIAN_POINT('Origin',(-64.10462788925,-10.15162052324,-4.4));
#3892=CARTESIAN_POINT('',(-62.50462788925,-10.15162052324,-4.4));
#3893=CARTESIAN_POINT('Origin',(-64.10462788925,-10.15162052324,-4.4));
#3894=CARTESIAN_POINT('',(-63.10462788925,-10.15162052324,-4.4));
#3895=CARTESIAN_POINT('Origin',(-64.10462788925,-10.15162052324,-4.4));
#3896=CARTESIAN_POINT('Origin',(-64.10462788925,-10.15162052324,-4.9));
#3897=CARTESIAN_POINT('',(-62.50462788925,-10.15162052324,-4.9));
#3898=CARTESIAN_POINT('Origin',(-64.10462788925,-10.15162052324,-2.4));
#3899=CARTESIAN_POINT('',(-63.10462788925,-10.15162052324,-2.4));
#3900=CARTESIAN_POINT('Origin',(-50.3124003048,64.661927863856,-4.4));
#3901=CARTESIAN_POINT('',(-48.7124003048,64.661927863856,-4.4));
#3902=CARTESIAN_POINT('Origin',(-50.3124003048,64.661927863856,-4.4));
#3903=CARTESIAN_POINT('',(-49.3124003048,64.661927863856,-4.4));
#3904=CARTESIAN_POINT('Origin',(-50.3124003048,64.661927863856,-4.4));
#3905=CARTESIAN_POINT('Origin',(-50.3124003048,64.661927863856,-4.9));
#3906=CARTESIAN_POINT('',(-48.7124003048,64.661927863856,-4.9));
#3907=CARTESIAN_POINT('Origin',(-50.3124003048,64.661927863856,-2.4));
#3908=CARTESIAN_POINT('',(-49.3124003048,64.661927863856,-2.4));
#3909=CARTESIAN_POINT('Origin',(7.508514097028,-10.15162052324,-4.4));
#3910=CARTESIAN_POINT('',(9.108514097028,-10.15162052324,-4.4));
#3911=CARTESIAN_POINT('Origin',(7.508514097028,-10.15162052324,-4.4));
#3912=CARTESIAN_POINT('',(8.508514097028,-10.15162052324,-4.4));
#3913=CARTESIAN_POINT('Origin',(7.508514097028,-10.15162052324,-4.4));
#3914=CARTESIAN_POINT('Origin',(7.508514097028,-10.15162052324,-4.9));
#3915=CARTESIAN_POINT('',(9.108514097028,-10.15162052324,-4.9));
#3916=CARTESIAN_POINT('Origin',(7.508514097028,-10.15162052324,-2.4));
#3917=CARTESIAN_POINT('',(8.508514097028,-10.15162052324,-2.4));
#3918=CARTESIAN_POINT('Origin',(-64.10462788925,-10.15162052324,-3.9));
#3919=CARTESIAN_POINT('',(-66.35462788925,-10.15162052324,-3.9));
#3920=CARTESIAN_POINT('Origin',(-28.2822606045205,27.2610210820425,-3.9));
#3921=CARTESIAN_POINT('',(-7.70749835663994,68.431480822933,-3.9));
#3922=CARTESIAN_POINT('Origin',(-7.7075158750331,63.1441706883409,-3.9));
#3923=CARTESIAN_POINT('',(-48.8123802463979,68.436281432534,-3.9));
#3924=CARTESIAN_POINT('',(-17.9924752060858,68.4326819979915,-3.9));
#3925=CARTESIAN_POINT('',(-54.09970789941,63.148971297943,-3.9));
#3926=CARTESIAN_POINT('Origin',(-48.81239776479,63.148971297943,-3.9));
#3927=CARTESIAN_POINT('',(-54.09970789941,45.2049961899927,-3.9));
#3928=CARTESIAN_POINT('',(-52.5624003048,64.661927863856,-3.9));
#3929=CARTESIAN_POINT('Origin',(-50.3124003048,64.661927863856,-3.9));
#3930=CARTESIAN_POINT('',(-8.432113284227,64.636527813056,-3.9));
#3931=CARTESIAN_POINT('Origin',(-6.182113284227,64.636527813056,-3.9));
#3932=CARTESIAN_POINT('Origin',(-50.3124003048,64.661927863856,-3.9));
#3933=CARTESIAN_POINT('',(-52.5624003048,64.661927863856,-3.9));
#3934=CARTESIAN_POINT('Origin',(7.508514097028,-10.15162052324,-3.9));
#3935=CARTESIAN_POINT('',(5.258514097028,-10.15162052324,-3.9));
#3936=CARTESIAN_POINT('Origin',(-6.182113284227,64.636527813056,-3.9));
#3937=CARTESIAN_POINT('',(-8.432113284227,64.636527813056,-3.9));
#3938=CARTESIAN_POINT('Origin',(-65.7830272821662,8.53007583111587,-0.450012700025));
#3939=CARTESIAN_POINT('',(-63.0324907776137,7.03105984150077,-0.450012700025));
#3940=CARTESIAN_POINT('',(-68.5324904255819,7.02909201274833,-0.450012700025));
#3941=CARTESIAN_POINT('Origin',(-65.7824906015978,7.03007592712748,-0.450012700025));
#3942=CARTESIAN_POINT('',(-63.0330274581821,8.53105974550787,-0.450012700025));
#3943=CARTESIAN_POINT('',(-63.0330274581821,8.53105974550787,-0.450012700025));
#3944=CARTESIAN_POINT('',(-68.5330271061503,8.52909191674098,-0.450012700025));
#3945=CARTESIAN_POINT('Origin',(-65.7830272821662,8.5300758311146,-0.450012700025));
#3946=CARTESIAN_POINT('',(-68.5330271061503,8.52909191674098,-0.450012700025));
#3947=CARTESIAN_POINT('Origin',(-68.5330271061503,8.52909191674098,3.2));
#3948=CARTESIAN_POINT('',(-68.5324904255818,7.02909201274833,3.2));
#3949=CARTESIAN_POINT('',(-68.5324904255819,7.02909201274833,1.6));
#3950=CARTESIAN_POINT('',(-68.5330271061503,8.52909191674098,3.2));
#3951=CARTESIAN_POINT('',(-68.5330271061503,8.52909191673965,1.6));
#3952=CARTESIAN_POINT('',(-68.5363755504516,17.887854699485,3.2));
#3953=CARTESIAN_POINT('Origin',(-63.0330274581821,8.53105974550787,-0.450012700025));
#3954=CARTESIAN_POINT('',(-63.0324907776137,7.03105984150077,-0.2250063500125));
#3955=CARTESIAN_POINT('',(-63.0330274581821,8.53105974549208,-0.2250063500125));
#3956=CARTESIAN_POINT('Origin',(-54.09970789941,7.03425587570297,0.));
#3957=CARTESIAN_POINT('',(-70.86654051308,7.0282569198091,3.2));
#3958=CARTESIAN_POINT('',(-54.09970789941,7.03425587570297,3.2));
#3959=CARTESIAN_POINT('',(-70.86654051308,7.0282569198091,0.));
#3960=CARTESIAN_POINT('',(-54.09970789941,7.03425587570297,0.));
#3961=CARTESIAN_POINT('Origin',(-28.2822606045205,27.2610210820425,3.2));
#3962=CARTESIAN_POINT('',(-70.86654051308,-8.626929133858,3.2));
#3963=CARTESIAN_POINT('Origin',(-65.579230378468,-8.626929133858,3.2));
#3964=CARTESIAN_POINT('',(-70.86654051308,7.0282569198091,3.2));
#3965=CARTESIAN_POINT('',(-70.8670771936489,8.52825682380042,3.2));
#3966=CARTESIAN_POINT('',(-55.5997078994099,8.53371929110845,3.2));
#3967=CARTESIAN_POINT('',(-72.36654051308,7.0282569198091,3.2));
#3968=CARTESIAN_POINT('Origin',(-70.86654051308,7.0282569198091,3.2));
#3969=CARTESIAN_POINT('',(-72.36654051308,-8.626929133858,3.2));
#3970=CARTESIAN_POINT('',(-72.36654051308,7.0282569198091,3.2));
#3971=CARTESIAN_POINT('',(-65.5792303784602,-15.41423926847,3.2));
#3972=CARTESIAN_POINT('Origin',(-65.579230378468,-8.626929133858,3.2));
#3973=CARTESIAN_POINT('',(-65.5792303784602,-15.41423926847,3.2));
#3974=CARTESIAN_POINT('Origin',(9.21278864160925,8.53573465838585,-0.450012700025));
#3975=CARTESIAN_POINT('',(11.9623575814497,7.03494465140228,-0.450012700025));
#3976=CARTESIAN_POINT('',(6.46235780843472,7.03652478917944,-0.450012700025));
#3977=CARTESIAN_POINT('Origin',(9.2123576949422,7.03573472029273,-0.450012700025));
#3978=CARTESIAN_POINT('',(11.9627885281167,8.53494458949286,-0.450012700025));
#3979=CARTESIAN_POINT('',(6.46278875510177,8.53652472727205,-0.450012700025));
#3980=CARTESIAN_POINT('Origin',(6.46278875510177,8.53652472727451,3.2));
#3981=CARTESIAN_POINT('',(6.46235780843472,7.03652478917944,1.6));
#3982=CARTESIAN_POINT('Origin',(11.9627885281167,8.53494458949286,-0.450012700025));
#3983=CARTESIAN_POINT('',(11.9623575814497,7.03494465140228,-0.2250063500125));
#3984=CARTESIAN_POINT('Origin',(14.302019304039,7.03427247176115,0.));
#3985=CARTESIAN_POINT('',(14.302019304039,7.03427247176115,0.));
#3986=CARTESIAN_POINT('Ctrl Pts',(-25.0651374234087,69.9335080185642,1.600050746268));
#3987=CARTESIAN_POINT('Ctrl Pts',(-25.0668892626167,54.9335081208622,1.600050746268));
#3988=CARTESIAN_POINT('Ctrl Pts',(-24.9214610506805,69.9334912387039,1.600050746268));
#3989=CARTESIAN_POINT('Ctrl Pts',(-24.9232128898885,54.9334913410019,1.600050746268));
#3990=CARTESIAN_POINT('Ctrl Pts',(-24.7778094417183,69.9334744617357,1.62318016908713));
#3991=CARTESIAN_POINT('Ctrl Pts',(-24.7795612809263,54.9334745640337,1.62318016908713));
#3992=CARTESIAN_POINT('Ctrl Pts',(-24.6413942721131,69.9334585299061,1.66827785895305));
#3993=CARTESIAN_POINT('Ctrl Pts',(-24.6431461113211,54.9334586322041,1.66827785895305));
#3994=CARTESIAN_POINT('Ctrl Pts',(-24.1066747449141,69.9333960803968,1.84505156727786));
#3995=CARTESIAN_POINT('Ctrl Pts',(-24.1084265841221,54.9333961826948,1.84505156727786));
#3996=CARTESIAN_POINT('Ctrl Pts',(-23.7151374584174,69.9333503530385,2.3868687658068));
#3997=CARTESIAN_POINT('Ctrl Pts',(-23.7168892976253,54.9333504553365,2.3868687658068));
#3998=CARTESIAN_POINT('Ctrl Pts',(-23.7151374584174,69.9333503530385,2.950050728991));
#3999=CARTESIAN_POINT('Ctrl Pts',(-23.7168892976253,54.9333504553365,2.950050728991));
#4000=CARTESIAN_POINT('',(-23.7153126423381,68.4333503640649,2.950050728991));
#4001=CARTESIAN_POINT('',(-25.0653126073294,68.4335080295911,1.600050746268));
#4002=CARTESIAN_POINT('Ctrl Pts',(-23.7153126423381,68.4333503640649,2.950050728991));
#4003=CARTESIAN_POINT('Ctrl Pts',(-23.7153126423381,68.4333503640649,2.3868687658068));
#4004=CARTESIAN_POINT('Ctrl Pts',(-24.1068499288348,68.4333960914232,1.84505156727786));
#4005=CARTESIAN_POINT('Ctrl Pts',(-24.6415694560338,68.4334585409325,1.66827785895305));
#4006=CARTESIAN_POINT('Ctrl Pts',(-24.777984625639,68.4334744727621,1.62318016908713));
#4007=CARTESIAN_POINT('Ctrl Pts',(-24.9216362346012,68.4334912497303,1.600050746268));
#4008=CARTESIAN_POINT('Ctrl Pts',(-25.0653126073294,68.4335080295906,1.600050746268));
#4009=CARTESIAN_POINT('',(-23.7151374584174,69.9333503530385,2.950050728991));
#4010=CARTESIAN_POINT('',(-25.0651374234087,69.9335080185642,1.600050746268));
#4011=CARTESIAN_POINT('Origin',(-31.5051372465588,69.9342601415131,1.60005074626776));
#4012=CARTESIAN_POINT('',(-31.5053124304795,68.4342601525446,1.600050746268));
#4013=CARTESIAN_POINT('',(-19.60640539356,68.4328704877388,1.6000507462682));
#4014=CARTESIAN_POINT('',(-31.5051372465588,69.9342601415131,1.600050746268));
#4015=CARTESIAN_POINT('Ctrl Pts',(-32.8551372115502,69.9344178070388,2.950050728991));
#4016=CARTESIAN_POINT('Ctrl Pts',(-32.8568890507581,54.9344179093368,2.950050728991));
#4017=CARTESIAN_POINT('Ctrl Pts',(-32.8551372115502,69.9344178070388,2.8063743545208));
#4018=CARTESIAN_POINT('Ctrl Pts',(-32.8568890507581,54.9344179093368,2.8063743545208));
#4019=CARTESIAN_POINT('Ctrl Pts',(-32.8320077890848,69.9344151057702,2.66272274381552));
#4020=CARTESIAN_POINT('Ctrl Pts',(-32.8337596282927,54.9344152080682,2.66272274381552));
#4021=CARTESIAN_POINT('Ctrl Pts',(-32.7869100998888,69.9344098388434,2.52630757251566));
#4022=CARTESIAN_POINT('Ctrl Pts',(-32.7886619390968,54.9344099411415,2.52630757251566));
#4023=CARTESIAN_POINT('Ctrl Pts',(-32.6101363941903,69.9343891935694,1.99158803867396));
#4024=CARTESIAN_POINT('Ctrl Pts',(-32.6118882333983,54.9343892958674,1.99158803867396));
#4025=CARTESIAN_POINT('Ctrl Pts',(-32.0683192029149,69.934325915129,1.600050746268));
#4026=CARTESIAN_POINT('Ctrl Pts',(-32.0700710421229,54.934326017427,1.600050746268));
#4027=CARTESIAN_POINT('Ctrl Pts',(-31.5051372465588,69.9342601415131,1.600050746268));
#4028=CARTESIAN_POINT('Ctrl Pts',(-31.5068890857668,54.9342602438111,1.600050746268));
#4029=CARTESIAN_POINT('',(-32.8553123954709,68.4344178180708,2.950050728991));
#4030=CARTESIAN_POINT('Ctrl Pts',(-31.5053124304795,68.4342601525446,1.600050746268));
#4031=CARTESIAN_POINT('Ctrl Pts',(-32.0684943868356,68.4343259261605,1.600050746268));
#4032=CARTESIAN_POINT('Ctrl Pts',(-32.610311578111,68.4343892046009,1.99158803867396));
#4033=CARTESIAN_POINT('Ctrl Pts',(-32.7870852838095,68.4344098498749,2.52630757251566));
#4034=CARTESIAN_POINT('Ctrl Pts',(-32.8321829730055,68.4344151168016,2.66272274381552));
#4035=CARTESIAN_POINT('Ctrl Pts',(-32.8553123954709,68.4344178180703,2.8063743545208));
#4036=CARTESIAN_POINT('Ctrl Pts',(-32.8553123954709,68.4344178180703,2.950050728991));
#4037=CARTESIAN_POINT('',(-32.8551372115502,69.9344178070388,2.950050728991));
#4038=CARTESIAN_POINT('Origin',(-32.8551372115502,69.9344178070383,3.610050719869));
#4039=CARTESIAN_POINT('',(-32.8553123954709,68.4344178180708,1.80502535993467));
#4040=CARTESIAN_POINT('Origin',(-23.7151374584174,69.9333503530389,2.950050728991));
#4041=CARTESIAN_POINT('',(-23.7153126423381,68.4333503640649,3.2));
#4042=CARTESIAN_POINT('',(-23.7153126423381,68.4333503640649,1.47502536449555));
#4043=CARTESIAN_POINT('',(-23.7176293248646,48.596919313049,3.2));
#4044=CARTESIAN_POINT('Origin',(-7.70749835663994,68.431480822933,0.));
#4045=CARTESIAN_POINT('',(-48.8123802463979,68.436281432534,0.));
#4046=CARTESIAN_POINT('',(-7.70749835663994,68.431480822933,0.));
#4047=CARTESIAN_POINT('',(-7.70749835663994,68.431480822933,3.2));
#4048=CARTESIAN_POINT('Origin',(-0.920205740411518,59.1341805328491,1.33005081271706));
#4049=CARTESIAN_POINT('',(-0.920205740411518,43.4027741357491,1.33005081271706));
#4050=CARTESIAN_POINT('Origin',(-0.920205740411518,43.4027741357491,1.33005081271706));
#4051=CARTESIAN_POINT('',(-14.601233172466,43.4027741357491,3.2));
#4052=CARTESIAN_POINT('Origin',(-28.2822606045205,27.2610210820425,3.2));
#4053=CARTESIAN_POINT('Origin',(-28.2822606045205,27.2610210820425,3.2));
#4054=CARTESIAN_POINT('Origin',(-48.81239776479,63.148971297943,0.));
#4055=CARTESIAN_POINT('',(-54.09970789941,63.148971297943,0.));
#4056=CARTESIAN_POINT('Origin',(-7.7075158750331,63.1441706883409,0.));
#4057=CARTESIAN_POINT('Origin',(14.302019304039,-8.62692913385803,0.));
#4058=CARTESIAN_POINT('',(14.302019304039,-8.62692913385803,0.));
#4059=CARTESIAN_POINT('Origin',(9.01470916941854,-8.62692913385754,0.));
#4060=CARTESIAN_POINT('Origin',(-65.579230378468,-8.626929133858,0.));
#4061=CARTESIAN_POINT('',(-70.86654051308,-8.626929133858,0.));
#4062=CARTESIAN_POINT('Origin',(-70.86654051308,7.0282569198091,0.));
#4063=CARTESIAN_POINT('Origin',(-54.09970789941,63.148971297943,0.));
#4064=CARTESIAN_POINT('Origin',(-70.8670771936489,8.52825682380042,0.));
#4065=CARTESIAN_POINT('',(-70.8670771936489,8.52825682380042,0.));
#4066=CARTESIAN_POINT('Origin',(-70.86654051308,7.0282569198091,0.));
#4067=CARTESIAN_POINT('',(-72.36654051308,7.0282569198091,0.));
#4068=CARTESIAN_POINT('Origin',(-72.36654051308,-8.626929133858,0.));
#4069=CARTESIAN_POINT('',(-72.36654051308,-8.626929133858,0.));
#4070=CARTESIAN_POINT('Origin',(-65.579230378468,-8.626929133858,0.));
#4071=CARTESIAN_POINT('',(-65.5792303784602,-15.41423926847,0.));
#4072=CARTESIAN_POINT('Origin',(9.01470916941781,-15.414239268478,0.));
#4073=CARTESIAN_POINT('',(9.01470916941781,-15.414239268478,0.));
#4074=CARTESIAN_POINT('Origin',(9.01470916941854,-8.62692913385754,0.));
#4075=CARTESIAN_POINT('',(15.802019304039,-8.626929133858,0.));
#4076=CARTESIAN_POINT('Origin',(15.802019304039,7.03427247176115,0.));
#4077=CARTESIAN_POINT('',(0.,0.,0.));
#4078=UNCERTAINTY_MEASURE_WITH_UNIT(LENGTH_MEASURE(0.01),#4084,
'DISTANCE_ACCURACY_VALUE',
'Maximum model space distance between geometric entities at asserted c
onnectivities');
#4079=UNCERTAINTY_MEASURE_WITH_UNIT(LENGTH_MEASURE(0.01),#4084,
'DISTANCE_ACCURACY_VALUE',
'Maximum model space distance between geometric entities at asserted c
onnectivities');
#4080=UNCERTAINTY_MEASURE_WITH_UNIT(LENGTH_MEASURE(0.01),#4084,
'DISTANCE_ACCURACY_VALUE',
'Maximum model space distance between geometric entities at asserted c
onnectivities');
#4081=(
GEOMETRIC_REPRESENTATION_CONTEXT(3)
GLOBAL_UNCERTAINTY_ASSIGNED_CONTEXT((#4078))
GLOBAL_UNIT_ASSIGNED_CONTEXT((#4084,#4086,#4087))
REPRESENTATION_CONTEXT('','3D')
);
#4082=(
GEOMETRIC_REPRESENTATION_CONTEXT(3)
GLOBAL_UNCERTAINTY_ASSIGNED_CONTEXT((#4079))
GLOBAL_UNIT_ASSIGNED_CONTEXT((#4084,#4086,#4087))
REPRESENTATION_CONTEXT('','3D')
);
#4083=(
GEOMETRIC_REPRESENTATION_CONTEXT(3)
GLOBAL_UNCERTAINTY_ASSIGNED_CONTEXT((#4080))
GLOBAL_UNIT_ASSIGNED_CONTEXT((#4084,#4086,#4087))
REPRESENTATION_CONTEXT('','3D')
);
#4084=(
LENGTH_UNIT()
NAMED_UNIT(*)
SI_UNIT(.MILLI.,.METRE.)
);
#4085=(
LENGTH_UNIT()
NAMED_UNIT(*)
SI_UNIT($,.METRE.)
);
#4086=(
NAMED_UNIT(*)
PLANE_ANGLE_UNIT()
SI_UNIT($,.RADIAN.)
);
#4087=(
NAMED_UNIT(*)
SI_UNIT($,.STERADIAN.)
SOLID_ANGLE_UNIT()
);
#4088=SHAPE_DEFINITION_REPRESENTATION(#4090,#4093);
#4089=SHAPE_DEFINITION_REPRESENTATION(#4091,#4094);
#4090=PRODUCT_DEFINITION_SHAPE('',$,#4096);
#4091=PRODUCT_DEFINITION_SHAPE('',$,#4097);
#4092=PRODUCT_DEFINITION_SHAPE($,$,#14);
#4093=SHAPE_REPRESENTATION('',(#2394,#2608),#4081);
#4094=SHAPE_REPRESENTATION('',(#2395),#4082);
#4095=PRODUCT_DEFINITION_CONTEXT('part definition',#4103,'design');
#4096=PRODUCT_DEFINITION('hWa2-PCBModel','\X2\63A0593A800553CC98917387\X0\ 
v14',#4098,#4095);
#4097=PRODUCT_DEFINITION('\X2\987658F3\X0\','\X2\987658F3\X0\',#4099,#4095);
#4098=PRODUCT_DEFINITION_FORMATION('',$,#4105);
#4099=PRODUCT_DEFINITION_FORMATION('',$,#4106);
#4100=PRODUCT_RELATED_PRODUCT_CATEGORY('\X2\63A0593A800553CC98917387\X0\ 
v14','\X2\63A0593A800553CC98917387\X0\ v14',(#4105));
#4101=PRODUCT_RELATED_PRODUCT_CATEGORY('\X2\987658F3\X0\','\X2\987658F3\X0\',
(#4106));
#4102=APPLICATION_PROTOCOL_DEFINITION('international standard',
'automotive_design',2009,#4103);
#4103=APPLICATION_CONTEXT(
'Core Data for Automotive Mechanical Design Process');
#4104=PRODUCT_CONTEXT('part definition',#4103,'mechanical');
#4105=PRODUCT('hWa2-PCBModel','\X2\63A0593A800553CC98917387\X0\ v14',
'Designed by EasyEDA Pro',(#4104));
#4106=PRODUCT('\X2\987658F3\X0\','\X2\987658F3\X0\',$,(#4104));
#4107=PRESENTATION_STYLE_ASSIGNMENT((#4108));
#4108=SURFACE_STYLE_USAGE(.BOTH.,#4109);
#4109=SURFACE_SIDE_STYLE('',(#4110));
#4110=SURFACE_STYLE_FILL_AREA(#4111);
#4111=FILL_AREA_STYLE('\X2\94A2\X0\ - \X2\7F0E5149\X0\',(#4112));
#4112=FILL_AREA_STYLE_COLOUR('\X2\94A2\X0\ - \X2\7F0E5149\X0\',#4113);
#4113=COLOUR_RGB('\X2\94A2\X0\ - \X2\7F0E5149\X0\',0.627450980392157,0.627450980392157,
0.627450980392157);
ENDSEC;
END-ISO-10303-21;
